-- Passwords are hashed using BCrypt algorithm https://bcrypt-generator.com/
-- Passwords for all users are:
--
-- Scripts combined generate database for cloud-service-provider
-- It generates:
--	- 5 super admins
--	- 25 admins
--	- 50 users
--	- 5 organizations
--		- 5 admins per organization
--		- 10 users per organization
--
--------------------------------------------------------------------------------------------------------------------------------------------------------------------------------------------------------
--------------------------------------------------------------------------------------- inserting organizations ----------------------------------------------------------------------------------------
insert into organizations(id, name, description, logo, archived) values (1, 'Cooler', 'Hic facilis sint.Tenetur quia aut minus tempora est molestias a.Unde sint unde ipsa sint quasi facere.Asperiores laudantium dolor molestiae rerum voluptatem illum.Et minus quis est.Cum possimus neque ut et non atque molestiae.Dolore commodi sequi.Consequatur eos sint sit eos.Rerum atque eum accusantium iure velit voluptas.Natus molestiae et.Id soluta aut eos unde.Odit porro accusamus officiis quae ipsam quod et.Iste et deserunt.Consectetur dicta ea ex dicta sed veniam odio.Quidem voluptatum quis minima ab numquam laboriosam.Sed eum necessitatibus voluptas.Inventore voluptatem voluptatem quia ea cupiditate.Rem consectetur reiciendis quis inventore quos voluptas.Similique necessitatibus iusto accusantium.Sapiente aspernatur magnam dolores molestiae.Ea sunt adipisci nobis voluptatem maxime quia voluptatem.Delectus dolorem autem saepe ducimus quos.Quasi illum ut.Nobis culpa ratione dolor qui.Totam magnam sit sit dolores amet at reprehenderit.Rerum doloremque doloremque in ut at consequatur', 'D:\ARad\cloud-service-provider\cloud-api\cloud\.\images\organization\organization 1.jpg', false);
insert into organizations(id, name, description, logo, archived) values (2, 'Bulma', 'Quas et ex quas.Quis dolor ipsam.Hic repellendus illum molestiae aut rerum porro enim.Quia quia architecto voluptatem explicabo modi.Eum explicabo tempore.Nobis neque sequi ad voluptatem sequi.Beatae qui porro est explicabo.Vel atque eius quia distinctio necessitatibus.Sequi id voluptas similique.Illo inventore ut.Ipsam quia autem error et distinctio sed.Corporis voluptas et ipsam et.Ut labore quia.Aut vero facere.Molestiae consequatur inventore.Provident sunt amet ut amet magni cupiditate ipsa.Ut autem facilis nostrum fuga expedita assumenda.Pariatur eum ipsum aut magni suscipit earum non.Animi est nihil dolor soluta et provident magni.Hic in fugiat.Omnis quia earum provident.Sed et provident rem.Tenetur fuga aut quia id adipisci.Occaecati dignissimos sed at maxime asperiores reiciendis.Quaerat quisquam aut commodi iste.Dolor totam perferendis numquam quod accusamus.Ut odio molestias numquam vitae blanditiis ut est.Omnis et non consectetur.Consequatur pariatur vel placeat officia et a', 'D:\ARad\cloud-service-provider\cloud-api\cloud\.\images\organization\organization 2.jpg', false);
insert into organizations(id, name, description, logo, archived) values (3, 'Super Saiyan Goku', 'Et et asperiores eligendi expedita architecto.Aut ad neque laborum ut et.Iusto reiciendis vel dolor repellat ipsam nulla non.Voluptatem aut dolor aut officiis deserunt qui omnis.Nemo aut nemo repellat et reiciendis.In laborum ab quibusdam et quia maxime tempora.Minus iste provident alias harum.Adipisci debitis fugiat quis.Alias dolor et.Aut ipsam voluptatem placeat.Eius et quos quis.Dolor temporibus ut maxime magnam voluptate adipisci ipsa.Beatae sapiente soluta.Sed et corrupti delectus cupiditate odit quia quibusdam.Cum vero aliquam.Nulla est ea eius.Et consequatur assumenda et sed.Hic voluptate pariatur.Voluptate nobis molestias labore quidem rem magnam.Rerum quo eum sequi aut quidem id.Dolores autem atque labore quisquam nesciunt.Porro occaecati amet.Ipsum quaerat vel sint.Odit non nisi.Qui dolores est qui consequatur.Labore maxime illum perferendis vel perspiciatis aut.Harum quia quas aut qui perferendis corrupti.Recusandae repellendus voluptas.Officiis et consequuntur quos dolorib', 'D:\ARad\cloud-service-provider\cloud-api\cloud\.\images\organization\organization 3.jpg', false);
insert into organizations(id, name, description, logo, archived) values (4, 'Ryan Shenlong', 'Deserunt qui pariatur harum enim.Facilis consequuntur animi eos sed ad est praesentium.Mollitia sequi voluptates.Hic veritatis tempora.Molestiae quam aliquid veritatis.Amet dicta repellat est debitis inventore.Dignissimos amet quia nulla nihil eius omnis.Vel nihil voluptas commodi hic at et sed.Laboriosam totam dolor.Natus excepturi occaecati iste animi omnis facere architecto.Soluta doloribus officiis repudiandae et perferendis doloribus nisi.Tempora dolorum dolorem velit.Tenetur veritatis sint.Dolorum voluptatem dolorem.Occaecati sint sit saepe ad doloribus natus.At deserunt perferendis in quod rerum reiciendis.Voluptatem delectus qui eos architecto.Velit accusantium aut corrupti porro qui optio error.Neque adipisci nisi error voluptates natus et molestiae.Repellendus consequatur deserunt voluptatem aut distinctio labore atque.Quibusdam sed non sit similique illum nostrum.Omnis neque aliquid.Sed accusamus illum repellendus et.Unde nesciunt saepe culpa magni et mollitia.Corporis minim', 'D:\ARad\cloud-service-provider\cloud-api\cloud\.\images\organization\organization 4.jpg', false);
insert into organizations(id, name, description, logo, archived) values (5, 'Mystic Gohan', 'Ut in quod dolor quasi beatae eius.Id eveniet quidem autem voluptatem at repellat.Praesentium facilis sed qui quis voluptatem porro consequatur.Eum incidunt eligendi autem.Recusandae quam velit hic dolor.Aut facere sed ipsa eos in.Exercitationem quae amet vel.Impedit velit doloribus dolores ut cupiditate ipsum rerum.Ut quisquam possimus.Sit neque ut.Est quisquam perferendis nostrum.Qui consequatur impedit placeat dolorem et voluptas.Dolore tempora perferendis.Voluptatem ullam ea et.Facere qui sit.Nemo dolores porro est soluta id voluptatem alias.Consequatur iusto aperiam.In laborum dolores quibusdam id labore explicabo minus.Est quis incidunt non id numquam.Consequatur omnis autem quia delectus.Aliquid voluptas eos aperiam velit dolor modi.Voluptatem nihil quidem enim.Reprehenderit et aspernatur non.Consequatur facere veniam voluptatibus non ut maxime aut.Temporibus esse repudiandae ipsa iusto dolorem est fugit.Eum cum laboriosam.Odio quibusdam reiciendis eveniet ipsam.Dolor placeat ad', 'D:\ARad\cloud-service-provider\cloud-api\cloud\.\images\organization\organization 5.jpg', false);
--------------------------------------------------------------------------------------------------------------------------------------------------------------------------------------------------------
--------------------------------------------------------------------------------------------------------------------------------------------------------------------------------------------------------

--------------------------------------------------------------------------------------------------------------------------------------------------------------------------------------------------------
------------------------------------------------------------------------------------- Altering organization_id_seq -------------------------------------------------------------------------------------
alter sequence organization_id_seq restart with 6;
--------------------------------------------------------------------------------------------------------------------------------------------------------------------------------------------------------
--------------------------------------------------------------------------------------------------------------------------------------------------------------------------------------------------------

--------------------------------------------------------------------------------------------------------------------------------------------------------------------------------------------------------
------------------------------------------------------------------------------------------- inserting roles --------------------------------------------------------------------------------------------
insert into roles (id, name) values (1, 'ROLE_SUPER_ADMIN');
insert into roles (id, name) values (2, 'ROLE_ADMIN');
insert into roles (id, name) values (3, 'ROLE_USER');
--------------------------------------------------------------------------------------------------------------------------------------------------------------------------------------------------------
--------------------------------------------------------------------------------------------------------------------------------------------------------------------------------------------------------

--------------------------------------------------------------------------------------------------------------------------------------------------------------------------------------------------------
----------------------------------------------------------------------------------------- Altering role_id_seq -----------------------------------------------------------------------------------------
alter sequence role_id_seq restart with 4;
--------------------------------------------------------------------------------------------------------------------------------------------------------------------------------------------------------
--------------------------------------------------------------------------------------------------------------------------------------------------------------------------------------------------------

--------------------------------------------------------------------------------------------------------------------------------------------------------------------------------------------------------
------------------------------------------------------------------------------------------- inserting users --------------------------------------------------------------------------------------------
insert into users(id, name, surname, email, username, password, archived, role_id, organization_id) values (1, 'Bud', 'DuBuque', 'superadmin1@gmail.com', 'superadmin1', '$2a$10$JCYrt8QGHg4suBXWiRgjKu93h5DCq3yFDXMDsTY/Itkgeu3h3pCE6', false, 1, null);
insert into users(id, name, surname, email, username, password, archived, role_id, organization_id) values (2, 'Gerry', 'Schumm', 'superadmin2@gmail.com', 'superadmin2', '$2a$10$JCYrt8QGHg4suBXWiRgjKu93h5DCq3yFDXMDsTY/Itkgeu3h3pCE6', false, 1, null);
insert into users(id, name, surname, email, username, password, archived, role_id, organization_id) values (3, 'Joey', 'Dicki', 'superadmin3@gmail.com', 'superadmin3', '$2a$10$JCYrt8QGHg4suBXWiRgjKu93h5DCq3yFDXMDsTY/Itkgeu3h3pCE6', false, 1, null);
insert into users(id, name, surname, email, username, password, archived, role_id, organization_id) values (4, 'Lon', 'Gutmann', 'superadmin4@gmail.com', 'superadmin4', '$2a$10$JCYrt8QGHg4suBXWiRgjKu93h5DCq3yFDXMDsTY/Itkgeu3h3pCE6', false, 1, null);
insert into users(id, name, surname, email, username, password, archived, role_id, organization_id) values (5, 'Ethan', 'Schaefer', 'superadmin5@gmail.com', 'superadmin5', '$2a$10$JCYrt8QGHg4suBXWiRgjKu93h5DCq3yFDXMDsTY/Itkgeu3h3pCE6', false, 1, null);
insert into users(id, name, surname, email, username, password, archived, role_id, organization_id) values (6, 'Ward', 'Simonis', 'admin1@gmail.com', 'admin1', '$2a$10$JCYrt8QGHg4suBXWiRgjKu93h5DCq3yFDXMDsTY/Itkgeu3h3pCE6', false, 2, 1);
insert into users(id, name, surname, email, username, password, archived, role_id, organization_id) values (7, 'Guy', 'O''Keefe', 'admin2@gmail.com', 'admin2', '$2a$10$JCYrt8QGHg4suBXWiRgjKu93h5DCq3yFDXMDsTY/Itkgeu3h3pCE6', false, 2, 1);
insert into users(id, name, surname, email, username, password, archived, role_id, organization_id) values (8, 'Carey', 'Nicolas', 'admin3@gmail.com', 'admin3', '$2a$10$JCYrt8QGHg4suBXWiRgjKu93h5DCq3yFDXMDsTY/Itkgeu3h3pCE6', false, 2, 1);
insert into users(id, name, surname, email, username, password, archived, role_id, organization_id) values (9, 'Florance', 'Walsh', 'admin4@gmail.com', 'admin4', '$2a$10$JCYrt8QGHg4suBXWiRgjKu93h5DCq3yFDXMDsTY/Itkgeu3h3pCE6', false, 2, 1);
insert into users(id, name, surname, email, username, password, archived, role_id, organization_id) values (10, 'Justin', 'Wiegand', 'admin5@gmail.com', 'admin5', '$2a$10$JCYrt8QGHg4suBXWiRgjKu93h5DCq3yFDXMDsTY/Itkgeu3h3pCE6', false, 2, 1);
insert into users(id, name, surname, email, username, password, archived, role_id, organization_id) values (11, 'Pearline', 'Rice', 'admin6@gmail.com', 'admin6', '$2a$10$JCYrt8QGHg4suBXWiRgjKu93h5DCq3yFDXMDsTY/Itkgeu3h3pCE6', false, 2, 2);
insert into users(id, name, surname, email, username, password, archived, role_id, organization_id) values (12, 'Sheba', 'Ernser', 'admin7@gmail.com', 'admin7', '$2a$10$JCYrt8QGHg4suBXWiRgjKu93h5DCq3yFDXMDsTY/Itkgeu3h3pCE6', false, 2, 2);
insert into users(id, name, surname, email, username, password, archived, role_id, organization_id) values (13, 'Irving', 'Daugherty', 'admin8@gmail.com', 'admin8', '$2a$10$JCYrt8QGHg4suBXWiRgjKu93h5DCq3yFDXMDsTY/Itkgeu3h3pCE6', false, 2, 2);
insert into users(id, name, surname, email, username, password, archived, role_id, organization_id) values (14, 'Daren', 'Feeney', 'admin9@gmail.com', 'admin9', '$2a$10$JCYrt8QGHg4suBXWiRgjKu93h5DCq3yFDXMDsTY/Itkgeu3h3pCE6', false, 2, 2);
insert into users(id, name, surname, email, username, password, archived, role_id, organization_id) values (15, 'Skye', 'Paucek', 'admin10@gmail.com', 'admin10', '$2a$10$JCYrt8QGHg4suBXWiRgjKu93h5DCq3yFDXMDsTY/Itkgeu3h3pCE6', false, 2, 2);
insert into users(id, name, surname, email, username, password, archived, role_id, organization_id) values (16, 'Roberto', 'Lynch', 'admin11@gmail.com', 'admin11', '$2a$10$JCYrt8QGHg4suBXWiRgjKu93h5DCq3yFDXMDsTY/Itkgeu3h3pCE6', false, 2, 3);
insert into users(id, name, surname, email, username, password, archived, role_id, organization_id) values (17, 'Andrew', 'Daniel', 'admin12@gmail.com', 'admin12', '$2a$10$JCYrt8QGHg4suBXWiRgjKu93h5DCq3yFDXMDsTY/Itkgeu3h3pCE6', false, 2, 3);
insert into users(id, name, surname, email, username, password, archived, role_id, organization_id) values (18, 'Angelika', 'Gaylord', 'admin13@gmail.com', 'admin13', '$2a$10$JCYrt8QGHg4suBXWiRgjKu93h5DCq3yFDXMDsTY/Itkgeu3h3pCE6', false, 2, 3);
insert into users(id, name, surname, email, username, password, archived, role_id, organization_id) values (19, 'Kati', 'Ullrich', 'admin14@gmail.com', 'admin14', '$2a$10$JCYrt8QGHg4suBXWiRgjKu93h5DCq3yFDXMDsTY/Itkgeu3h3pCE6', false, 2, 3);
insert into users(id, name, surname, email, username, password, archived, role_id, organization_id) values (20, 'Doretta', 'Grant', 'admin15@gmail.com', 'admin15', '$2a$10$JCYrt8QGHg4suBXWiRgjKu93h5DCq3yFDXMDsTY/Itkgeu3h3pCE6', false, 2, 3);
insert into users(id, name, surname, email, username, password, archived, role_id, organization_id) values (21, 'Teodoro', 'Gibson', 'admin16@gmail.com', 'admin16', '$2a$10$JCYrt8QGHg4suBXWiRgjKu93h5DCq3yFDXMDsTY/Itkgeu3h3pCE6', false, 2, 4);
insert into users(id, name, surname, email, username, password, archived, role_id, organization_id) values (22, 'Yolonda', 'Jones', 'admin17@gmail.com', 'admin17', '$2a$10$JCYrt8QGHg4suBXWiRgjKu93h5DCq3yFDXMDsTY/Itkgeu3h3pCE6', false, 2, 4);
insert into users(id, name, surname, email, username, password, archived, role_id, organization_id) values (23, 'Lajuana', 'Kilback', 'admin18@gmail.com', 'admin18', '$2a$10$JCYrt8QGHg4suBXWiRgjKu93h5DCq3yFDXMDsTY/Itkgeu3h3pCE6', false, 2, 4);
insert into users(id, name, surname, email, username, password, archived, role_id, organization_id) values (24, 'Terry', 'Franecki', 'admin19@gmail.com', 'admin19', '$2a$10$JCYrt8QGHg4suBXWiRgjKu93h5DCq3yFDXMDsTY/Itkgeu3h3pCE6', false, 2, 4);
insert into users(id, name, surname, email, username, password, archived, role_id, organization_id) values (25, 'Dwayne', 'Keeling', 'admin20@gmail.com', 'admin20', '$2a$10$JCYrt8QGHg4suBXWiRgjKu93h5DCq3yFDXMDsTY/Itkgeu3h3pCE6', false, 2, 4);
insert into users(id, name, surname, email, username, password, archived, role_id, organization_id) values (26, 'Warren', 'Hegmann', 'admin21@gmail.com', 'admin21', '$2a$10$JCYrt8QGHg4suBXWiRgjKu93h5DCq3yFDXMDsTY/Itkgeu3h3pCE6', false, 2, 5);
insert into users(id, name, surname, email, username, password, archived, role_id, organization_id) values (27, 'Adria', 'Hirthe', 'admin22@gmail.com', 'admin22', '$2a$10$JCYrt8QGHg4suBXWiRgjKu93h5DCq3yFDXMDsTY/Itkgeu3h3pCE6', false, 2, 5);
insert into users(id, name, surname, email, username, password, archived, role_id, organization_id) values (28, 'Monty', 'Reichert', 'admin23@gmail.com', 'admin23', '$2a$10$JCYrt8QGHg4suBXWiRgjKu93h5DCq3yFDXMDsTY/Itkgeu3h3pCE6', false, 2, 5);
insert into users(id, name, surname, email, username, password, archived, role_id, organization_id) values (29, 'Graig', 'Hansen', 'admin24@gmail.com', 'admin24', '$2a$10$JCYrt8QGHg4suBXWiRgjKu93h5DCq3yFDXMDsTY/Itkgeu3h3pCE6', false, 2, 5);
insert into users(id, name, surname, email, username, password, archived, role_id, organization_id) values (30, 'Long', 'Reinger', 'admin25@gmail.com', 'admin25', '$2a$10$JCYrt8QGHg4suBXWiRgjKu93h5DCq3yFDXMDsTY/Itkgeu3h3pCE6', false, 2, 5);
insert into users(id, name, surname, email, username, password, archived, role_id, organization_id) values (31, 'Dakota', 'Lueilwitz', 'user1@gmail.com', 'user1', '$2a$10$JCYrt8QGHg4suBXWiRgjKu93h5DCq3yFDXMDsTY/Itkgeu3h3pCE6', false, 3, 1);
insert into users(id, name, surname, email, username, password, archived, role_id, organization_id) values (32, 'Rashad', 'Lakin', 'user2@gmail.com', 'user2', '$2a$10$JCYrt8QGHg4suBXWiRgjKu93h5DCq3yFDXMDsTY/Itkgeu3h3pCE6', false, 3, 1);
insert into users(id, name, surname, email, username, password, archived, role_id, organization_id) values (33, 'Florentino', 'Kulas', 'user3@gmail.com', 'user3', '$2a$10$JCYrt8QGHg4suBXWiRgjKu93h5DCq3yFDXMDsTY/Itkgeu3h3pCE6', false, 3, 1);
insert into users(id, name, surname, email, username, password, archived, role_id, organization_id) values (34, 'Donette', 'Bogisich', 'user4@gmail.com', 'user4', '$2a$10$JCYrt8QGHg4suBXWiRgjKu93h5DCq3yFDXMDsTY/Itkgeu3h3pCE6', false, 3, 1);
insert into users(id, name, surname, email, username, password, archived, role_id, organization_id) values (35, 'Argentina', 'Feeney', 'user5@gmail.com', 'user5', '$2a$10$JCYrt8QGHg4suBXWiRgjKu93h5DCq3yFDXMDsTY/Itkgeu3h3pCE6', false, 3, 1);
insert into users(id, name, surname, email, username, password, archived, role_id, organization_id) values (36, 'Hans', 'Mayert', 'user6@gmail.com', 'user6', '$2a$10$JCYrt8QGHg4suBXWiRgjKu93h5DCq3yFDXMDsTY/Itkgeu3h3pCE6', false, 3, 1);
insert into users(id, name, surname, email, username, password, archived, role_id, organization_id) values (37, 'Letty', 'Schaefer', 'user7@gmail.com', 'user7', '$2a$10$JCYrt8QGHg4suBXWiRgjKu93h5DCq3yFDXMDsTY/Itkgeu3h3pCE6', false, 3, 1);
insert into users(id, name, surname, email, username, password, archived, role_id, organization_id) values (38, 'Herman', 'Glover', 'user8@gmail.com', 'user8', '$2a$10$JCYrt8QGHg4suBXWiRgjKu93h5DCq3yFDXMDsTY/Itkgeu3h3pCE6', false, 3, 1);
insert into users(id, name, surname, email, username, password, archived, role_id, organization_id) values (39, 'Lawana', 'Dooley', 'user9@gmail.com', 'user9', '$2a$10$JCYrt8QGHg4suBXWiRgjKu93h5DCq3yFDXMDsTY/Itkgeu3h3pCE6', false, 3, 1);
insert into users(id, name, surname, email, username, password, archived, role_id, organization_id) values (40, 'Erwin', 'Bashirian', 'user10@gmail.com', 'user10', '$2a$10$JCYrt8QGHg4suBXWiRgjKu93h5DCq3yFDXMDsTY/Itkgeu3h3pCE6', false, 3, 1);
insert into users(id, name, surname, email, username, password, archived, role_id, organization_id) values (41, 'Jayne', 'Nicolas', 'user11@gmail.com', 'user11', '$2a$10$JCYrt8QGHg4suBXWiRgjKu93h5DCq3yFDXMDsTY/Itkgeu3h3pCE6', false, 3, 2);
insert into users(id, name, surname, email, username, password, archived, role_id, organization_id) values (42, 'Rickie', 'Gislason', 'user12@gmail.com', 'user12', '$2a$10$JCYrt8QGHg4suBXWiRgjKu93h5DCq3yFDXMDsTY/Itkgeu3h3pCE6', false, 3, 2);
insert into users(id, name, surname, email, username, password, archived, role_id, organization_id) values (43, 'Jamey', 'Luettgen', 'user13@gmail.com', 'user13', '$2a$10$JCYrt8QGHg4suBXWiRgjKu93h5DCq3yFDXMDsTY/Itkgeu3h3pCE6', false, 3, 2);
insert into users(id, name, surname, email, username, password, archived, role_id, organization_id) values (44, 'Jacob', 'Hessel', 'user14@gmail.com', 'user14', '$2a$10$JCYrt8QGHg4suBXWiRgjKu93h5DCq3yFDXMDsTY/Itkgeu3h3pCE6', false, 3, 2);
insert into users(id, name, surname, email, username, password, archived, role_id, organization_id) values (45, 'Austin', 'Fay', 'user15@gmail.com', 'user15', '$2a$10$JCYrt8QGHg4suBXWiRgjKu93h5DCq3yFDXMDsTY/Itkgeu3h3pCE6', false, 3, 2);
insert into users(id, name, surname, email, username, password, archived, role_id, organization_id) values (46, 'Deedra', 'Towne', 'user16@gmail.com', 'user16', '$2a$10$JCYrt8QGHg4suBXWiRgjKu93h5DCq3yFDXMDsTY/Itkgeu3h3pCE6', false, 3, 2);
insert into users(id, name, surname, email, username, password, archived, role_id, organization_id) values (47, 'Deon', 'Kulas', 'user17@gmail.com', 'user17', '$2a$10$JCYrt8QGHg4suBXWiRgjKu93h5DCq3yFDXMDsTY/Itkgeu3h3pCE6', false, 3, 2);
insert into users(id, name, surname, email, username, password, archived, role_id, organization_id) values (48, 'Carroll', 'Stracke', 'user18@gmail.com', 'user18', '$2a$10$JCYrt8QGHg4suBXWiRgjKu93h5DCq3yFDXMDsTY/Itkgeu3h3pCE6', false, 3, 2);
insert into users(id, name, surname, email, username, password, archived, role_id, organization_id) values (49, 'Manie', 'Wisoky', 'user19@gmail.com', 'user19', '$2a$10$JCYrt8QGHg4suBXWiRgjKu93h5DCq3yFDXMDsTY/Itkgeu3h3pCE6', false, 3, 2);
insert into users(id, name, surname, email, username, password, archived, role_id, organization_id) values (50, 'Russel', 'Grant', 'user20@gmail.com', 'user20', '$2a$10$JCYrt8QGHg4suBXWiRgjKu93h5DCq3yFDXMDsTY/Itkgeu3h3pCE6', false, 3, 2);
insert into users(id, name, surname, email, username, password, archived, role_id, organization_id) values (51, 'Kevin', 'Greenholt', 'user21@gmail.com', 'user21', '$2a$10$JCYrt8QGHg4suBXWiRgjKu93h5DCq3yFDXMDsTY/Itkgeu3h3pCE6', false, 3, 3);
insert into users(id, name, surname, email, username, password, archived, role_id, organization_id) values (52, 'Rodrigo', 'O''Kon', 'user22@gmail.com', 'user22', '$2a$10$JCYrt8QGHg4suBXWiRgjKu93h5DCq3yFDXMDsTY/Itkgeu3h3pCE6', false, 3, 3);
insert into users(id, name, surname, email, username, password, archived, role_id, organization_id) values (53, 'Ellyn', 'Bahringer', 'user23@gmail.com', 'user23', '$2a$10$JCYrt8QGHg4suBXWiRgjKu93h5DCq3yFDXMDsTY/Itkgeu3h3pCE6', false, 3, 3);
insert into users(id, name, surname, email, username, password, archived, role_id, organization_id) values (54, 'Julianne', 'Casper', 'user24@gmail.com', 'user24', '$2a$10$JCYrt8QGHg4suBXWiRgjKu93h5DCq3yFDXMDsTY/Itkgeu3h3pCE6', false, 3, 3);
insert into users(id, name, surname, email, username, password, archived, role_id, organization_id) values (55, 'Tam', 'Lockman', 'user25@gmail.com', 'user25', '$2a$10$JCYrt8QGHg4suBXWiRgjKu93h5DCq3yFDXMDsTY/Itkgeu3h3pCE6', false, 3, 3);
insert into users(id, name, surname, email, username, password, archived, role_id, organization_id) values (56, 'Olivia', 'Abshire', 'user26@gmail.com', 'user26', '$2a$10$JCYrt8QGHg4suBXWiRgjKu93h5DCq3yFDXMDsTY/Itkgeu3h3pCE6', false, 3, 3);
insert into users(id, name, surname, email, username, password, archived, role_id, organization_id) values (57, 'Earleen', 'Dietrich', 'user27@gmail.com', 'user27', '$2a$10$JCYrt8QGHg4suBXWiRgjKu93h5DCq3yFDXMDsTY/Itkgeu3h3pCE6', false, 3, 3);
insert into users(id, name, surname, email, username, password, archived, role_id, organization_id) values (58, 'Denita', 'Spinka', 'user28@gmail.com', 'user28', '$2a$10$JCYrt8QGHg4suBXWiRgjKu93h5DCq3yFDXMDsTY/Itkgeu3h3pCE6', false, 3, 3);
insert into users(id, name, surname, email, username, password, archived, role_id, organization_id) values (59, 'Mercy', 'Gulgowski', 'user29@gmail.com', 'user29', '$2a$10$JCYrt8QGHg4suBXWiRgjKu93h5DCq3yFDXMDsTY/Itkgeu3h3pCE6', false, 3, 3);
insert into users(id, name, surname, email, username, password, archived, role_id, organization_id) values (60, 'Makeda', 'Heathcote', 'user30@gmail.com', 'user30', '$2a$10$JCYrt8QGHg4suBXWiRgjKu93h5DCq3yFDXMDsTY/Itkgeu3h3pCE6', false, 3, 3);
insert into users(id, name, surname, email, username, password, archived, role_id, organization_id) values (61, 'Carla', 'Rogahn', 'user31@gmail.com', 'user31', '$2a$10$JCYrt8QGHg4suBXWiRgjKu93h5DCq3yFDXMDsTY/Itkgeu3h3pCE6', false, 3, 4);
insert into users(id, name, surname, email, username, password, archived, role_id, organization_id) values (62, 'Caroline', 'Crona', 'user32@gmail.com', 'user32', '$2a$10$JCYrt8QGHg4suBXWiRgjKu93h5DCq3yFDXMDsTY/Itkgeu3h3pCE6', false, 3, 4);
insert into users(id, name, surname, email, username, password, archived, role_id, organization_id) values (63, 'Russell', 'O''Connell', 'user33@gmail.com', 'user33', '$2a$10$JCYrt8QGHg4suBXWiRgjKu93h5DCq3yFDXMDsTY/Itkgeu3h3pCE6', false, 3, 4);
insert into users(id, name, surname, email, username, password, archived, role_id, organization_id) values (64, 'Will', 'Gerhold', 'user34@gmail.com', 'user34', '$2a$10$JCYrt8QGHg4suBXWiRgjKu93h5DCq3yFDXMDsTY/Itkgeu3h3pCE6', false, 3, 4);
insert into users(id, name, surname, email, username, password, archived, role_id, organization_id) values (65, 'Darell', 'Bernhard', 'user35@gmail.com', 'user35', '$2a$10$JCYrt8QGHg4suBXWiRgjKu93h5DCq3yFDXMDsTY/Itkgeu3h3pCE6', false, 3, 4);
insert into users(id, name, surname, email, username, password, archived, role_id, organization_id) values (66, 'Maurice', 'Mueller', 'user36@gmail.com', 'user36', '$2a$10$JCYrt8QGHg4suBXWiRgjKu93h5DCq3yFDXMDsTY/Itkgeu3h3pCE6', false, 3, 4);
insert into users(id, name, surname, email, username, password, archived, role_id, organization_id) values (67, 'Drema', 'Wilderman', 'user37@gmail.com', 'user37', '$2a$10$JCYrt8QGHg4suBXWiRgjKu93h5DCq3yFDXMDsTY/Itkgeu3h3pCE6', false, 3, 4);
insert into users(id, name, surname, email, username, password, archived, role_id, organization_id) values (68, 'Moses', 'Fritsch', 'user38@gmail.com', 'user38', '$2a$10$JCYrt8QGHg4suBXWiRgjKu93h5DCq3yFDXMDsTY/Itkgeu3h3pCE6', false, 3, 4);
insert into users(id, name, surname, email, username, password, archived, role_id, organization_id) values (69, 'Travis', 'Conroy', 'user39@gmail.com', 'user39', '$2a$10$JCYrt8QGHg4suBXWiRgjKu93h5DCq3yFDXMDsTY/Itkgeu3h3pCE6', false, 3, 4);
insert into users(id, name, surname, email, username, password, archived, role_id, organization_id) values (70, 'Sonya', 'Gleason', 'user40@gmail.com', 'user40', '$2a$10$JCYrt8QGHg4suBXWiRgjKu93h5DCq3yFDXMDsTY/Itkgeu3h3pCE6', false, 3, 4);
insert into users(id, name, surname, email, username, password, archived, role_id, organization_id) values (71, 'Modesta', 'Watsica', 'user41@gmail.com', 'user41', '$2a$10$JCYrt8QGHg4suBXWiRgjKu93h5DCq3yFDXMDsTY/Itkgeu3h3pCE6', false, 3, 5);
insert into users(id, name, surname, email, username, password, archived, role_id, organization_id) values (72, 'Brandi', 'Shields', 'user42@gmail.com', 'user42', '$2a$10$JCYrt8QGHg4suBXWiRgjKu93h5DCq3yFDXMDsTY/Itkgeu3h3pCE6', false, 3, 5);
insert into users(id, name, surname, email, username, password, archived, role_id, organization_id) values (73, 'Felipe', 'O''Hara', 'user43@gmail.com', 'user43', '$2a$10$JCYrt8QGHg4suBXWiRgjKu93h5DCq3yFDXMDsTY/Itkgeu3h3pCE6', false, 3, 5);
insert into users(id, name, surname, email, username, password, archived, role_id, organization_id) values (74, 'Gavin', 'Adams', 'user44@gmail.com', 'user44', '$2a$10$JCYrt8QGHg4suBXWiRgjKu93h5DCq3yFDXMDsTY/Itkgeu3h3pCE6', false, 3, 5);
insert into users(id, name, surname, email, username, password, archived, role_id, organization_id) values (75, 'Marcelene', 'McGlynn', 'user45@gmail.com', 'user45', '$2a$10$JCYrt8QGHg4suBXWiRgjKu93h5DCq3yFDXMDsTY/Itkgeu3h3pCE6', false, 3, 5);
insert into users(id, name, surname, email, username, password, archived, role_id, organization_id) values (76, 'Wilfredo', 'Parisian', 'user46@gmail.com', 'user46', '$2a$10$JCYrt8QGHg4suBXWiRgjKu93h5DCq3yFDXMDsTY/Itkgeu3h3pCE6', false, 3, 5);
insert into users(id, name, surname, email, username, password, archived, role_id, organization_id) values (77, 'Johnson', 'Sauer', 'user47@gmail.com', 'user47', '$2a$10$JCYrt8QGHg4suBXWiRgjKu93h5DCq3yFDXMDsTY/Itkgeu3h3pCE6', false, 3, 5);
insert into users(id, name, surname, email, username, password, archived, role_id, organization_id) values (78, 'Lise', 'Dicki', 'user48@gmail.com', 'user48', '$2a$10$JCYrt8QGHg4suBXWiRgjKu93h5DCq3yFDXMDsTY/Itkgeu3h3pCE6', false, 3, 5);
insert into users(id, name, surname, email, username, password, archived, role_id, organization_id) values (79, 'Josefine', 'Corwin', 'user49@gmail.com', 'user49', '$2a$10$JCYrt8QGHg4suBXWiRgjKu93h5DCq3yFDXMDsTY/Itkgeu3h3pCE6', false, 3, 5);
insert into users(id, name, surname, email, username, password, archived, role_id, organization_id) values (80, 'Kerry', 'Reilly', 'user50@gmail.com', 'user50', '$2a$10$JCYrt8QGHg4suBXWiRgjKu93h5DCq3yFDXMDsTY/Itkgeu3h3pCE6', false, 3, 5);
--------------------------------------------------------------------------------------------------------------------------------------------------------------------------------------------------------
--------------------------------------------------------------------------------------------------------------------------------------------------------------------------------------------------------

--------------------------------------------------------------------------------------------------------------------------------------------------------------------------------------------------------
----------------------------------------------------------------------------------------- Altering user_id_seq -----------------------------------------------------------------------------------------
alter sequence user_id_seq restart with 81;
--------------------------------------------------------------------------------------------------------------------------------------------------------------------------------------------------------
--------------------------------------------------------------------------------------------------------------------------------------------------------------------------------------------------------

