-- Passwords are hashed using BCrypt algorithm https://bcrypt-generator.com/
-- Passwords for all users are:
--
-- Scripts combined generate database for cloud-service-provider
-- It generates:
--	- 5 super admins
--	- 25 admins
--	- 50 users
--	- 5 organizations
--		- 5 admins per organization
--		- 10 users per organization
--
--------------------------------------------------------------------------------------------------------------------------------------------------------------------------------------------------------
--------------------------------------------------------------------------------------- inserting organizations ----------------------------------------------------------------------------------------
insert into organizations(id, name, description, logo, archived) values (1, '1: Super Saiyan Gohan', 'Soluta quidem explicabo eos voluptate nobis.Consequatur ut sunt.Qui tempore esse sed.Vel enim et aperiam.Aliquam sunt est modi.Optio architecto iusto iste sed.Consequatur necessitatibus nobis minima in.Illum adipisci facilis.Expedita qui sit.Corporis qui corporis et voluptas officiis id.Aut provident id ab quidem et eum.Eveniet consequuntur voluptate in voluptatem itaque est.Dolorem animi sunt nostrum aut voluptas.Fugiat blanditiis quo commodi ut.Et et numquam voluptatem repudiandae harum.Commodi in vero non dolore.Blanditiis voluptatem consequatur voluptatem suscipit sint aspernatur libero.Sint hic dolorem.Itaque quas tempora tenetur sequi culpa distinctio dolorum.Quae tempora facere et nemo nisi.Molestiae aut enim quae nihil.Omnis sunt quasi ipsam molestiae pariatur.Nobis velit est nisi pariatur voluptatibus quas.Natus voluptas non eos qui aut saepe.Voluptas sit quidem non nobis.Eligendi fugit omnis.Autem omnis magni error et aspernatur in.Rerum magni dolorum nesciunt autem voluptatu', 'D:\ARad\cloud-service-provider\cloud-api\cloud\.\images\organization\organization 1.jpg', false);
insert into organizations(id, name, description, logo, archived) values (2, '2: Piccolo', 'Dolorem ea possimus laudantium rerum dignissimos consectetur aut.Ipsa vero aut maiores est.Consequuntur odit aperiam.Corrupti vero architecto iste et minus praesentium.Et modi natus.Numquam officiis dignissimos.Quidem qui sint dolores debitis hic dolorem provident.Vitae consequatur in est voluptatem hic maiores maxime.Et aliquid sit doloremque sint perspiciatis dolor.Sit eos architecto.Illum nihil impedit tempora qui exercitationem voluptate.Qui voluptatum voluptas quia.Animi molestiae id quia quia fugiat.Saepe numquam et et sit.Quaerat nisi accusantium quis ut optio omnis.Velit consequuntur quibusdam ab aliquam ullam vitae.Possimus quis sit omnis ipsum.Ut accusantium id consequatur aspernatur.Tempora iure quis quidem est eum.Facilis magni aut sit esse sunt esse.Libero non distinctio enim facere aut quos.Ea quos pariatur quis impedit odio.At enim asperiores ut animi molestiae nemo repudiandae.Aut sit ullam itaque consequatur repellendus voluptatum similique.Et enim velit.Doloribus vel ', 'D:\ARad\cloud-service-provider\cloud-api\cloud\.\images\organization\organization 2.jpg', false);
insert into organizations(id, name, description, logo, archived) values (3, '3: Baby', 'Quibusdam enim reiciendis vero voluptas.Quod velit culpa dolor quod.Placeat quia quia voluptatem et non hic dignissimos.Tempore cum culpa.Et sed aspernatur.Ex vel voluptas in.Quo voluptas consequuntur enim.Explicabo eos ipsum enim vitae dolor et autem.Sint corrupti reiciendis voluptas dicta vitae esse eos.Et dolores consequatur ratione ab ut rem.Quos minus nisi est veritatis vitae quaerat quidem.Minus nam sapiente.Praesentium fugiat harum ex et.Dolor magni eius provident ducimus iusto in voluptatem.Eos ex quam.Aut impedit repudiandae aut veritatis.Blanditiis facere cumque optio cumque et.Ea enim officia eum.Beatae nemo ratione iste eos totam eum laudantium.Porro optio aut sunt ut minima distinctio ut.Alias nobis provident voluptates.Numquam exercitationem dolores magni amet nemo sed.Aspernatur iure fugiat provident autem autem explicabo perferendis.Non adipisci eos veritatis dolorem neque.Et officia quidem dolor molestiae est cupiditate.Atque culpa voluptas.Molestiae distinctio archite', 'D:\ARad\cloud-service-provider\cloud-api\cloud\.\images\organization\organization 3.jpg', false);
insert into organizations(id, name, description, logo, archived) values (4, '4: Bulma', 'Ut rem similique eaque ea deserunt ipsa.Qui placeat culpa fuga id aperiam.Quo et voluptatem aliquid iusto.Est sed dolorem quia.Perferendis omnis iure ut earum eius officiis.Incidunt sint minima voluptatum ut deleniti.Velit commodi aut esse molestias.Deserunt et omnis qui odio et sapiente natus.Sunt accusantium voluptatem rerum cupiditate ut ab molestias.Qui voluptates enim.Et voluptas culpa in.Quae sunt repellendus sint quibusdam.Cupiditate quae laboriosam iure quia sint dolore.Et est molestiae.Et ullam dicta officia consequatur dolore.Aspernatur veritatis voluptatem.Aspernatur id commodi in.Fugiat inventore ex non.Officia omnis laboriosam repellendus harum delectus commodi.Qui dolor repellendus alias omnis suscipit dignissimos.Distinctio nam rerum nisi rerum.Inventore eum velit.Culpa non numquam praesentium.Et exercitationem quia.In odit unde consequatur dolores repudiandae voluptatem.Rerum placeat at aut neque molestias ex.Corporis voluptate iusto.Itaque suscipit fuga quas.Qui et mol', 'D:\ARad\cloud-service-provider\cloud-api\cloud\.\images\organization\organization 4.jpg', false);
insert into organizations(id, name, description, logo, archived) values (5, '5: Puar', 'Sit porro nesciunt dolore sed.Quia eum quaerat.Vel voluptatem deleniti est.Temporibus dolor deleniti repellat officia.Consequatur et maxime omnis.Et et quia placeat voluptatibus voluptates.Quo consequatur ut praesentium voluptatem.Quis harum qui aut et in aut rem.Beatae minus maxime enim.Sint voluptatem ea perferendis dolor nihil enim placeat.Quae dolores perspiciatis.Ut est voluptatem veritatis omnis sit.Iste dolorem saepe rerum molestiae fuga.Quam deserunt quas.Maxime ipsa labore voluptas perspiciatis.Quo quod et aut qui accusantium cupiditate dolores.Voluptas iste voluptatum blanditiis sed magni necessitatibus id.Ut sit ut veniam.Necessitatibus eum fuga.Nihil repellendus et aliquid eveniet rem.Non officia itaque aut.Cum aspernatur et inventore.Molestiae ipsam omnis a qui voluptas.Repellendus officiis qui id eos dolores sunt.Sit modi quos sed voluptas.Consequatur aut nemo earum odit accusantium.Ea commodi et eveniet.Et et id.Ut laboriosam dolore.Temporibus odio deserunt autem exercit', 'D:\ARad\cloud-service-provider\cloud-api\cloud\.\images\organization\organization 5.jpg', false);
--------------------------------------------------------------------------------------------------------------------------------------------------------------------------------------------------------
--------------------------------------------------------------------------------------------------------------------------------------------------------------------------------------------------------

--------------------------------------------------------------------------------------------------------------------------------------------------------------------------------------------------------
------------------------------------------------------------------------------------- Altering organization_id_seq -------------------------------------------------------------------------------------
alter sequence organization_id_seq restart with 6;
--------------------------------------------------------------------------------------------------------------------------------------------------------------------------------------------------------
--------------------------------------------------------------------------------------------------------------------------------------------------------------------------------------------------------

--------------------------------------------------------------------------------------------------------------------------------------------------------------------------------------------------------
------------------------------------------------------------------------------------------- inserting roles --------------------------------------------------------------------------------------------
insert into roles (id, name) values (1, 'ROLE_SUPER_ADMIN');
insert into roles (id, name) values (2, 'ROLE_ADMIN');
insert into roles (id, name) values (3, 'ROLE_USER');
--------------------------------------------------------------------------------------------------------------------------------------------------------------------------------------------------------
--------------------------------------------------------------------------------------------------------------------------------------------------------------------------------------------------------

--------------------------------------------------------------------------------------------------------------------------------------------------------------------------------------------------------
----------------------------------------------------------------------------------------- Altering role_id_seq -----------------------------------------------------------------------------------------
alter sequence role_id_seq restart with 4;
--------------------------------------------------------------------------------------------------------------------------------------------------------------------------------------------------------
--------------------------------------------------------------------------------------------------------------------------------------------------------------------------------------------------------

--------------------------------------------------------------------------------------------------------------------------------------------------------------------------------------------------------
------------------------------------------------------------------------------------------- inserting users --------------------------------------------------------------------------------------------
insert into users(id, name, surname, email, username, password, archived, role_id, organization_id) values (1, 'Audrey', 'Gislason', 'superadmin1@gmail.com', 'superadmin1', '$2a$10$JCYrt8QGHg4suBXWiRgjKu93h5DCq3yFDXMDsTY/Itkgeu3h3pCE6', false, 1, null);
insert into users(id, name, surname, email, username, password, archived, role_id, organization_id) values (2, 'Veronika', 'D''Amore', 'superadmin2@gmail.com', 'superadmin2', '$2a$10$JCYrt8QGHg4suBXWiRgjKu93h5DCq3yFDXMDsTY/Itkgeu3h3pCE6', false, 1, null);
insert into users(id, name, surname, email, username, password, archived, role_id, organization_id) values (3, 'Jacqui', 'Berge', 'superadmin3@gmail.com', 'superadmin3', '$2a$10$JCYrt8QGHg4suBXWiRgjKu93h5DCq3yFDXMDsTY/Itkgeu3h3pCE6', false, 1, null);
insert into users(id, name, surname, email, username, password, archived, role_id, organization_id) values (4, 'Haydee', 'Lueilwitz', 'superadmin4@gmail.com', 'superadmin4', '$2a$10$JCYrt8QGHg4suBXWiRgjKu93h5DCq3yFDXMDsTY/Itkgeu3h3pCE6', false, 1, null);
insert into users(id, name, surname, email, username, password, archived, role_id, organization_id) values (5, 'Dane', 'Johnson', 'superadmin5@gmail.com', 'superadmin5', '$2a$10$JCYrt8QGHg4suBXWiRgjKu93h5DCq3yFDXMDsTY/Itkgeu3h3pCE6', false, 1, null);
insert into users(id, name, surname, email, username, password, archived, role_id, organization_id) values (6, 'Collin', 'Quitzon', 'admin1@gmail.com', 'admin1', '$2a$10$JCYrt8QGHg4suBXWiRgjKu93h5DCq3yFDXMDsTY/Itkgeu3h3pCE6', false, 2, 1);
insert into users(id, name, surname, email, username, password, archived, role_id, organization_id) values (7, 'Hattie', 'Cole', 'admin2@gmail.com', 'admin2', '$2a$10$JCYrt8QGHg4suBXWiRgjKu93h5DCq3yFDXMDsTY/Itkgeu3h3pCE6', false, 2, 1);
insert into users(id, name, surname, email, username, password, archived, role_id, organization_id) values (8, 'Jetta', 'Fahey', 'admin3@gmail.com', 'admin3', '$2a$10$JCYrt8QGHg4suBXWiRgjKu93h5DCq3yFDXMDsTY/Itkgeu3h3pCE6', false, 2, 1);
insert into users(id, name, surname, email, username, password, archived, role_id, organization_id) values (9, 'Librada', 'VonRueden', 'admin4@gmail.com', 'admin4', '$2a$10$JCYrt8QGHg4suBXWiRgjKu93h5DCq3yFDXMDsTY/Itkgeu3h3pCE6', false, 2, 1);
insert into users(id, name, surname, email, username, password, archived, role_id, organization_id) values (10, 'Stephen', 'Rogahn', 'admin5@gmail.com', 'admin5', '$2a$10$JCYrt8QGHg4suBXWiRgjKu93h5DCq3yFDXMDsTY/Itkgeu3h3pCE6', false, 2, 1);
insert into users(id, name, surname, email, username, password, archived, role_id, organization_id) values (11, 'Robbin', 'Prosacco', 'admin6@gmail.com', 'admin6', '$2a$10$JCYrt8QGHg4suBXWiRgjKu93h5DCq3yFDXMDsTY/Itkgeu3h3pCE6', false, 2, 2);
insert into users(id, name, surname, email, username, password, archived, role_id, organization_id) values (12, 'Lila', 'Ledner', 'admin7@gmail.com', 'admin7', '$2a$10$JCYrt8QGHg4suBXWiRgjKu93h5DCq3yFDXMDsTY/Itkgeu3h3pCE6', false, 2, 2);
insert into users(id, name, surname, email, username, password, archived, role_id, organization_id) values (13, 'Paris', 'Larson', 'admin8@gmail.com', 'admin8', '$2a$10$JCYrt8QGHg4suBXWiRgjKu93h5DCq3yFDXMDsTY/Itkgeu3h3pCE6', false, 2, 2);
insert into users(id, name, surname, email, username, password, archived, role_id, organization_id) values (14, 'Merle', 'Kautzer', 'admin9@gmail.com', 'admin9', '$2a$10$JCYrt8QGHg4suBXWiRgjKu93h5DCq3yFDXMDsTY/Itkgeu3h3pCE6', false, 2, 2);
insert into users(id, name, surname, email, username, password, archived, role_id, organization_id) values (15, 'Madelaine', 'Wilderman', 'admin10@gmail.com', 'admin10', '$2a$10$JCYrt8QGHg4suBXWiRgjKu93h5DCq3yFDXMDsTY/Itkgeu3h3pCE6', false, 2, 2);
insert into users(id, name, surname, email, username, password, archived, role_id, organization_id) values (16, 'Tamar', 'Watsica', 'admin11@gmail.com', 'admin11', '$2a$10$JCYrt8QGHg4suBXWiRgjKu93h5DCq3yFDXMDsTY/Itkgeu3h3pCE6', false, 2, 3);
insert into users(id, name, surname, email, username, password, archived, role_id, organization_id) values (17, 'Gerald', 'Doyle', 'admin12@gmail.com', 'admin12', '$2a$10$JCYrt8QGHg4suBXWiRgjKu93h5DCq3yFDXMDsTY/Itkgeu3h3pCE6', false, 2, 3);
insert into users(id, name, surname, email, username, password, archived, role_id, organization_id) values (18, 'Dessie', 'O''Kon', 'admin13@gmail.com', 'admin13', '$2a$10$JCYrt8QGHg4suBXWiRgjKu93h5DCq3yFDXMDsTY/Itkgeu3h3pCE6', false, 2, 3);
insert into users(id, name, surname, email, username, password, archived, role_id, organization_id) values (19, 'Jodi', 'Volkman', 'admin14@gmail.com', 'admin14', '$2a$10$JCYrt8QGHg4suBXWiRgjKu93h5DCq3yFDXMDsTY/Itkgeu3h3pCE6', false, 2, 3);
insert into users(id, name, surname, email, username, password, archived, role_id, organization_id) values (20, 'Kandace', 'Ruecker', 'admin15@gmail.com', 'admin15', '$2a$10$JCYrt8QGHg4suBXWiRgjKu93h5DCq3yFDXMDsTY/Itkgeu3h3pCE6', false, 2, 3);
insert into users(id, name, surname, email, username, password, archived, role_id, organization_id) values (21, 'Doris', 'Ratke', 'admin16@gmail.com', 'admin16', '$2a$10$JCYrt8QGHg4suBXWiRgjKu93h5DCq3yFDXMDsTY/Itkgeu3h3pCE6', false, 2, 4);
insert into users(id, name, surname, email, username, password, archived, role_id, organization_id) values (22, 'Abraham', 'Gleichner', 'admin17@gmail.com', 'admin17', '$2a$10$JCYrt8QGHg4suBXWiRgjKu93h5DCq3yFDXMDsTY/Itkgeu3h3pCE6', false, 2, 4);
insert into users(id, name, surname, email, username, password, archived, role_id, organization_id) values (23, 'Kim', 'Weissnat', 'admin18@gmail.com', 'admin18', '$2a$10$JCYrt8QGHg4suBXWiRgjKu93h5DCq3yFDXMDsTY/Itkgeu3h3pCE6', false, 2, 4);
insert into users(id, name, surname, email, username, password, archived, role_id, organization_id) values (24, 'Bula', 'Parisian', 'admin19@gmail.com', 'admin19', '$2a$10$JCYrt8QGHg4suBXWiRgjKu93h5DCq3yFDXMDsTY/Itkgeu3h3pCE6', false, 2, 4);
insert into users(id, name, surname, email, username, password, archived, role_id, organization_id) values (25, 'Britt', 'Gusikowski', 'admin20@gmail.com', 'admin20', '$2a$10$JCYrt8QGHg4suBXWiRgjKu93h5DCq3yFDXMDsTY/Itkgeu3h3pCE6', false, 2, 4);
insert into users(id, name, surname, email, username, password, archived, role_id, organization_id) values (26, 'Maurice', 'Lubowitz', 'admin21@gmail.com', 'admin21', '$2a$10$JCYrt8QGHg4suBXWiRgjKu93h5DCq3yFDXMDsTY/Itkgeu3h3pCE6', false, 2, 5);
insert into users(id, name, surname, email, username, password, archived, role_id, organization_id) values (27, 'Hope', 'Rempel', 'admin22@gmail.com', 'admin22', '$2a$10$JCYrt8QGHg4suBXWiRgjKu93h5DCq3yFDXMDsTY/Itkgeu3h3pCE6', false, 2, 5);
insert into users(id, name, surname, email, username, password, archived, role_id, organization_id) values (28, 'Evalyn', 'Koss', 'admin23@gmail.com', 'admin23', '$2a$10$JCYrt8QGHg4suBXWiRgjKu93h5DCq3yFDXMDsTY/Itkgeu3h3pCE6', false, 2, 5);
insert into users(id, name, surname, email, username, password, archived, role_id, organization_id) values (29, 'Maxwell', 'Roob', 'admin24@gmail.com', 'admin24', '$2a$10$JCYrt8QGHg4suBXWiRgjKu93h5DCq3yFDXMDsTY/Itkgeu3h3pCE6', false, 2, 5);
insert into users(id, name, surname, email, username, password, archived, role_id, organization_id) values (30, 'Rosario', 'Mitchell', 'admin25@gmail.com', 'admin25', '$2a$10$JCYrt8QGHg4suBXWiRgjKu93h5DCq3yFDXMDsTY/Itkgeu3h3pCE6', false, 2, 5);
insert into users(id, name, surname, email, username, password, archived, role_id, organization_id) values (31, 'Milan', 'Nitzsche', 'user1@gmail.com', 'user1', '$2a$10$JCYrt8QGHg4suBXWiRgjKu93h5DCq3yFDXMDsTY/Itkgeu3h3pCE6', false, 3, 1);
insert into users(id, name, surname, email, username, password, archived, role_id, organization_id) values (32, 'Fonda', 'Russel', 'user2@gmail.com', 'user2', '$2a$10$JCYrt8QGHg4suBXWiRgjKu93h5DCq3yFDXMDsTY/Itkgeu3h3pCE6', false, 3, 1);
insert into users(id, name, surname, email, username, password, archived, role_id, organization_id) values (33, 'Harlan', 'Heathcote', 'user3@gmail.com', 'user3', '$2a$10$JCYrt8QGHg4suBXWiRgjKu93h5DCq3yFDXMDsTY/Itkgeu3h3pCE6', false, 3, 1);
insert into users(id, name, surname, email, username, password, archived, role_id, organization_id) values (34, 'Damian', 'Welch', 'user4@gmail.com', 'user4', '$2a$10$JCYrt8QGHg4suBXWiRgjKu93h5DCq3yFDXMDsTY/Itkgeu3h3pCE6', false, 3, 1);
insert into users(id, name, surname, email, username, password, archived, role_id, organization_id) values (35, 'Stanley', 'Satterfield', 'user5@gmail.com', 'user5', '$2a$10$JCYrt8QGHg4suBXWiRgjKu93h5DCq3yFDXMDsTY/Itkgeu3h3pCE6', false, 3, 1);
insert into users(id, name, surname, email, username, password, archived, role_id, organization_id) values (36, 'Dion', 'Friesen', 'user6@gmail.com', 'user6', '$2a$10$JCYrt8QGHg4suBXWiRgjKu93h5DCq3yFDXMDsTY/Itkgeu3h3pCE6', false, 3, 1);
insert into users(id, name, surname, email, username, password, archived, role_id, organization_id) values (37, 'Virgilio', 'Toy', 'user7@gmail.com', 'user7', '$2a$10$JCYrt8QGHg4suBXWiRgjKu93h5DCq3yFDXMDsTY/Itkgeu3h3pCE6', false, 3, 1);
insert into users(id, name, surname, email, username, password, archived, role_id, organization_id) values (38, 'Catarina', 'Kuvalis', 'user8@gmail.com', 'user8', '$2a$10$JCYrt8QGHg4suBXWiRgjKu93h5DCq3yFDXMDsTY/Itkgeu3h3pCE6', false, 3, 1);
insert into users(id, name, surname, email, username, password, archived, role_id, organization_id) values (39, 'Alfred', 'Wilderman', 'user9@gmail.com', 'user9', '$2a$10$JCYrt8QGHg4suBXWiRgjKu93h5DCq3yFDXMDsTY/Itkgeu3h3pCE6', false, 3, 1);
insert into users(id, name, surname, email, username, password, archived, role_id, organization_id) values (40, 'Rolf', 'Torp', 'user10@gmail.com', 'user10', '$2a$10$JCYrt8QGHg4suBXWiRgjKu93h5DCq3yFDXMDsTY/Itkgeu3h3pCE6', false, 3, 1);
insert into users(id, name, surname, email, username, password, archived, role_id, organization_id) values (41, 'Leticia', 'Lindgren', 'user11@gmail.com', 'user11', '$2a$10$JCYrt8QGHg4suBXWiRgjKu93h5DCq3yFDXMDsTY/Itkgeu3h3pCE6', false, 3, 2);
insert into users(id, name, surname, email, username, password, archived, role_id, organization_id) values (42, 'Jani', 'Johns', 'user12@gmail.com', 'user12', '$2a$10$JCYrt8QGHg4suBXWiRgjKu93h5DCq3yFDXMDsTY/Itkgeu3h3pCE6', false, 3, 2);
insert into users(id, name, surname, email, username, password, archived, role_id, organization_id) values (43, 'Emanuel', 'Luettgen', 'user13@gmail.com', 'user13', '$2a$10$JCYrt8QGHg4suBXWiRgjKu93h5DCq3yFDXMDsTY/Itkgeu3h3pCE6', false, 3, 2);
insert into users(id, name, surname, email, username, password, archived, role_id, organization_id) values (44, 'Santina', 'Pouros', 'user14@gmail.com', 'user14', '$2a$10$JCYrt8QGHg4suBXWiRgjKu93h5DCq3yFDXMDsTY/Itkgeu3h3pCE6', false, 3, 2);
insert into users(id, name, surname, email, username, password, archived, role_id, organization_id) values (45, 'Herlinda', 'Aufderhar', 'user15@gmail.com', 'user15', '$2a$10$JCYrt8QGHg4suBXWiRgjKu93h5DCq3yFDXMDsTY/Itkgeu3h3pCE6', false, 3, 2);
insert into users(id, name, surname, email, username, password, archived, role_id, organization_id) values (46, 'Lindy', 'Jerde', 'user16@gmail.com', 'user16', '$2a$10$JCYrt8QGHg4suBXWiRgjKu93h5DCq3yFDXMDsTY/Itkgeu3h3pCE6', false, 3, 2);
insert into users(id, name, surname, email, username, password, archived, role_id, organization_id) values (47, 'Norberto', 'Kuhic', 'user17@gmail.com', 'user17', '$2a$10$JCYrt8QGHg4suBXWiRgjKu93h5DCq3yFDXMDsTY/Itkgeu3h3pCE6', false, 3, 2);
insert into users(id, name, surname, email, username, password, archived, role_id, organization_id) values (48, 'Jenae', 'Bosco', 'user18@gmail.com', 'user18', '$2a$10$JCYrt8QGHg4suBXWiRgjKu93h5DCq3yFDXMDsTY/Itkgeu3h3pCE6', false, 3, 2);
insert into users(id, name, surname, email, username, password, archived, role_id, organization_id) values (49, 'Hana', 'O''Conner', 'user19@gmail.com', 'user19', '$2a$10$JCYrt8QGHg4suBXWiRgjKu93h5DCq3yFDXMDsTY/Itkgeu3h3pCE6', false, 3, 2);
insert into users(id, name, surname, email, username, password, archived, role_id, organization_id) values (50, 'Marlin', 'Hessel', 'user20@gmail.com', 'user20', '$2a$10$JCYrt8QGHg4suBXWiRgjKu93h5DCq3yFDXMDsTY/Itkgeu3h3pCE6', false, 3, 2);
insert into users(id, name, surname, email, username, password, archived, role_id, organization_id) values (51, 'Aron', 'Schinner', 'user21@gmail.com', 'user21', '$2a$10$JCYrt8QGHg4suBXWiRgjKu93h5DCq3yFDXMDsTY/Itkgeu3h3pCE6', false, 3, 3);
insert into users(id, name, surname, email, username, password, archived, role_id, organization_id) values (52, 'Nancie', 'Stoltenberg', 'user22@gmail.com', 'user22', '$2a$10$JCYrt8QGHg4suBXWiRgjKu93h5DCq3yFDXMDsTY/Itkgeu3h3pCE6', false, 3, 3);
insert into users(id, name, surname, email, username, password, archived, role_id, organization_id) values (53, 'Mike', 'Bednar', 'user23@gmail.com', 'user23', '$2a$10$JCYrt8QGHg4suBXWiRgjKu93h5DCq3yFDXMDsTY/Itkgeu3h3pCE6', false, 3, 3);
insert into users(id, name, surname, email, username, password, archived, role_id, organization_id) values (54, 'Hoyt', 'McClure', 'user24@gmail.com', 'user24', '$2a$10$JCYrt8QGHg4suBXWiRgjKu93h5DCq3yFDXMDsTY/Itkgeu3h3pCE6', false, 3, 3);
insert into users(id, name, surname, email, username, password, archived, role_id, organization_id) values (55, 'Eduardo', 'Miller', 'user25@gmail.com', 'user25', '$2a$10$JCYrt8QGHg4suBXWiRgjKu93h5DCq3yFDXMDsTY/Itkgeu3h3pCE6', false, 3, 3);
insert into users(id, name, surname, email, username, password, archived, role_id, organization_id) values (56, 'Danilo', 'Beer', 'user26@gmail.com', 'user26', '$2a$10$JCYrt8QGHg4suBXWiRgjKu93h5DCq3yFDXMDsTY/Itkgeu3h3pCE6', false, 3, 3);
insert into users(id, name, surname, email, username, password, archived, role_id, organization_id) values (57, 'Lasandra', 'Quitzon', 'user27@gmail.com', 'user27', '$2a$10$JCYrt8QGHg4suBXWiRgjKu93h5DCq3yFDXMDsTY/Itkgeu3h3pCE6', false, 3, 3);
insert into users(id, name, surname, email, username, password, archived, role_id, organization_id) values (58, 'Opal', 'Larkin', 'user28@gmail.com', 'user28', '$2a$10$JCYrt8QGHg4suBXWiRgjKu93h5DCq3yFDXMDsTY/Itkgeu3h3pCE6', false, 3, 3);
insert into users(id, name, surname, email, username, password, archived, role_id, organization_id) values (59, 'Jeraldine', 'Blanda', 'user29@gmail.com', 'user29', '$2a$10$JCYrt8QGHg4suBXWiRgjKu93h5DCq3yFDXMDsTY/Itkgeu3h3pCE6', false, 3, 3);
insert into users(id, name, surname, email, username, password, archived, role_id, organization_id) values (60, 'Carmelia', 'Skiles', 'user30@gmail.com', 'user30', '$2a$10$JCYrt8QGHg4suBXWiRgjKu93h5DCq3yFDXMDsTY/Itkgeu3h3pCE6', false, 3, 3);
insert into users(id, name, surname, email, username, password, archived, role_id, organization_id) values (61, 'Mariano', 'Lindgren', 'user31@gmail.com', 'user31', '$2a$10$JCYrt8QGHg4suBXWiRgjKu93h5DCq3yFDXMDsTY/Itkgeu3h3pCE6', false, 3, 4);
insert into users(id, name, surname, email, username, password, archived, role_id, organization_id) values (62, 'Lavette', 'Hirthe', 'user32@gmail.com', 'user32', '$2a$10$JCYrt8QGHg4suBXWiRgjKu93h5DCq3yFDXMDsTY/Itkgeu3h3pCE6', false, 3, 4);
insert into users(id, name, surname, email, username, password, archived, role_id, organization_id) values (63, 'Raymon', 'Nikolaus', 'user33@gmail.com', 'user33', '$2a$10$JCYrt8QGHg4suBXWiRgjKu93h5DCq3yFDXMDsTY/Itkgeu3h3pCE6', false, 3, 4);
insert into users(id, name, surname, email, username, password, archived, role_id, organization_id) values (64, 'Rodney', 'Gorczany', 'user34@gmail.com', 'user34', '$2a$10$JCYrt8QGHg4suBXWiRgjKu93h5DCq3yFDXMDsTY/Itkgeu3h3pCE6', false, 3, 4);
insert into users(id, name, surname, email, username, password, archived, role_id, organization_id) values (65, 'Lazaro', 'Okuneva', 'user35@gmail.com', 'user35', '$2a$10$JCYrt8QGHg4suBXWiRgjKu93h5DCq3yFDXMDsTY/Itkgeu3h3pCE6', false, 3, 4);
insert into users(id, name, surname, email, username, password, archived, role_id, organization_id) values (66, 'Truman', 'Bradtke', 'user36@gmail.com', 'user36', '$2a$10$JCYrt8QGHg4suBXWiRgjKu93h5DCq3yFDXMDsTY/Itkgeu3h3pCE6', false, 3, 4);
insert into users(id, name, surname, email, username, password, archived, role_id, organization_id) values (67, 'Carroll', 'Schneider', 'user37@gmail.com', 'user37', '$2a$10$JCYrt8QGHg4suBXWiRgjKu93h5DCq3yFDXMDsTY/Itkgeu3h3pCE6', false, 3, 4);
insert into users(id, name, surname, email, username, password, archived, role_id, organization_id) values (68, 'Beata', 'Cummerata', 'user38@gmail.com', 'user38', '$2a$10$JCYrt8QGHg4suBXWiRgjKu93h5DCq3yFDXMDsTY/Itkgeu3h3pCE6', false, 3, 4);
insert into users(id, name, surname, email, username, password, archived, role_id, organization_id) values (69, 'Garret', 'Fahey', 'user39@gmail.com', 'user39', '$2a$10$JCYrt8QGHg4suBXWiRgjKu93h5DCq3yFDXMDsTY/Itkgeu3h3pCE6', false, 3, 4);
insert into users(id, name, surname, email, username, password, archived, role_id, organization_id) values (70, 'Jermaine', 'Wisozk', 'user40@gmail.com', 'user40', '$2a$10$JCYrt8QGHg4suBXWiRgjKu93h5DCq3yFDXMDsTY/Itkgeu3h3pCE6', false, 3, 4);
insert into users(id, name, surname, email, username, password, archived, role_id, organization_id) values (71, 'Robbie', 'Renner', 'user41@gmail.com', 'user41', '$2a$10$JCYrt8QGHg4suBXWiRgjKu93h5DCq3yFDXMDsTY/Itkgeu3h3pCE6', false, 3, 5);
insert into users(id, name, surname, email, username, password, archived, role_id, organization_id) values (72, 'Roosevelt', 'Breitenberg', 'user42@gmail.com', 'user42', '$2a$10$JCYrt8QGHg4suBXWiRgjKu93h5DCq3yFDXMDsTY/Itkgeu3h3pCE6', false, 3, 5);
insert into users(id, name, surname, email, username, password, archived, role_id, organization_id) values (73, 'Hershel', 'Mosciski', 'user43@gmail.com', 'user43', '$2a$10$JCYrt8QGHg4suBXWiRgjKu93h5DCq3yFDXMDsTY/Itkgeu3h3pCE6', false, 3, 5);
insert into users(id, name, surname, email, username, password, archived, role_id, organization_id) values (74, 'Maryjo', 'Wehner', 'user44@gmail.com', 'user44', '$2a$10$JCYrt8QGHg4suBXWiRgjKu93h5DCq3yFDXMDsTY/Itkgeu3h3pCE6', false, 3, 5);
insert into users(id, name, surname, email, username, password, archived, role_id, organization_id) values (75, 'Lilly', 'Cummerata', 'user45@gmail.com', 'user45', '$2a$10$JCYrt8QGHg4suBXWiRgjKu93h5DCq3yFDXMDsTY/Itkgeu3h3pCE6', false, 3, 5);
insert into users(id, name, surname, email, username, password, archived, role_id, organization_id) values (76, 'Beaulah', 'Witting', 'user46@gmail.com', 'user46', '$2a$10$JCYrt8QGHg4suBXWiRgjKu93h5DCq3yFDXMDsTY/Itkgeu3h3pCE6', false, 3, 5);
insert into users(id, name, surname, email, username, password, archived, role_id, organization_id) values (77, 'Herb', 'Kling', 'user47@gmail.com', 'user47', '$2a$10$JCYrt8QGHg4suBXWiRgjKu93h5DCq3yFDXMDsTY/Itkgeu3h3pCE6', false, 3, 5);
insert into users(id, name, surname, email, username, password, archived, role_id, organization_id) values (78, 'Maribeth', 'Goyette', 'user48@gmail.com', 'user48', '$2a$10$JCYrt8QGHg4suBXWiRgjKu93h5DCq3yFDXMDsTY/Itkgeu3h3pCE6', false, 3, 5);
insert into users(id, name, surname, email, username, password, archived, role_id, organization_id) values (79, 'Pierre', 'Gibson', 'user49@gmail.com', 'user49', '$2a$10$JCYrt8QGHg4suBXWiRgjKu93h5DCq3yFDXMDsTY/Itkgeu3h3pCE6', false, 3, 5);
insert into users(id, name, surname, email, username, password, archived, role_id, organization_id) values (80, 'Ceola', 'Langworth', 'user50@gmail.com', 'user50', '$2a$10$JCYrt8QGHg4suBXWiRgjKu93h5DCq3yFDXMDsTY/Itkgeu3h3pCE6', false, 3, 5);
--------------------------------------------------------------------------------------------------------------------------------------------------------------------------------------------------------
--------------------------------------------------------------------------------------------------------------------------------------------------------------------------------------------------------

--------------------------------------------------------------------------------------------------------------------------------------------------------------------------------------------------------
----------------------------------------------------------------------------------------- Altering user_id_seq -----------------------------------------------------------------------------------------
alter sequence user_id_seq restart with 81;
--------------------------------------------------------------------------------------------------------------------------------------------------------------------------------------------------------
--------------------------------------------------------------------------------------------------------------------------------------------------------------------------------------------------------

--------------------------------------------------------------------------------------------------------------------------------------------------------------------------------------------------------
----------------------------------------------------------------------------------------- inserting categories -----------------------------------------------------------------------------------------
insert into categories(id, name, cpu, ram, gpu, archived) values (1, '1: Isenmouthe', 1, 2, 0, false);
insert into categories(id, name, cpu, ram, gpu, archived) values (2, '2: Enchanted Isles', 1, 2, 1, false);
insert into categories(id, name, cpu, ram, gpu, archived) values (3, '3: Utumno', 1, 4, 0, false);
insert into categories(id, name, cpu, ram, gpu, archived) values (4, '4: Gladden Fields', 1, 4, 1, false);
insert into categories(id, name, cpu, ram, gpu, archived) values (5, '5: Haven of the Eldar', 2, 2, 0, false);
insert into categories(id, name, cpu, ram, gpu, archived) values (6, '6: Hyarnustar', 2, 2, 1, false);
insert into categories(id, name, cpu, ram, gpu, archived) values (7, '7: Doors of Durin', 2, 4, 2, false);
insert into categories(id, name, cpu, ram, gpu, archived) values (8, '8: Falls of Rauros', 2, 8, 2, false);
insert into categories(id, name, cpu, ram, gpu, archived) values (9, '9: Parth Galen', 4, 2, 2, false);
insert into categories(id, name, cpu, ram, gpu, archived) values (10, '10: Coldfells', 4, 4, 2, false);
insert into categories(id, name, cpu, ram, gpu, archived) values (11, '11: Bridge of Khazad-dûm', 4, 8, 4, false);
insert into categories(id, name, cpu, ram, gpu, archived) values (12, '12: Rivendell', 4, 16, 4, false);
insert into categories(id, name, cpu, ram, gpu, archived) values (13, '13: Sarn Ford', 8, 4, 2, false);
insert into categories(id, name, cpu, ram, gpu, archived) values (14, '14: Núath', 8, 8, 4, false);
insert into categories(id, name, cpu, ram, gpu, archived) values (15, '15: Old Forest', 8, 16, 8, false);
insert into categories(id, name, cpu, ram, gpu, archived) values (16, '16: Sarn Ford', 8, 32, 8, false);
insert into categories(id, name, cpu, ram, gpu, archived) values (17, '17: Cirith Ungol', 16, 8, 4, false);
insert into categories(id, name, cpu, ram, gpu, archived) values (18, '18: Narchost', 16, 16, 4, false);
insert into categories(id, name, cpu, ram, gpu, archived) values (19, '19: Timeless Halls', 16, 32, 8, false);
insert into categories(id, name, cpu, ram, gpu, archived) values (20, '20: Coldfells', 16, 64, 8, false);
insert into categories(id, name, cpu, ram, gpu, archived) values (21, '21: Henneth Annûn', 16, 128, 16, false);
insert into categories(id, name, cpu, ram, gpu, archived) values (22, '22: Isenmouthe', 32, 16, 8, false);
insert into categories(id, name, cpu, ram, gpu, archived) values (23, '23: Endless Stair', 32, 32, 8, false);
insert into categories(id, name, cpu, ram, gpu, archived) values (24, '24: Fords of Isen', 32, 64, 16, false);
insert into categories(id, name, cpu, ram, gpu, archived) values (25, '25: Fens of Serech', 32, 128, 16, false);
--------------------------------------------------------------------------------------------------------------------------------------------------------------------------------------------------------
--------------------------------------------------------------------------------------------------------------------------------------------------------------------------------------------------------

--------------------------------------------------------------------------------------------------------------------------------------------------------------------------------------------------------
--------------------------------------------------------------------------------------- Altering category_id_seq ---------------------------------------------------------------------------------------
alter sequence category_id_seq restart with 26;
--------------------------------------------------------------------------------------------------------------------------------------------------------------------------------------------------------
--------------------------------------------------------------------------------------------------------------------------------------------------------------------------------------------------------

--------------------------------------------------------------------------------------------------------------------------------------------------------------------------------------------------------
------------------------------------------------------------------------------------------ inserting machines ------------------------------------------------------------------------------------------
insert into virtual_machines(id, name, archived, organization_id, category_id) values (1, '1: Faramir', false, 1, 1);
insert into virtual_machines(id, name, archived, organization_id, category_id) values (2, '2: Tom Bombadil', false, 1, 2);
insert into virtual_machines(id, name, archived, organization_id, category_id) values (3, '3: Denethor', false, 1, 3);
insert into virtual_machines(id, name, archived, organization_id, category_id) values (4, '4: Shadowfax', false, 1, 4);
insert into virtual_machines(id, name, archived, organization_id, category_id) values (5, '5: Tom Bombadil', false, 1, 5);
insert into virtual_machines(id, name, archived, organization_id, category_id) values (6, '6: Faramir', false, 1, 6);
insert into virtual_machines(id, name, archived, organization_id, category_id) values (7, '7: Faramir', false, 1, 7);
insert into virtual_machines(id, name, archived, organization_id, category_id) values (8, '8: Treebeard', false, 1, 8);
insert into virtual_machines(id, name, archived, organization_id, category_id) values (9, '9: Saruman the White', false, 1, 9);
insert into virtual_machines(id, name, archived, organization_id, category_id) values (10, '10: Samwise Gamgee', false, 1, 10);
insert into virtual_machines(id, name, archived, organization_id, category_id) values (11, '11: Arwen Evenstar', false, 1, 11);
insert into virtual_machines(id, name, archived, organization_id, category_id) values (12, '12: Sauron', false, 1, 12);
insert into virtual_machines(id, name, archived, organization_id, category_id) values (13, '13: Éowyn', false, 1, 13);
insert into virtual_machines(id, name, archived, organization_id, category_id) values (14, '14: Bilbo Baggins', false, 1, 14);
insert into virtual_machines(id, name, archived, organization_id, category_id) values (15, '15: Frodo Baggins', false, 1, 15);
insert into virtual_machines(id, name, archived, organization_id, category_id) values (16, '16: Legolas', false, 1, 16);
insert into virtual_machines(id, name, archived, organization_id, category_id) values (17, '17: Éomer', false, 1, 17);
insert into virtual_machines(id, name, archived, organization_id, category_id) values (18, '18: Arwen Evenstar', false, 1, 18);
insert into virtual_machines(id, name, archived, organization_id, category_id) values (19, '19: Éowyn', false, 1, 19);
insert into virtual_machines(id, name, archived, organization_id, category_id) values (20, '20: Grìma Wormtongue', false, 1, 20);
insert into virtual_machines(id, name, archived, organization_id, category_id) values (21, '21: Gimli', false, 1, 21);
insert into virtual_machines(id, name, archived, organization_id, category_id) values (22, '22: Legolas', false, 1, 22);
insert into virtual_machines(id, name, archived, organization_id, category_id) values (23, '23: Shadowfax', false, 1, 23);
insert into virtual_machines(id, name, archived, organization_id, category_id) values (24, '24: Galadriel', false, 1, 24);
insert into virtual_machines(id, name, archived, organization_id, category_id) values (25, '25: Peregrin Took', false, 1, 25);
insert into virtual_machines(id, name, archived, organization_id, category_id) values (26, '26: Samwise Gamgee', false, 1, 1);
insert into virtual_machines(id, name, archived, organization_id, category_id) values (27, '27: Sauron', false, 1, 2);
insert into virtual_machines(id, name, archived, organization_id, category_id) values (28, '28: Faramir', false, 1, 3);
insert into virtual_machines(id, name, archived, organization_id, category_id) values (29, '29: Barliman Butterbur', false, 1, 4);
insert into virtual_machines(id, name, archived, organization_id, category_id) values (30, '30: Gandalf the Grey', false, 1, 5);
insert into virtual_machines(id, name, archived, organization_id, category_id) values (31, '31: Grìma Wormtongue', false, 1, 6);
insert into virtual_machines(id, name, archived, organization_id, category_id) values (32, '32: Aragorn', false, 1, 7);
insert into virtual_machines(id, name, archived, organization_id, category_id) values (33, '33: Galadriel', false, 1, 8);
insert into virtual_machines(id, name, archived, organization_id, category_id) values (34, '34: Peregrin Took', false, 1, 9);
insert into virtual_machines(id, name, archived, organization_id, category_id) values (35, '35: Samwise Gamgee', false, 1, 10);
insert into virtual_machines(id, name, archived, organization_id, category_id) values (36, '36: Grìma Wormtongue', false, 1, 11);
insert into virtual_machines(id, name, archived, organization_id, category_id) values (37, '37: Gandalf the Grey', false, 1, 12);
insert into virtual_machines(id, name, archived, organization_id, category_id) values (38, '38: Arwen Evenstar', false, 1, 13);
insert into virtual_machines(id, name, archived, organization_id, category_id) values (39, '39: Legolas', false, 1, 14);
insert into virtual_machines(id, name, archived, organization_id, category_id) values (40, '40: Denethor', false, 1, 15);
insert into virtual_machines(id, name, archived, organization_id, category_id) values (41, '41: Treebeard', false, 1, 16);
insert into virtual_machines(id, name, archived, organization_id, category_id) values (42, '42: Aragorn', false, 1, 17);
insert into virtual_machines(id, name, archived, organization_id, category_id) values (43, '43: Galadriel', false, 1, 18);
insert into virtual_machines(id, name, archived, organization_id, category_id) values (44, '44: Beregond', false, 1, 19);
insert into virtual_machines(id, name, archived, organization_id, category_id) values (45, '45: Legolas', false, 1, 20);
insert into virtual_machines(id, name, archived, organization_id, category_id) values (46, '46: Faramir', false, 1, 21);
insert into virtual_machines(id, name, archived, organization_id, category_id) values (47, '47: Théoden', false, 1, 22);
insert into virtual_machines(id, name, archived, organization_id, category_id) values (48, '48: Galadriel', false, 1, 23);
insert into virtual_machines(id, name, archived, organization_id, category_id) values (49, '49: Aragorn', false, 1, 24);
insert into virtual_machines(id, name, archived, organization_id, category_id) values (50, '50: Aragorn', false, 1, 25);
insert into virtual_machines(id, name, archived, organization_id, category_id) values (51, '51: Frodo Baggins', false, 1, 1);
insert into virtual_machines(id, name, archived, organization_id, category_id) values (52, '52: Beregond', false, 1, 2);
insert into virtual_machines(id, name, archived, organization_id, category_id) values (53, '53: Shadowfax', false, 1, 3);
insert into virtual_machines(id, name, archived, organization_id, category_id) values (54, '54: Barliman Butterbur', false, 1, 4);
insert into virtual_machines(id, name, archived, organization_id, category_id) values (55, '55: Denethor', false, 1, 5);
insert into virtual_machines(id, name, archived, organization_id, category_id) values (56, '56: Éowyn', false, 1, 6);
insert into virtual_machines(id, name, archived, organization_id, category_id) values (57, '57: Sauron', false, 1, 7);
insert into virtual_machines(id, name, archived, organization_id, category_id) values (58, '58: Sauron', false, 1, 8);
insert into virtual_machines(id, name, archived, organization_id, category_id) values (59, '59: Peregrin Took', false, 1, 9);
insert into virtual_machines(id, name, archived, organization_id, category_id) values (60, '60: Peregrin Took', false, 1, 10);
insert into virtual_machines(id, name, archived, organization_id, category_id) values (61, '61: Boromir', false, 1, 11);
insert into virtual_machines(id, name, archived, organization_id, category_id) values (62, '62: Quickbeam', false, 1, 12);
insert into virtual_machines(id, name, archived, organization_id, category_id) values (63, '63: Boromir', false, 1, 13);
insert into virtual_machines(id, name, archived, organization_id, category_id) values (64, '64: Saruman the White', false, 1, 14);
insert into virtual_machines(id, name, archived, organization_id, category_id) values (65, '65: Quickbeam', false, 1, 15);
insert into virtual_machines(id, name, archived, organization_id, category_id) values (66, '66: Saruman the White', false, 1, 16);
insert into virtual_machines(id, name, archived, organization_id, category_id) values (67, '67: Gollum', false, 1, 17);
insert into virtual_machines(id, name, archived, organization_id, category_id) values (68, '68: Saruman the White', false, 1, 18);
insert into virtual_machines(id, name, archived, organization_id, category_id) values (69, '69: Galadriel', false, 1, 19);
insert into virtual_machines(id, name, archived, organization_id, category_id) values (70, '70: Bilbo Baggins', false, 1, 20);
insert into virtual_machines(id, name, archived, organization_id, category_id) values (71, '71: Théoden', false, 1, 21);
insert into virtual_machines(id, name, archived, organization_id, category_id) values (72, '72: Beregond', false, 1, 22);
insert into virtual_machines(id, name, archived, organization_id, category_id) values (73, '73: Arwen Evenstar', false, 1, 23);
insert into virtual_machines(id, name, archived, organization_id, category_id) values (74, '74: Beregond', false, 1, 24);
insert into virtual_machines(id, name, archived, organization_id, category_id) values (75, '75: Grìma Wormtongue', false, 1, 25);
insert into virtual_machines(id, name, archived, organization_id, category_id) values (76, '76: Galadriel', false, 1, 1);
insert into virtual_machines(id, name, archived, organization_id, category_id) values (77, '77: Shadowfax', false, 1, 2);
insert into virtual_machines(id, name, archived, organization_id, category_id) values (78, '78: Shelob', false, 1, 3);
insert into virtual_machines(id, name, archived, organization_id, category_id) values (79, '79: Boromir', false, 1, 4);
insert into virtual_machines(id, name, archived, organization_id, category_id) values (80, '80: Bilbo Baggins', false, 1, 5);
insert into virtual_machines(id, name, archived, organization_id, category_id) values (81, '81: Shelob', false, 1, 6);
insert into virtual_machines(id, name, archived, organization_id, category_id) values (82, '82: Beregond', false, 1, 7);
insert into virtual_machines(id, name, archived, organization_id, category_id) values (83, '83: Sauron', false, 1, 8);
insert into virtual_machines(id, name, archived, organization_id, category_id) values (84, '84: Samwise Gamgee', false, 1, 9);
insert into virtual_machines(id, name, archived, organization_id, category_id) values (85, '85: Galadriel', false, 1, 10);
insert into virtual_machines(id, name, archived, organization_id, category_id) values (86, '86: Shadowfax', false, 1, 11);
insert into virtual_machines(id, name, archived, organization_id, category_id) values (87, '87: Gollum', false, 1, 12);
insert into virtual_machines(id, name, archived, organization_id, category_id) values (88, '88: Gimli', false, 1, 13);
insert into virtual_machines(id, name, archived, organization_id, category_id) values (89, '89: Shelob', false, 1, 14);
insert into virtual_machines(id, name, archived, organization_id, category_id) values (90, '90: Treebeard', false, 1, 15);
insert into virtual_machines(id, name, archived, organization_id, category_id) values (91, '91: Saruman the White', false, 1, 16);
insert into virtual_machines(id, name, archived, organization_id, category_id) values (92, '92: Bilbo Baggins', false, 1, 17);
insert into virtual_machines(id, name, archived, organization_id, category_id) values (93, '93: Beregond', false, 1, 18);
insert into virtual_machines(id, name, archived, organization_id, category_id) values (94, '94: Bilbo Baggins', false, 1, 19);
insert into virtual_machines(id, name, archived, organization_id, category_id) values (95, '95: Boromir', false, 1, 20);
insert into virtual_machines(id, name, archived, organization_id, category_id) values (96, '96: Faramir', false, 1, 21);
insert into virtual_machines(id, name, archived, organization_id, category_id) values (97, '97: Aragorn', false, 1, 22);
insert into virtual_machines(id, name, archived, organization_id, category_id) values (98, '98: Faramir', false, 1, 23);
insert into virtual_machines(id, name, archived, organization_id, category_id) values (99, '99: Frodo Baggins', false, 1, 24);
insert into virtual_machines(id, name, archived, organization_id, category_id) values (100, '100: Saruman the White', false, 1, 25);
insert into virtual_machines(id, name, archived, organization_id, category_id) values (101, '101: Elrond', false, 1, 1);
insert into virtual_machines(id, name, archived, organization_id, category_id) values (102, '102: Saruman the White', false, 1, 2);
insert into virtual_machines(id, name, archived, organization_id, category_id) values (103, '103: Sauron', false, 1, 3);
insert into virtual_machines(id, name, archived, organization_id, category_id) values (104, '104: Saruman the White', false, 1, 4);
insert into virtual_machines(id, name, archived, organization_id, category_id) values (105, '105: Gollum', false, 1, 5);
insert into virtual_machines(id, name, archived, organization_id, category_id) values (106, '106: Éomer', false, 1, 6);
insert into virtual_machines(id, name, archived, organization_id, category_id) values (107, '107: Gandalf the Grey', false, 1, 7);
insert into virtual_machines(id, name, archived, organization_id, category_id) values (108, '108: Éowyn', false, 1, 8);
insert into virtual_machines(id, name, archived, organization_id, category_id) values (109, '109: Legolas', false, 1, 9);
insert into virtual_machines(id, name, archived, organization_id, category_id) values (110, '110: Faramir', false, 1, 10);
insert into virtual_machines(id, name, archived, organization_id, category_id) values (111, '111: Treebeard', false, 1, 11);
insert into virtual_machines(id, name, archived, organization_id, category_id) values (112, '112: Barliman Butterbur', false, 1, 12);
insert into virtual_machines(id, name, archived, organization_id, category_id) values (113, '113: Samwise Gamgee', false, 1, 13);
insert into virtual_machines(id, name, archived, organization_id, category_id) values (114, '114: Meriadoc Brandybuck', false, 1, 14);
insert into virtual_machines(id, name, archived, organization_id, category_id) values (115, '115: Arwen Evenstar', false, 1, 15);
insert into virtual_machines(id, name, archived, organization_id, category_id) values (116, '116: Glorfindel', false, 1, 16);
insert into virtual_machines(id, name, archived, organization_id, category_id) values (117, '117: Gollum', false, 1, 17);
insert into virtual_machines(id, name, archived, organization_id, category_id) values (118, '118: Peregrin Took', false, 1, 18);
insert into virtual_machines(id, name, archived, organization_id, category_id) values (119, '119: Gimli', false, 1, 19);
insert into virtual_machines(id, name, archived, organization_id, category_id) values (120, '120: Shelob', false, 1, 20);
insert into virtual_machines(id, name, archived, organization_id, category_id) values (121, '121: Legolas', false, 1, 21);
insert into virtual_machines(id, name, archived, organization_id, category_id) values (122, '122: Gollum', false, 1, 22);
insert into virtual_machines(id, name, archived, organization_id, category_id) values (123, '123: Shadowfax', false, 1, 23);
insert into virtual_machines(id, name, archived, organization_id, category_id) values (124, '124: Gollum', false, 1, 24);
insert into virtual_machines(id, name, archived, organization_id, category_id) values (125, '125: Peregrin Took', false, 1, 25);
insert into virtual_machines(id, name, archived, organization_id, category_id) values (126, '126: Barliman Butterbur', false, 1, 1);
insert into virtual_machines(id, name, archived, organization_id, category_id) values (127, '127: Shadowfax', false, 1, 2);
insert into virtual_machines(id, name, archived, organization_id, category_id) values (128, '128: Éowyn', false, 1, 3);
insert into virtual_machines(id, name, archived, organization_id, category_id) values (129, '129: Gimli', false, 1, 4);
insert into virtual_machines(id, name, archived, organization_id, category_id) values (130, '130: Arwen Evenstar', false, 1, 5);
insert into virtual_machines(id, name, archived, organization_id, category_id) values (131, '131: Éomer', false, 1, 6);
insert into virtual_machines(id, name, archived, organization_id, category_id) values (132, '132: Peregrin Took', false, 1, 7);
insert into virtual_machines(id, name, archived, organization_id, category_id) values (133, '133: Gimli', false, 1, 8);
insert into virtual_machines(id, name, archived, organization_id, category_id) values (134, '134: Shelob', false, 1, 9);
insert into virtual_machines(id, name, archived, organization_id, category_id) values (135, '135: Galadriel', false, 1, 10);
insert into virtual_machines(id, name, archived, organization_id, category_id) values (136, '136: Éowyn', false, 1, 11);
insert into virtual_machines(id, name, archived, organization_id, category_id) values (137, '137: Faramir', false, 1, 12);
insert into virtual_machines(id, name, archived, organization_id, category_id) values (138, '138: Saruman the White', false, 1, 13);
insert into virtual_machines(id, name, archived, organization_id, category_id) values (139, '139: Gandalf the Grey', false, 1, 14);
insert into virtual_machines(id, name, archived, organization_id, category_id) values (140, '140: Tom Bombadil', false, 1, 15);
insert into virtual_machines(id, name, archived, organization_id, category_id) values (141, '141: Beregond', false, 1, 16);
insert into virtual_machines(id, name, archived, organization_id, category_id) values (142, '142: Sauron', false, 1, 17);
insert into virtual_machines(id, name, archived, organization_id, category_id) values (143, '143: Théoden', false, 1, 18);
insert into virtual_machines(id, name, archived, organization_id, category_id) values (144, '144: Peregrin Took', false, 1, 19);
insert into virtual_machines(id, name, archived, organization_id, category_id) values (145, '145: Shadowfax', false, 1, 20);
insert into virtual_machines(id, name, archived, organization_id, category_id) values (146, '146: Éomer', false, 1, 21);
insert into virtual_machines(id, name, archived, organization_id, category_id) values (147, '147: Grìma Wormtongue', false, 1, 22);
insert into virtual_machines(id, name, archived, organization_id, category_id) values (148, '148: Gandalf the Grey', false, 1, 23);
insert into virtual_machines(id, name, archived, organization_id, category_id) values (149, '149: Denethor', false, 1, 24);
insert into virtual_machines(id, name, archived, organization_id, category_id) values (150, '150: Shadowfax', false, 1, 25);
insert into virtual_machines(id, name, archived, organization_id, category_id) values (151, '151: Tom Bombadil', false, 1, 1);
insert into virtual_machines(id, name, archived, organization_id, category_id) values (152, '152: Quickbeam', false, 1, 2);
insert into virtual_machines(id, name, archived, organization_id, category_id) values (153, '153: Sauron', false, 1, 3);
insert into virtual_machines(id, name, archived, organization_id, category_id) values (154, '154: Frodo Baggins', false, 1, 4);
insert into virtual_machines(id, name, archived, organization_id, category_id) values (155, '155: Shadowfax', false, 1, 5);
insert into virtual_machines(id, name, archived, organization_id, category_id) values (156, '156: Tom Bombadil', false, 1, 6);
insert into virtual_machines(id, name, archived, organization_id, category_id) values (157, '157: Grìma Wormtongue', false, 1, 7);
insert into virtual_machines(id, name, archived, organization_id, category_id) values (158, '158: Grìma Wormtongue', false, 1, 8);
insert into virtual_machines(id, name, archived, organization_id, category_id) values (159, '159: Grìma Wormtongue', false, 1, 9);
insert into virtual_machines(id, name, archived, organization_id, category_id) values (160, '160: Treebeard', false, 1, 10);
insert into virtual_machines(id, name, archived, organization_id, category_id) values (161, '161: Aragorn', false, 1, 11);
insert into virtual_machines(id, name, archived, organization_id, category_id) values (162, '162: Beregond', false, 1, 12);
insert into virtual_machines(id, name, archived, organization_id, category_id) values (163, '163: Peregrin Took', false, 1, 13);
insert into virtual_machines(id, name, archived, organization_id, category_id) values (164, '164: Samwise Gamgee', false, 1, 14);
insert into virtual_machines(id, name, archived, organization_id, category_id) values (165, '165: Gandalf the Grey', false, 1, 15);
insert into virtual_machines(id, name, archived, organization_id, category_id) values (166, '166: Peregrin Took', false, 1, 16);
insert into virtual_machines(id, name, archived, organization_id, category_id) values (167, '167: Gimli', false, 1, 17);
insert into virtual_machines(id, name, archived, organization_id, category_id) values (168, '168: Saruman the White', false, 1, 18);
insert into virtual_machines(id, name, archived, organization_id, category_id) values (169, '169: Grìma Wormtongue', false, 1, 19);
insert into virtual_machines(id, name, archived, organization_id, category_id) values (170, '170: Denethor', false, 1, 20);
insert into virtual_machines(id, name, archived, organization_id, category_id) values (171, '171: Elrond', false, 1, 21);
insert into virtual_machines(id, name, archived, organization_id, category_id) values (172, '172: Aragorn', false, 1, 22);
insert into virtual_machines(id, name, archived, organization_id, category_id) values (173, '173: Aragorn', false, 1, 23);
insert into virtual_machines(id, name, archived, organization_id, category_id) values (174, '174: Legolas', false, 1, 24);
insert into virtual_machines(id, name, archived, organization_id, category_id) values (175, '175: Éowyn', false, 1, 25);
insert into virtual_machines(id, name, archived, organization_id, category_id) values (176, '176: Éomer', false, 1, 1);
insert into virtual_machines(id, name, archived, organization_id, category_id) values (177, '177: Elrond', false, 1, 2);
insert into virtual_machines(id, name, archived, organization_id, category_id) values (178, '178: Glorfindel', false, 1, 3);
insert into virtual_machines(id, name, archived, organization_id, category_id) values (179, '179: Gollum', false, 1, 4);
insert into virtual_machines(id, name, archived, organization_id, category_id) values (180, '180: Samwise Gamgee', false, 1, 5);
insert into virtual_machines(id, name, archived, organization_id, category_id) values (181, '181: Gandalf the Grey', false, 1, 6);
insert into virtual_machines(id, name, archived, organization_id, category_id) values (182, '182: Sauron', false, 1, 7);
insert into virtual_machines(id, name, archived, organization_id, category_id) values (183, '183: Gandalf the Grey', false, 1, 8);
insert into virtual_machines(id, name, archived, organization_id, category_id) values (184, '184: Frodo Baggins', false, 1, 9);
insert into virtual_machines(id, name, archived, organization_id, category_id) values (185, '185: Galadriel', false, 1, 10);
insert into virtual_machines(id, name, archived, organization_id, category_id) values (186, '186: Bilbo Baggins', false, 1, 11);
insert into virtual_machines(id, name, archived, organization_id, category_id) values (187, '187: Shadowfax', false, 1, 12);
insert into virtual_machines(id, name, archived, organization_id, category_id) values (188, '188: Arwen Evenstar', false, 1, 13);
insert into virtual_machines(id, name, archived, organization_id, category_id) values (189, '189: Boromir', false, 1, 14);
insert into virtual_machines(id, name, archived, organization_id, category_id) values (190, '190: Éowyn', false, 1, 15);
insert into virtual_machines(id, name, archived, organization_id, category_id) values (191, '191: Elrond', false, 1, 16);
insert into virtual_machines(id, name, archived, organization_id, category_id) values (192, '192: Shadowfax', false, 1, 17);
insert into virtual_machines(id, name, archived, organization_id, category_id) values (193, '193: Shelob', false, 1, 18);
insert into virtual_machines(id, name, archived, organization_id, category_id) values (194, '194: Boromir', false, 1, 19);
insert into virtual_machines(id, name, archived, organization_id, category_id) values (195, '195: Éomer', false, 1, 20);
insert into virtual_machines(id, name, archived, organization_id, category_id) values (196, '196: Gimli', false, 1, 21);
insert into virtual_machines(id, name, archived, organization_id, category_id) values (197, '197: Denethor', false, 1, 22);
insert into virtual_machines(id, name, archived, organization_id, category_id) values (198, '198: Éowyn', false, 1, 23);
insert into virtual_machines(id, name, archived, organization_id, category_id) values (199, '199: Samwise Gamgee', false, 1, 24);
insert into virtual_machines(id, name, archived, organization_id, category_id) values (200, '200: Quickbeam', false, 1, 25);
insert into virtual_machines(id, name, archived, organization_id, category_id) values (201, '201: Faramir', false, 2, 1);
insert into virtual_machines(id, name, archived, organization_id, category_id) values (202, '202: Théoden', false, 2, 2);
insert into virtual_machines(id, name, archived, organization_id, category_id) values (203, '203: Faramir', false, 2, 3);
insert into virtual_machines(id, name, archived, organization_id, category_id) values (204, '204: Tom Bombadil', false, 2, 4);
insert into virtual_machines(id, name, archived, organization_id, category_id) values (205, '205: Grìma Wormtongue', false, 2, 5);
insert into virtual_machines(id, name, archived, organization_id, category_id) values (206, '206: Sauron', false, 2, 6);
insert into virtual_machines(id, name, archived, organization_id, category_id) values (207, '207: Denethor', false, 2, 7);
insert into virtual_machines(id, name, archived, organization_id, category_id) values (208, '208: Elrond', false, 2, 8);
insert into virtual_machines(id, name, archived, organization_id, category_id) values (209, '209: Galadriel', false, 2, 9);
insert into virtual_machines(id, name, archived, organization_id, category_id) values (210, '210: Samwise Gamgee', false, 2, 10);
insert into virtual_machines(id, name, archived, organization_id, category_id) values (211, '211: Meriadoc Brandybuck', false, 2, 11);
insert into virtual_machines(id, name, archived, organization_id, category_id) values (212, '212: Legolas', false, 2, 12);
insert into virtual_machines(id, name, archived, organization_id, category_id) values (213, '213: Bilbo Baggins', false, 2, 13);
insert into virtual_machines(id, name, archived, organization_id, category_id) values (214, '214: Saruman the White', false, 2, 14);
insert into virtual_machines(id, name, archived, organization_id, category_id) values (215, '215: Aragorn', false, 2, 15);
insert into virtual_machines(id, name, archived, organization_id, category_id) values (216, '216: Barliman Butterbur', false, 2, 16);
insert into virtual_machines(id, name, archived, organization_id, category_id) values (217, '217: Boromir', false, 2, 17);
insert into virtual_machines(id, name, archived, organization_id, category_id) values (218, '218: Bilbo Baggins', false, 2, 18);
insert into virtual_machines(id, name, archived, organization_id, category_id) values (219, '219: Barliman Butterbur', false, 2, 19);
insert into virtual_machines(id, name, archived, organization_id, category_id) values (220, '220: Frodo Baggins', false, 2, 20);
insert into virtual_machines(id, name, archived, organization_id, category_id) values (221, '221: Gollum', false, 2, 21);
insert into virtual_machines(id, name, archived, organization_id, category_id) values (222, '222: Bilbo Baggins', false, 2, 22);
insert into virtual_machines(id, name, archived, organization_id, category_id) values (223, '223: Arwen Evenstar', false, 2, 23);
insert into virtual_machines(id, name, archived, organization_id, category_id) values (224, '224: Arwen Evenstar', false, 2, 24);
insert into virtual_machines(id, name, archived, organization_id, category_id) values (225, '225: Glorfindel', false, 2, 25);
insert into virtual_machines(id, name, archived, organization_id, category_id) values (226, '226: Saruman the White', false, 2, 1);
insert into virtual_machines(id, name, archived, organization_id, category_id) values (227, '227: Legolas', false, 2, 2);
insert into virtual_machines(id, name, archived, organization_id, category_id) values (228, '228: Treebeard', false, 2, 3);
insert into virtual_machines(id, name, archived, organization_id, category_id) values (229, '229: Shadowfax', false, 2, 4);
insert into virtual_machines(id, name, archived, organization_id, category_id) values (230, '230: Tom Bombadil', false, 2, 5);
insert into virtual_machines(id, name, archived, organization_id, category_id) values (231, '231: Arwen Evenstar', false, 2, 6);
insert into virtual_machines(id, name, archived, organization_id, category_id) values (232, '232: Gollum', false, 2, 7);
insert into virtual_machines(id, name, archived, organization_id, category_id) values (233, '233: Glorfindel', false, 2, 8);
insert into virtual_machines(id, name, archived, organization_id, category_id) values (234, '234: Théoden', false, 2, 9);
insert into virtual_machines(id, name, archived, organization_id, category_id) values (235, '235: Barliman Butterbur', false, 2, 10);
insert into virtual_machines(id, name, archived, organization_id, category_id) values (236, '236: Théoden', false, 2, 11);
insert into virtual_machines(id, name, archived, organization_id, category_id) values (237, '237: Saruman the White', false, 2, 12);
insert into virtual_machines(id, name, archived, organization_id, category_id) values (238, '238: Glorfindel', false, 2, 13);
insert into virtual_machines(id, name, archived, organization_id, category_id) values (239, '239: Gandalf the Grey', false, 2, 14);
insert into virtual_machines(id, name, archived, organization_id, category_id) values (240, '240: Éomer', false, 2, 15);
insert into virtual_machines(id, name, archived, organization_id, category_id) values (241, '241: Aragorn', false, 2, 16);
insert into virtual_machines(id, name, archived, organization_id, category_id) values (242, '242: Théoden', false, 2, 17);
insert into virtual_machines(id, name, archived, organization_id, category_id) values (243, '243: Faramir', false, 2, 18);
insert into virtual_machines(id, name, archived, organization_id, category_id) values (244, '244: Éowyn', false, 2, 19);
insert into virtual_machines(id, name, archived, organization_id, category_id) values (245, '245: Peregrin Took', false, 2, 20);
insert into virtual_machines(id, name, archived, organization_id, category_id) values (246, '246: Arwen Evenstar', false, 2, 21);
insert into virtual_machines(id, name, archived, organization_id, category_id) values (247, '247: Arwen Evenstar', false, 2, 22);
insert into virtual_machines(id, name, archived, organization_id, category_id) values (248, '248: Quickbeam', false, 2, 23);
insert into virtual_machines(id, name, archived, organization_id, category_id) values (249, '249: Gimli', false, 2, 24);
insert into virtual_machines(id, name, archived, organization_id, category_id) values (250, '250: Meriadoc Brandybuck', false, 2, 25);
insert into virtual_machines(id, name, archived, organization_id, category_id) values (251, '251: Treebeard', false, 2, 1);
insert into virtual_machines(id, name, archived, organization_id, category_id) values (252, '252: Éomer', false, 2, 2);
insert into virtual_machines(id, name, archived, organization_id, category_id) values (253, '253: Faramir', false, 2, 3);
insert into virtual_machines(id, name, archived, organization_id, category_id) values (254, '254: Shadowfax', false, 2, 4);
insert into virtual_machines(id, name, archived, organization_id, category_id) values (255, '255: Gandalf the Grey', false, 2, 5);
insert into virtual_machines(id, name, archived, organization_id, category_id) values (256, '256: Samwise Gamgee', false, 2, 6);
insert into virtual_machines(id, name, archived, organization_id, category_id) values (257, '257: Éomer', false, 2, 7);
insert into virtual_machines(id, name, archived, organization_id, category_id) values (258, '258: Quickbeam', false, 2, 8);
insert into virtual_machines(id, name, archived, organization_id, category_id) values (259, '259: Quickbeam', false, 2, 9);
insert into virtual_machines(id, name, archived, organization_id, category_id) values (260, '260: Legolas', false, 2, 10);
insert into virtual_machines(id, name, archived, organization_id, category_id) values (261, '261: Treebeard', false, 2, 11);
insert into virtual_machines(id, name, archived, organization_id, category_id) values (262, '262: Arwen Evenstar', false, 2, 12);
insert into virtual_machines(id, name, archived, organization_id, category_id) values (263, '263: Éomer', false, 2, 13);
insert into virtual_machines(id, name, archived, organization_id, category_id) values (264, '264: Treebeard', false, 2, 14);
insert into virtual_machines(id, name, archived, organization_id, category_id) values (265, '265: Saruman the White', false, 2, 15);
insert into virtual_machines(id, name, archived, organization_id, category_id) values (266, '266: Beregond', false, 2, 16);
insert into virtual_machines(id, name, archived, organization_id, category_id) values (267, '267: Barliman Butterbur', false, 2, 17);
insert into virtual_machines(id, name, archived, organization_id, category_id) values (268, '268: Glorfindel', false, 2, 18);
insert into virtual_machines(id, name, archived, organization_id, category_id) values (269, '269: Éowyn', false, 2, 19);
insert into virtual_machines(id, name, archived, organization_id, category_id) values (270, '270: Frodo Baggins', false, 2, 20);
insert into virtual_machines(id, name, archived, organization_id, category_id) values (271, '271: Frodo Baggins', false, 2, 21);
insert into virtual_machines(id, name, archived, organization_id, category_id) values (272, '272: Galadriel', false, 2, 22);
insert into virtual_machines(id, name, archived, organization_id, category_id) values (273, '273: Barliman Butterbur', false, 2, 23);
insert into virtual_machines(id, name, archived, organization_id, category_id) values (274, '274: Aragorn', false, 2, 24);
insert into virtual_machines(id, name, archived, organization_id, category_id) values (275, '275: Meriadoc Brandybuck', false, 2, 25);
insert into virtual_machines(id, name, archived, organization_id, category_id) values (276, '276: Aragorn', false, 2, 1);
insert into virtual_machines(id, name, archived, organization_id, category_id) values (277, '277: Théoden', false, 2, 2);
insert into virtual_machines(id, name, archived, organization_id, category_id) values (278, '278: Théoden', false, 2, 3);
insert into virtual_machines(id, name, archived, organization_id, category_id) values (279, '279: Barliman Butterbur', false, 2, 4);
insert into virtual_machines(id, name, archived, organization_id, category_id) values (280, '280: Gollum', false, 2, 5);
insert into virtual_machines(id, name, archived, organization_id, category_id) values (281, '281: Sauron', false, 2, 6);
insert into virtual_machines(id, name, archived, organization_id, category_id) values (282, '282: Shelob', false, 2, 7);
insert into virtual_machines(id, name, archived, organization_id, category_id) values (283, '283: Elrond', false, 2, 8);
insert into virtual_machines(id, name, archived, organization_id, category_id) values (284, '284: Aragorn', false, 2, 9);
insert into virtual_machines(id, name, archived, organization_id, category_id) values (285, '285: Sauron', false, 2, 10);
insert into virtual_machines(id, name, archived, organization_id, category_id) values (286, '286: Samwise Gamgee', false, 2, 11);
insert into virtual_machines(id, name, archived, organization_id, category_id) values (287, '287: Gollum', false, 2, 12);
insert into virtual_machines(id, name, archived, organization_id, category_id) values (288, '288: Beregond', false, 2, 13);
insert into virtual_machines(id, name, archived, organization_id, category_id) values (289, '289: Galadriel', false, 2, 14);
insert into virtual_machines(id, name, archived, organization_id, category_id) values (290, '290: Quickbeam', false, 2, 15);
insert into virtual_machines(id, name, archived, organization_id, category_id) values (291, '291: Grìma Wormtongue', false, 2, 16);
insert into virtual_machines(id, name, archived, organization_id, category_id) values (292, '292: Glorfindel', false, 2, 17);
insert into virtual_machines(id, name, archived, organization_id, category_id) values (293, '293: Théoden', false, 2, 18);
insert into virtual_machines(id, name, archived, organization_id, category_id) values (294, '294: Glorfindel', false, 2, 19);
insert into virtual_machines(id, name, archived, organization_id, category_id) values (295, '295: Faramir', false, 2, 20);
insert into virtual_machines(id, name, archived, organization_id, category_id) values (296, '296: Shelob', false, 2, 21);
insert into virtual_machines(id, name, archived, organization_id, category_id) values (297, '297: Elrond', false, 2, 22);
insert into virtual_machines(id, name, archived, organization_id, category_id) values (298, '298: Grìma Wormtongue', false, 2, 23);
insert into virtual_machines(id, name, archived, organization_id, category_id) values (299, '299: Faramir', false, 2, 24);
insert into virtual_machines(id, name, archived, organization_id, category_id) values (300, '300: Gimli', false, 2, 25);
insert into virtual_machines(id, name, archived, organization_id, category_id) values (301, '301: Éomer', false, 2, 1);
insert into virtual_machines(id, name, archived, organization_id, category_id) values (302, '302: Treebeard', false, 2, 2);
insert into virtual_machines(id, name, archived, organization_id, category_id) values (303, '303: Faramir', false, 2, 3);
insert into virtual_machines(id, name, archived, organization_id, category_id) values (304, '304: Sauron', false, 2, 4);
insert into virtual_machines(id, name, archived, organization_id, category_id) values (305, '305: Sauron', false, 2, 5);
insert into virtual_machines(id, name, archived, organization_id, category_id) values (306, '306: Tom Bombadil', false, 2, 6);
insert into virtual_machines(id, name, archived, organization_id, category_id) values (307, '307: Faramir', false, 2, 7);
insert into virtual_machines(id, name, archived, organization_id, category_id) values (308, '308: Saruman the White', false, 2, 8);
insert into virtual_machines(id, name, archived, organization_id, category_id) values (309, '309: Shadowfax', false, 2, 9);
insert into virtual_machines(id, name, archived, organization_id, category_id) values (310, '310: Grìma Wormtongue', false, 2, 10);
insert into virtual_machines(id, name, archived, organization_id, category_id) values (311, '311: Shelob', false, 2, 11);
insert into virtual_machines(id, name, archived, organization_id, category_id) values (312, '312: Denethor', false, 2, 12);
insert into virtual_machines(id, name, archived, organization_id, category_id) values (313, '313: Tom Bombadil', false, 2, 13);
insert into virtual_machines(id, name, archived, organization_id, category_id) values (314, '314: Quickbeam', false, 2, 14);
insert into virtual_machines(id, name, archived, organization_id, category_id) values (315, '315: Glorfindel', false, 2, 15);
insert into virtual_machines(id, name, archived, organization_id, category_id) values (316, '316: Quickbeam', false, 2, 16);
insert into virtual_machines(id, name, archived, organization_id, category_id) values (317, '317: Galadriel', false, 2, 17);
insert into virtual_machines(id, name, archived, organization_id, category_id) values (318, '318: Aragorn', false, 2, 18);
insert into virtual_machines(id, name, archived, organization_id, category_id) values (319, '319: Elrond', false, 2, 19);
insert into virtual_machines(id, name, archived, organization_id, category_id) values (320, '320: Sauron', false, 2, 20);
insert into virtual_machines(id, name, archived, organization_id, category_id) values (321, '321: Quickbeam', false, 2, 21);
insert into virtual_machines(id, name, archived, organization_id, category_id) values (322, '322: Gandalf the Grey', false, 2, 22);
insert into virtual_machines(id, name, archived, organization_id, category_id) values (323, '323: Grìma Wormtongue', false, 2, 23);
insert into virtual_machines(id, name, archived, organization_id, category_id) values (324, '324: Théoden', false, 2, 24);
insert into virtual_machines(id, name, archived, organization_id, category_id) values (325, '325: Frodo Baggins', false, 2, 25);
insert into virtual_machines(id, name, archived, organization_id, category_id) values (326, '326: Frodo Baggins', false, 2, 1);
insert into virtual_machines(id, name, archived, organization_id, category_id) values (327, '327: Éomer', false, 2, 2);
insert into virtual_machines(id, name, archived, organization_id, category_id) values (328, '328: Denethor', false, 2, 3);
insert into virtual_machines(id, name, archived, organization_id, category_id) values (329, '329: Boromir', false, 2, 4);
insert into virtual_machines(id, name, archived, organization_id, category_id) values (330, '330: Beregond', false, 2, 5);
insert into virtual_machines(id, name, archived, organization_id, category_id) values (331, '331: Peregrin Took', false, 2, 6);
insert into virtual_machines(id, name, archived, organization_id, category_id) values (332, '332: Éowyn', false, 2, 7);
insert into virtual_machines(id, name, archived, organization_id, category_id) values (333, '333: Gollum', false, 2, 8);
insert into virtual_machines(id, name, archived, organization_id, category_id) values (334, '334: Aragorn', false, 2, 9);
insert into virtual_machines(id, name, archived, organization_id, category_id) values (335, '335: Gimli', false, 2, 10);
insert into virtual_machines(id, name, archived, organization_id, category_id) values (336, '336: Aragorn', false, 2, 11);
insert into virtual_machines(id, name, archived, organization_id, category_id) values (337, '337: Barliman Butterbur', false, 2, 12);
insert into virtual_machines(id, name, archived, organization_id, category_id) values (338, '338: Gimli', false, 2, 13);
insert into virtual_machines(id, name, archived, organization_id, category_id) values (339, '339: Aragorn', false, 2, 14);
insert into virtual_machines(id, name, archived, organization_id, category_id) values (340, '340: Bilbo Baggins', false, 2, 15);
insert into virtual_machines(id, name, archived, organization_id, category_id) values (341, '341: Samwise Gamgee', false, 2, 16);
insert into virtual_machines(id, name, archived, organization_id, category_id) values (342, '342: Bilbo Baggins', false, 2, 17);
insert into virtual_machines(id, name, archived, organization_id, category_id) values (343, '343: Éomer', false, 2, 18);
insert into virtual_machines(id, name, archived, organization_id, category_id) values (344, '344: Elrond', false, 2, 19);
insert into virtual_machines(id, name, archived, organization_id, category_id) values (345, '345: Gollum', false, 2, 20);
insert into virtual_machines(id, name, archived, organization_id, category_id) values (346, '346: Treebeard', false, 2, 21);
insert into virtual_machines(id, name, archived, organization_id, category_id) values (347, '347: Shelob', false, 2, 22);
insert into virtual_machines(id, name, archived, organization_id, category_id) values (348, '348: Boromir', false, 2, 23);
insert into virtual_machines(id, name, archived, organization_id, category_id) values (349, '349: Peregrin Took', false, 2, 24);
insert into virtual_machines(id, name, archived, organization_id, category_id) values (350, '350: Denethor', false, 2, 25);
insert into virtual_machines(id, name, archived, organization_id, category_id) values (351, '351: Shelob', false, 2, 1);
insert into virtual_machines(id, name, archived, organization_id, category_id) values (352, '352: Arwen Evenstar', false, 2, 2);
insert into virtual_machines(id, name, archived, organization_id, category_id) values (353, '353: Aragorn', false, 2, 3);
insert into virtual_machines(id, name, archived, organization_id, category_id) values (354, '354: Éomer', false, 2, 4);
insert into virtual_machines(id, name, archived, organization_id, category_id) values (355, '355: Meriadoc Brandybuck', false, 2, 5);
insert into virtual_machines(id, name, archived, organization_id, category_id) values (356, '356: Galadriel', false, 2, 6);
insert into virtual_machines(id, name, archived, organization_id, category_id) values (357, '357: Sauron', false, 2, 7);
insert into virtual_machines(id, name, archived, organization_id, category_id) values (358, '358: Arwen Evenstar', false, 2, 8);
insert into virtual_machines(id, name, archived, organization_id, category_id) values (359, '359: Shadowfax', false, 2, 9);
insert into virtual_machines(id, name, archived, organization_id, category_id) values (360, '360: Arwen Evenstar', false, 2, 10);
insert into virtual_machines(id, name, archived, organization_id, category_id) values (361, '361: Glorfindel', false, 2, 11);
insert into virtual_machines(id, name, archived, organization_id, category_id) values (362, '362: Éowyn', false, 2, 12);
insert into virtual_machines(id, name, archived, organization_id, category_id) values (363, '363: Beregond', false, 2, 13);
insert into virtual_machines(id, name, archived, organization_id, category_id) values (364, '364: Quickbeam', false, 2, 14);
insert into virtual_machines(id, name, archived, organization_id, category_id) values (365, '365: Frodo Baggins', false, 2, 15);
insert into virtual_machines(id, name, archived, organization_id, category_id) values (366, '366: Gandalf the Grey', false, 2, 16);
insert into virtual_machines(id, name, archived, organization_id, category_id) values (367, '367: Tom Bombadil', false, 2, 17);
insert into virtual_machines(id, name, archived, organization_id, category_id) values (368, '368: Beregond', false, 2, 18);
insert into virtual_machines(id, name, archived, organization_id, category_id) values (369, '369: Denethor', false, 2, 19);
insert into virtual_machines(id, name, archived, organization_id, category_id) values (370, '370: Arwen Evenstar', false, 2, 20);
insert into virtual_machines(id, name, archived, organization_id, category_id) values (371, '371: Frodo Baggins', false, 2, 21);
insert into virtual_machines(id, name, archived, organization_id, category_id) values (372, '372: Sauron', false, 2, 22);
insert into virtual_machines(id, name, archived, organization_id, category_id) values (373, '373: Glorfindel', false, 2, 23);
insert into virtual_machines(id, name, archived, organization_id, category_id) values (374, '374: Éomer', false, 2, 24);
insert into virtual_machines(id, name, archived, organization_id, category_id) values (375, '375: Treebeard', false, 2, 25);
insert into virtual_machines(id, name, archived, organization_id, category_id) values (376, '376: Éowyn', false, 2, 1);
insert into virtual_machines(id, name, archived, organization_id, category_id) values (377, '377: Grìma Wormtongue', false, 2, 2);
insert into virtual_machines(id, name, archived, organization_id, category_id) values (378, '378: Aragorn', false, 2, 3);
insert into virtual_machines(id, name, archived, organization_id, category_id) values (379, '379: Galadriel', false, 2, 4);
insert into virtual_machines(id, name, archived, organization_id, category_id) values (380, '380: Aragorn', false, 2, 5);
insert into virtual_machines(id, name, archived, organization_id, category_id) values (381, '381: Gollum', false, 2, 6);
insert into virtual_machines(id, name, archived, organization_id, category_id) values (382, '382: Elrond', false, 2, 7);
insert into virtual_machines(id, name, archived, organization_id, category_id) values (383, '383: Galadriel', false, 2, 8);
insert into virtual_machines(id, name, archived, organization_id, category_id) values (384, '384: Saruman the White', false, 2, 9);
insert into virtual_machines(id, name, archived, organization_id, category_id) values (385, '385: Saruman the White', false, 2, 10);
insert into virtual_machines(id, name, archived, organization_id, category_id) values (386, '386: Sauron', false, 2, 11);
insert into virtual_machines(id, name, archived, organization_id, category_id) values (387, '387: Elrond', false, 2, 12);
insert into virtual_machines(id, name, archived, organization_id, category_id) values (388, '388: Barliman Butterbur', false, 2, 13);
insert into virtual_machines(id, name, archived, organization_id, category_id) values (389, '389: Tom Bombadil', false, 2, 14);
insert into virtual_machines(id, name, archived, organization_id, category_id) values (390, '390: Gollum', false, 2, 15);
insert into virtual_machines(id, name, archived, organization_id, category_id) values (391, '391: Glorfindel', false, 2, 16);
insert into virtual_machines(id, name, archived, organization_id, category_id) values (392, '392: Gandalf the Grey', false, 2, 17);
insert into virtual_machines(id, name, archived, organization_id, category_id) values (393, '393: Saruman the White', false, 2, 18);
insert into virtual_machines(id, name, archived, organization_id, category_id) values (394, '394: Éomer', false, 2, 19);
insert into virtual_machines(id, name, archived, organization_id, category_id) values (395, '395: Frodo Baggins', false, 2, 20);
insert into virtual_machines(id, name, archived, organization_id, category_id) values (396, '396: Grìma Wormtongue', false, 2, 21);
insert into virtual_machines(id, name, archived, organization_id, category_id) values (397, '397: Shelob', false, 2, 22);
insert into virtual_machines(id, name, archived, organization_id, category_id) values (398, '398: Quickbeam', false, 2, 23);
insert into virtual_machines(id, name, archived, organization_id, category_id) values (399, '399: Samwise Gamgee', false, 2, 24);
insert into virtual_machines(id, name, archived, organization_id, category_id) values (400, '400: Denethor', false, 2, 25);
insert into virtual_machines(id, name, archived, organization_id, category_id) values (401, '401: Gandalf the Grey', false, 3, 1);
insert into virtual_machines(id, name, archived, organization_id, category_id) values (402, '402: Legolas', false, 3, 2);
insert into virtual_machines(id, name, archived, organization_id, category_id) values (403, '403: Boromir', false, 3, 3);
insert into virtual_machines(id, name, archived, organization_id, category_id) values (404, '404: Gollum', false, 3, 4);
insert into virtual_machines(id, name, archived, organization_id, category_id) values (405, '405: Beregond', false, 3, 5);
insert into virtual_machines(id, name, archived, organization_id, category_id) values (406, '406: Frodo Baggins', false, 3, 6);
insert into virtual_machines(id, name, archived, organization_id, category_id) values (407, '407: Boromir', false, 3, 7);
insert into virtual_machines(id, name, archived, organization_id, category_id) values (408, '408: Frodo Baggins', false, 3, 8);
insert into virtual_machines(id, name, archived, organization_id, category_id) values (409, '409: Arwen Evenstar', false, 3, 9);
insert into virtual_machines(id, name, archived, organization_id, category_id) values (410, '410: Arwen Evenstar', false, 3, 10);
insert into virtual_machines(id, name, archived, organization_id, category_id) values (411, '411: Éomer', false, 3, 11);
insert into virtual_machines(id, name, archived, organization_id, category_id) values (412, '412: Gollum', false, 3, 12);
insert into virtual_machines(id, name, archived, organization_id, category_id) values (413, '413: Faramir', false, 3, 13);
insert into virtual_machines(id, name, archived, organization_id, category_id) values (414, '414: Treebeard', false, 3, 14);
insert into virtual_machines(id, name, archived, organization_id, category_id) values (415, '415: Éomer', false, 3, 15);
insert into virtual_machines(id, name, archived, organization_id, category_id) values (416, '416: Aragorn', false, 3, 16);
insert into virtual_machines(id, name, archived, organization_id, category_id) values (417, '417: Gollum', false, 3, 17);
insert into virtual_machines(id, name, archived, organization_id, category_id) values (418, '418: Tom Bombadil', false, 3, 18);
insert into virtual_machines(id, name, archived, organization_id, category_id) values (419, '419: Éomer', false, 3, 19);
insert into virtual_machines(id, name, archived, organization_id, category_id) values (420, '420: Quickbeam', false, 3, 20);
insert into virtual_machines(id, name, archived, organization_id, category_id) values (421, '421: Éowyn', false, 3, 21);
insert into virtual_machines(id, name, archived, organization_id, category_id) values (422, '422: Gimli', false, 3, 22);
insert into virtual_machines(id, name, archived, organization_id, category_id) values (423, '423: Shelob', false, 3, 23);
insert into virtual_machines(id, name, archived, organization_id, category_id) values (424, '424: Faramir', false, 3, 24);
insert into virtual_machines(id, name, archived, organization_id, category_id) values (425, '425: Beregond', false, 3, 25);
insert into virtual_machines(id, name, archived, organization_id, category_id) values (426, '426: Gandalf the Grey', false, 3, 1);
insert into virtual_machines(id, name, archived, organization_id, category_id) values (427, '427: Aragorn', false, 3, 2);
insert into virtual_machines(id, name, archived, organization_id, category_id) values (428, '428: Faramir', false, 3, 3);
insert into virtual_machines(id, name, archived, organization_id, category_id) values (429, '429: Tom Bombadil', false, 3, 4);
insert into virtual_machines(id, name, archived, organization_id, category_id) values (430, '430: Éomer', false, 3, 5);
insert into virtual_machines(id, name, archived, organization_id, category_id) values (431, '431: Gandalf the Grey', false, 3, 6);
insert into virtual_machines(id, name, archived, organization_id, category_id) values (432, '432: Galadriel', false, 3, 7);
insert into virtual_machines(id, name, archived, organization_id, category_id) values (433, '433: Théoden', false, 3, 8);
insert into virtual_machines(id, name, archived, organization_id, category_id) values (434, '434: Denethor', false, 3, 9);
insert into virtual_machines(id, name, archived, organization_id, category_id) values (435, '435: Arwen Evenstar', false, 3, 10);
insert into virtual_machines(id, name, archived, organization_id, category_id) values (436, '436: Treebeard', false, 3, 11);
insert into virtual_machines(id, name, archived, organization_id, category_id) values (437, '437: Tom Bombadil', false, 3, 12);
insert into virtual_machines(id, name, archived, organization_id, category_id) values (438, '438: Denethor', false, 3, 13);
insert into virtual_machines(id, name, archived, organization_id, category_id) values (439, '439: Barliman Butterbur', false, 3, 14);
insert into virtual_machines(id, name, archived, organization_id, category_id) values (440, '440: Frodo Baggins', false, 3, 15);
insert into virtual_machines(id, name, archived, organization_id, category_id) values (441, '441: Beregond', false, 3, 16);
insert into virtual_machines(id, name, archived, organization_id, category_id) values (442, '442: Sauron', false, 3, 17);
insert into virtual_machines(id, name, archived, organization_id, category_id) values (443, '443: Gandalf the Grey', false, 3, 18);
insert into virtual_machines(id, name, archived, organization_id, category_id) values (444, '444: Gollum', false, 3, 19);
insert into virtual_machines(id, name, archived, organization_id, category_id) values (445, '445: Saruman the White', false, 3, 20);
insert into virtual_machines(id, name, archived, organization_id, category_id) values (446, '446: Beregond', false, 3, 21);
insert into virtual_machines(id, name, archived, organization_id, category_id) values (447, '447: Treebeard', false, 3, 22);
insert into virtual_machines(id, name, archived, organization_id, category_id) values (448, '448: Grìma Wormtongue', false, 3, 23);
insert into virtual_machines(id, name, archived, organization_id, category_id) values (449, '449: Gollum', false, 3, 24);
insert into virtual_machines(id, name, archived, organization_id, category_id) values (450, '450: Peregrin Took', false, 3, 25);
insert into virtual_machines(id, name, archived, organization_id, category_id) values (451, '451: Galadriel', false, 3, 1);
insert into virtual_machines(id, name, archived, organization_id, category_id) values (452, '452: Legolas', false, 3, 2);
insert into virtual_machines(id, name, archived, organization_id, category_id) values (453, '453: Shelob', false, 3, 3);
insert into virtual_machines(id, name, archived, organization_id, category_id) values (454, '454: Elrond', false, 3, 4);
insert into virtual_machines(id, name, archived, organization_id, category_id) values (455, '455: Faramir', false, 3, 5);
insert into virtual_machines(id, name, archived, organization_id, category_id) values (456, '456: Quickbeam', false, 3, 6);
insert into virtual_machines(id, name, archived, organization_id, category_id) values (457, '457: Éomer', false, 3, 7);
insert into virtual_machines(id, name, archived, organization_id, category_id) values (458, '458: Peregrin Took', false, 3, 8);
insert into virtual_machines(id, name, archived, organization_id, category_id) values (459, '459: Éowyn', false, 3, 9);
insert into virtual_machines(id, name, archived, organization_id, category_id) values (460, '460: Bilbo Baggins', false, 3, 10);
insert into virtual_machines(id, name, archived, organization_id, category_id) values (461, '461: Quickbeam', false, 3, 11);
insert into virtual_machines(id, name, archived, organization_id, category_id) values (462, '462: Galadriel', false, 3, 12);
insert into virtual_machines(id, name, archived, organization_id, category_id) values (463, '463: Arwen Evenstar', false, 3, 13);
insert into virtual_machines(id, name, archived, organization_id, category_id) values (464, '464: Arwen Evenstar', false, 3, 14);
insert into virtual_machines(id, name, archived, organization_id, category_id) values (465, '465: Treebeard', false, 3, 15);
insert into virtual_machines(id, name, archived, organization_id, category_id) values (466, '466: Gollum', false, 3, 16);
insert into virtual_machines(id, name, archived, organization_id, category_id) values (467, '467: Boromir', false, 3, 17);
insert into virtual_machines(id, name, archived, organization_id, category_id) values (468, '468: Gandalf the Grey', false, 3, 18);
insert into virtual_machines(id, name, archived, organization_id, category_id) values (469, '469: Boromir', false, 3, 19);
insert into virtual_machines(id, name, archived, organization_id, category_id) values (470, '470: Gimli', false, 3, 20);
insert into virtual_machines(id, name, archived, organization_id, category_id) values (471, '471: Samwise Gamgee', false, 3, 21);
insert into virtual_machines(id, name, archived, organization_id, category_id) values (472, '472: Gollum', false, 3, 22);
insert into virtual_machines(id, name, archived, organization_id, category_id) values (473, '473: Éomer', false, 3, 23);
insert into virtual_machines(id, name, archived, organization_id, category_id) values (474, '474: Legolas', false, 3, 24);
insert into virtual_machines(id, name, archived, organization_id, category_id) values (475, '475: Sauron', false, 3, 25);
insert into virtual_machines(id, name, archived, organization_id, category_id) values (476, '476: Glorfindel', false, 3, 1);
insert into virtual_machines(id, name, archived, organization_id, category_id) values (477, '477: Bilbo Baggins', false, 3, 2);
insert into virtual_machines(id, name, archived, organization_id, category_id) values (478, '478: Glorfindel', false, 3, 3);
insert into virtual_machines(id, name, archived, organization_id, category_id) values (479, '479: Aragorn', false, 3, 4);
insert into virtual_machines(id, name, archived, organization_id, category_id) values (480, '480: Gandalf the Grey', false, 3, 5);
insert into virtual_machines(id, name, archived, organization_id, category_id) values (481, '481: Treebeard', false, 3, 6);
insert into virtual_machines(id, name, archived, organization_id, category_id) values (482, '482: Gollum', false, 3, 7);
insert into virtual_machines(id, name, archived, organization_id, category_id) values (483, '483: Quickbeam', false, 3, 8);
insert into virtual_machines(id, name, archived, organization_id, category_id) values (484, '484: Beregond', false, 3, 9);
insert into virtual_machines(id, name, archived, organization_id, category_id) values (485, '485: Faramir', false, 3, 10);
insert into virtual_machines(id, name, archived, organization_id, category_id) values (486, '486: Aragorn', false, 3, 11);
insert into virtual_machines(id, name, archived, organization_id, category_id) values (487, '487: Treebeard', false, 3, 12);
insert into virtual_machines(id, name, archived, organization_id, category_id) values (488, '488: Gimli', false, 3, 13);
insert into virtual_machines(id, name, archived, organization_id, category_id) values (489, '489: Faramir', false, 3, 14);
insert into virtual_machines(id, name, archived, organization_id, category_id) values (490, '490: Beregond', false, 3, 15);
insert into virtual_machines(id, name, archived, organization_id, category_id) values (491, '491: Gimli', false, 3, 16);
insert into virtual_machines(id, name, archived, organization_id, category_id) values (492, '492: Elrond', false, 3, 17);
insert into virtual_machines(id, name, archived, organization_id, category_id) values (493, '493: Shadowfax', false, 3, 18);
insert into virtual_machines(id, name, archived, organization_id, category_id) values (494, '494: Legolas', false, 3, 19);
insert into virtual_machines(id, name, archived, organization_id, category_id) values (495, '495: Beregond', false, 3, 20);
insert into virtual_machines(id, name, archived, organization_id, category_id) values (496, '496: Théoden', false, 3, 21);
insert into virtual_machines(id, name, archived, organization_id, category_id) values (497, '497: Glorfindel', false, 3, 22);
insert into virtual_machines(id, name, archived, organization_id, category_id) values (498, '498: Gandalf the Grey', false, 3, 23);
insert into virtual_machines(id, name, archived, organization_id, category_id) values (499, '499: Tom Bombadil', false, 3, 24);
insert into virtual_machines(id, name, archived, organization_id, category_id) values (500, '500: Gollum', false, 3, 25);
insert into virtual_machines(id, name, archived, organization_id, category_id) values (501, '501: Denethor', false, 3, 1);
insert into virtual_machines(id, name, archived, organization_id, category_id) values (502, '502: Elrond', false, 3, 2);
insert into virtual_machines(id, name, archived, organization_id, category_id) values (503, '503: Éomer', false, 3, 3);
insert into virtual_machines(id, name, archived, organization_id, category_id) values (504, '504: Frodo Baggins', false, 3, 4);
insert into virtual_machines(id, name, archived, organization_id, category_id) values (505, '505: Gandalf the Grey', false, 3, 5);
insert into virtual_machines(id, name, archived, organization_id, category_id) values (506, '506: Treebeard', false, 3, 6);
insert into virtual_machines(id, name, archived, organization_id, category_id) values (507, '507: Legolas', false, 3, 7);
insert into virtual_machines(id, name, archived, organization_id, category_id) values (508, '508: Éowyn', false, 3, 8);
insert into virtual_machines(id, name, archived, organization_id, category_id) values (509, '509: Gimli', false, 3, 9);
insert into virtual_machines(id, name, archived, organization_id, category_id) values (510, '510: Peregrin Took', false, 3, 10);
insert into virtual_machines(id, name, archived, organization_id, category_id) values (511, '511: Aragorn', false, 3, 11);
insert into virtual_machines(id, name, archived, organization_id, category_id) values (512, '512: Barliman Butterbur', false, 3, 12);
insert into virtual_machines(id, name, archived, organization_id, category_id) values (513, '513: Saruman the White', false, 3, 13);
insert into virtual_machines(id, name, archived, organization_id, category_id) values (514, '514: Shadowfax', false, 3, 14);
insert into virtual_machines(id, name, archived, organization_id, category_id) values (515, '515: Quickbeam', false, 3, 15);
insert into virtual_machines(id, name, archived, organization_id, category_id) values (516, '516: Arwen Evenstar', false, 3, 16);
insert into virtual_machines(id, name, archived, organization_id, category_id) values (517, '517: Bilbo Baggins', false, 3, 17);
insert into virtual_machines(id, name, archived, organization_id, category_id) values (518, '518: Shadowfax', false, 3, 18);
insert into virtual_machines(id, name, archived, organization_id, category_id) values (519, '519: Elrond', false, 3, 19);
insert into virtual_machines(id, name, archived, organization_id, category_id) values (520, '520: Quickbeam', false, 3, 20);
insert into virtual_machines(id, name, archived, organization_id, category_id) values (521, '521: Legolas', false, 3, 21);
insert into virtual_machines(id, name, archived, organization_id, category_id) values (522, '522: Elrond', false, 3, 22);
insert into virtual_machines(id, name, archived, organization_id, category_id) values (523, '523: Sauron', false, 3, 23);
insert into virtual_machines(id, name, archived, organization_id, category_id) values (524, '524: Théoden', false, 3, 24);
insert into virtual_machines(id, name, archived, organization_id, category_id) values (525, '525: Denethor', false, 3, 25);
insert into virtual_machines(id, name, archived, organization_id, category_id) values (526, '526: Faramir', false, 3, 1);
insert into virtual_machines(id, name, archived, organization_id, category_id) values (527, '527: Théoden', false, 3, 2);
insert into virtual_machines(id, name, archived, organization_id, category_id) values (528, '528: Éomer', false, 3, 3);
insert into virtual_machines(id, name, archived, organization_id, category_id) values (529, '529: Arwen Evenstar', false, 3, 4);
insert into virtual_machines(id, name, archived, organization_id, category_id) values (530, '530: Grìma Wormtongue', false, 3, 5);
insert into virtual_machines(id, name, archived, organization_id, category_id) values (531, '531: Denethor', false, 3, 6);
insert into virtual_machines(id, name, archived, organization_id, category_id) values (532, '532: Aragorn', false, 3, 7);
insert into virtual_machines(id, name, archived, organization_id, category_id) values (533, '533: Éowyn', false, 3, 8);
insert into virtual_machines(id, name, archived, organization_id, category_id) values (534, '534: Treebeard', false, 3, 9);
insert into virtual_machines(id, name, archived, organization_id, category_id) values (535, '535: Shadowfax', false, 3, 10);
insert into virtual_machines(id, name, archived, organization_id, category_id) values (536, '536: Glorfindel', false, 3, 11);
insert into virtual_machines(id, name, archived, organization_id, category_id) values (537, '537: Gimli', false, 3, 12);
insert into virtual_machines(id, name, archived, organization_id, category_id) values (538, '538: Saruman the White', false, 3, 13);
insert into virtual_machines(id, name, archived, organization_id, category_id) values (539, '539: Glorfindel', false, 3, 14);
insert into virtual_machines(id, name, archived, organization_id, category_id) values (540, '540: Quickbeam', false, 3, 15);
insert into virtual_machines(id, name, archived, organization_id, category_id) values (541, '541: Arwen Evenstar', false, 3, 16);
insert into virtual_machines(id, name, archived, organization_id, category_id) values (542, '542: Treebeard', false, 3, 17);
insert into virtual_machines(id, name, archived, organization_id, category_id) values (543, '543: Elrond', false, 3, 18);
insert into virtual_machines(id, name, archived, organization_id, category_id) values (544, '544: Aragorn', false, 3, 19);
insert into virtual_machines(id, name, archived, organization_id, category_id) values (545, '545: Gollum', false, 3, 20);
insert into virtual_machines(id, name, archived, organization_id, category_id) values (546, '546: Grìma Wormtongue', false, 3, 21);
insert into virtual_machines(id, name, archived, organization_id, category_id) values (547, '547: Peregrin Took', false, 3, 22);
insert into virtual_machines(id, name, archived, organization_id, category_id) values (548, '548: Tom Bombadil', false, 3, 23);
insert into virtual_machines(id, name, archived, organization_id, category_id) values (549, '549: Gimli', false, 3, 24);
insert into virtual_machines(id, name, archived, organization_id, category_id) values (550, '550: Sauron', false, 3, 25);
insert into virtual_machines(id, name, archived, organization_id, category_id) values (551, '551: Gollum', false, 3, 1);
insert into virtual_machines(id, name, archived, organization_id, category_id) values (552, '552: Bilbo Baggins', false, 3, 2);
insert into virtual_machines(id, name, archived, organization_id, category_id) values (553, '553: Denethor', false, 3, 3);
insert into virtual_machines(id, name, archived, organization_id, category_id) values (554, '554: Peregrin Took', false, 3, 4);
insert into virtual_machines(id, name, archived, organization_id, category_id) values (555, '555: Galadriel', false, 3, 5);
insert into virtual_machines(id, name, archived, organization_id, category_id) values (556, '556: Meriadoc Brandybuck', false, 3, 6);
insert into virtual_machines(id, name, archived, organization_id, category_id) values (557, '557: Gollum', false, 3, 7);
insert into virtual_machines(id, name, archived, organization_id, category_id) values (558, '558: Shelob', false, 3, 8);
insert into virtual_machines(id, name, archived, organization_id, category_id) values (559, '559: Saruman the White', false, 3, 9);
insert into virtual_machines(id, name, archived, organization_id, category_id) values (560, '560: Elrond', false, 3, 10);
insert into virtual_machines(id, name, archived, organization_id, category_id) values (561, '561: Treebeard', false, 3, 11);
insert into virtual_machines(id, name, archived, organization_id, category_id) values (562, '562: Meriadoc Brandybuck', false, 3, 12);
insert into virtual_machines(id, name, archived, organization_id, category_id) values (563, '563: Glorfindel', false, 3, 13);
insert into virtual_machines(id, name, archived, organization_id, category_id) values (564, '564: Gimli', false, 3, 14);
insert into virtual_machines(id, name, archived, organization_id, category_id) values (565, '565: Galadriel', false, 3, 15);
insert into virtual_machines(id, name, archived, organization_id, category_id) values (566, '566: Théoden', false, 3, 16);
insert into virtual_machines(id, name, archived, organization_id, category_id) values (567, '567: Samwise Gamgee', false, 3, 17);
insert into virtual_machines(id, name, archived, organization_id, category_id) values (568, '568: Arwen Evenstar', false, 3, 18);
insert into virtual_machines(id, name, archived, organization_id, category_id) values (569, '569: Arwen Evenstar', false, 3, 19);
insert into virtual_machines(id, name, archived, organization_id, category_id) values (570, '570: Gandalf the Grey', false, 3, 20);
insert into virtual_machines(id, name, archived, organization_id, category_id) values (571, '571: Saruman the White', false, 3, 21);
insert into virtual_machines(id, name, archived, organization_id, category_id) values (572, '572: Shadowfax', false, 3, 22);
insert into virtual_machines(id, name, archived, organization_id, category_id) values (573, '573: Boromir', false, 3, 23);
insert into virtual_machines(id, name, archived, organization_id, category_id) values (574, '574: Gandalf the Grey', false, 3, 24);
insert into virtual_machines(id, name, archived, organization_id, category_id) values (575, '575: Elrond', false, 3, 25);
insert into virtual_machines(id, name, archived, organization_id, category_id) values (576, '576: Treebeard', false, 3, 1);
insert into virtual_machines(id, name, archived, organization_id, category_id) values (577, '577: Galadriel', false, 3, 2);
insert into virtual_machines(id, name, archived, organization_id, category_id) values (578, '578: Faramir', false, 3, 3);
insert into virtual_machines(id, name, archived, organization_id, category_id) values (579, '579: Beregond', false, 3, 4);
insert into virtual_machines(id, name, archived, organization_id, category_id) values (580, '580: Barliman Butterbur', false, 3, 5);
insert into virtual_machines(id, name, archived, organization_id, category_id) values (581, '581: Legolas', false, 3, 6);
insert into virtual_machines(id, name, archived, organization_id, category_id) values (582, '582: Théoden', false, 3, 7);
insert into virtual_machines(id, name, archived, organization_id, category_id) values (583, '583: Galadriel', false, 3, 8);
insert into virtual_machines(id, name, archived, organization_id, category_id) values (584, '584: Legolas', false, 3, 9);
insert into virtual_machines(id, name, archived, organization_id, category_id) values (585, '585: Sauron', false, 3, 10);
insert into virtual_machines(id, name, archived, organization_id, category_id) values (586, '586: Shelob', false, 3, 11);
insert into virtual_machines(id, name, archived, organization_id, category_id) values (587, '587: Samwise Gamgee', false, 3, 12);
insert into virtual_machines(id, name, archived, organization_id, category_id) values (588, '588: Meriadoc Brandybuck', false, 3, 13);
insert into virtual_machines(id, name, archived, organization_id, category_id) values (589, '589: Gandalf the Grey', false, 3, 14);
insert into virtual_machines(id, name, archived, organization_id, category_id) values (590, '590: Gollum', false, 3, 15);
insert into virtual_machines(id, name, archived, organization_id, category_id) values (591, '591: Frodo Baggins', false, 3, 16);
insert into virtual_machines(id, name, archived, organization_id, category_id) values (592, '592: Denethor', false, 3, 17);
insert into virtual_machines(id, name, archived, organization_id, category_id) values (593, '593: Bilbo Baggins', false, 3, 18);
insert into virtual_machines(id, name, archived, organization_id, category_id) values (594, '594: Sauron', false, 3, 19);
insert into virtual_machines(id, name, archived, organization_id, category_id) values (595, '595: Treebeard', false, 3, 20);
insert into virtual_machines(id, name, archived, organization_id, category_id) values (596, '596: Elrond', false, 3, 21);
insert into virtual_machines(id, name, archived, organization_id, category_id) values (597, '597: Shelob', false, 3, 22);
insert into virtual_machines(id, name, archived, organization_id, category_id) values (598, '598: Peregrin Took', false, 3, 23);
insert into virtual_machines(id, name, archived, organization_id, category_id) values (599, '599: Legolas', false, 3, 24);
insert into virtual_machines(id, name, archived, organization_id, category_id) values (600, '600: Gollum', false, 3, 25);
insert into virtual_machines(id, name, archived, organization_id, category_id) values (601, '601: Aragorn', false, 4, 1);
insert into virtual_machines(id, name, archived, organization_id, category_id) values (602, '602: Sauron', false, 4, 2);
insert into virtual_machines(id, name, archived, organization_id, category_id) values (603, '603: Éomer', false, 4, 3);
insert into virtual_machines(id, name, archived, organization_id, category_id) values (604, '604: Sauron', false, 4, 4);
insert into virtual_machines(id, name, archived, organization_id, category_id) values (605, '605: Meriadoc Brandybuck', false, 4, 5);
insert into virtual_machines(id, name, archived, organization_id, category_id) values (606, '606: Gimli', false, 4, 6);
insert into virtual_machines(id, name, archived, organization_id, category_id) values (607, '607: Bilbo Baggins', false, 4, 7);
insert into virtual_machines(id, name, archived, organization_id, category_id) values (608, '608: Galadriel', false, 4, 8);
insert into virtual_machines(id, name, archived, organization_id, category_id) values (609, '609: Bilbo Baggins', false, 4, 9);
insert into virtual_machines(id, name, archived, organization_id, category_id) values (610, '610: Faramir', false, 4, 10);
insert into virtual_machines(id, name, archived, organization_id, category_id) values (611, '611: Samwise Gamgee', false, 4, 11);
insert into virtual_machines(id, name, archived, organization_id, category_id) values (612, '612: Galadriel', false, 4, 12);
insert into virtual_machines(id, name, archived, organization_id, category_id) values (613, '613: Arwen Evenstar', false, 4, 13);
insert into virtual_machines(id, name, archived, organization_id, category_id) values (614, '614: Boromir', false, 4, 14);
insert into virtual_machines(id, name, archived, organization_id, category_id) values (615, '615: Éomer', false, 4, 15);
insert into virtual_machines(id, name, archived, organization_id, category_id) values (616, '616: Elrond', false, 4, 16);
insert into virtual_machines(id, name, archived, organization_id, category_id) values (617, '617: Gollum', false, 4, 17);
insert into virtual_machines(id, name, archived, organization_id, category_id) values (618, '618: Frodo Baggins', false, 4, 18);
insert into virtual_machines(id, name, archived, organization_id, category_id) values (619, '619: Aragorn', false, 4, 19);
insert into virtual_machines(id, name, archived, organization_id, category_id) values (620, '620: Tom Bombadil', false, 4, 20);
insert into virtual_machines(id, name, archived, organization_id, category_id) values (621, '621: Meriadoc Brandybuck', false, 4, 21);
insert into virtual_machines(id, name, archived, organization_id, category_id) values (622, '622: Sauron', false, 4, 22);
insert into virtual_machines(id, name, archived, organization_id, category_id) values (623, '623: Quickbeam', false, 4, 23);
insert into virtual_machines(id, name, archived, organization_id, category_id) values (624, '624: Peregrin Took', false, 4, 24);
insert into virtual_machines(id, name, archived, organization_id, category_id) values (625, '625: Denethor', false, 4, 25);
insert into virtual_machines(id, name, archived, organization_id, category_id) values (626, '626: Quickbeam', false, 4, 1);
insert into virtual_machines(id, name, archived, organization_id, category_id) values (627, '627: Shadowfax', false, 4, 2);
insert into virtual_machines(id, name, archived, organization_id, category_id) values (628, '628: Denethor', false, 4, 3);
insert into virtual_machines(id, name, archived, organization_id, category_id) values (629, '629: Legolas', false, 4, 4);
insert into virtual_machines(id, name, archived, organization_id, category_id) values (630, '630: Bilbo Baggins', false, 4, 5);
insert into virtual_machines(id, name, archived, organization_id, category_id) values (631, '631: Théoden', false, 4, 6);
insert into virtual_machines(id, name, archived, organization_id, category_id) values (632, '632: Denethor', false, 4, 7);
insert into virtual_machines(id, name, archived, organization_id, category_id) values (633, '633: Legolas', false, 4, 8);
insert into virtual_machines(id, name, archived, organization_id, category_id) values (634, '634: Samwise Gamgee', false, 4, 9);
insert into virtual_machines(id, name, archived, organization_id, category_id) values (635, '635: Galadriel', false, 4, 10);
insert into virtual_machines(id, name, archived, organization_id, category_id) values (636, '636: Denethor', false, 4, 11);
insert into virtual_machines(id, name, archived, organization_id, category_id) values (637, '637: Gimli', false, 4, 12);
insert into virtual_machines(id, name, archived, organization_id, category_id) values (638, '638: Barliman Butterbur', false, 4, 13);
insert into virtual_machines(id, name, archived, organization_id, category_id) values (639, '639: Quickbeam', false, 4, 14);
insert into virtual_machines(id, name, archived, organization_id, category_id) values (640, '640: Bilbo Baggins', false, 4, 15);
insert into virtual_machines(id, name, archived, organization_id, category_id) values (641, '641: Beregond', false, 4, 16);
insert into virtual_machines(id, name, archived, organization_id, category_id) values (642, '642: Beregond', false, 4, 17);
insert into virtual_machines(id, name, archived, organization_id, category_id) values (643, '643: Shelob', false, 4, 18);
insert into virtual_machines(id, name, archived, organization_id, category_id) values (644, '644: Legolas', false, 4, 19);
insert into virtual_machines(id, name, archived, organization_id, category_id) values (645, '645: Sauron', false, 4, 20);
insert into virtual_machines(id, name, archived, organization_id, category_id) values (646, '646: Éowyn', false, 4, 21);
insert into virtual_machines(id, name, archived, organization_id, category_id) values (647, '647: Peregrin Took', false, 4, 22);
insert into virtual_machines(id, name, archived, organization_id, category_id) values (648, '648: Aragorn', false, 4, 23);
insert into virtual_machines(id, name, archived, organization_id, category_id) values (649, '649: Glorfindel', false, 4, 24);
insert into virtual_machines(id, name, archived, organization_id, category_id) values (650, '650: Barliman Butterbur', false, 4, 25);
insert into virtual_machines(id, name, archived, organization_id, category_id) values (651, '651: Treebeard', false, 4, 1);
insert into virtual_machines(id, name, archived, organization_id, category_id) values (652, '652: Gollum', false, 4, 2);
insert into virtual_machines(id, name, archived, organization_id, category_id) values (653, '653: Tom Bombadil', false, 4, 3);
insert into virtual_machines(id, name, archived, organization_id, category_id) values (654, '654: Treebeard', false, 4, 4);
insert into virtual_machines(id, name, archived, organization_id, category_id) values (655, '655: Gollum', false, 4, 5);
insert into virtual_machines(id, name, archived, organization_id, category_id) values (656, '656: Samwise Gamgee', false, 4, 6);
insert into virtual_machines(id, name, archived, organization_id, category_id) values (657, '657: Bilbo Baggins', false, 4, 7);
insert into virtual_machines(id, name, archived, organization_id, category_id) values (658, '658: Sauron', false, 4, 8);
insert into virtual_machines(id, name, archived, organization_id, category_id) values (659, '659: Gollum', false, 4, 9);
insert into virtual_machines(id, name, archived, organization_id, category_id) values (660, '660: Bilbo Baggins', false, 4, 10);
insert into virtual_machines(id, name, archived, organization_id, category_id) values (661, '661: Gimli', false, 4, 11);
insert into virtual_machines(id, name, archived, organization_id, category_id) values (662, '662: Treebeard', false, 4, 12);
insert into virtual_machines(id, name, archived, organization_id, category_id) values (663, '663: Boromir', false, 4, 13);
insert into virtual_machines(id, name, archived, organization_id, category_id) values (664, '664: Galadriel', false, 4, 14);
insert into virtual_machines(id, name, archived, organization_id, category_id) values (665, '665: Arwen Evenstar', false, 4, 15);
insert into virtual_machines(id, name, archived, organization_id, category_id) values (666, '666: Samwise Gamgee', false, 4, 16);
insert into virtual_machines(id, name, archived, organization_id, category_id) values (667, '667: Arwen Evenstar', false, 4, 17);
insert into virtual_machines(id, name, archived, organization_id, category_id) values (668, '668: Faramir', false, 4, 18);
insert into virtual_machines(id, name, archived, organization_id, category_id) values (669, '669: Grìma Wormtongue', false, 4, 19);
insert into virtual_machines(id, name, archived, organization_id, category_id) values (670, '670: Éomer', false, 4, 20);
insert into virtual_machines(id, name, archived, organization_id, category_id) values (671, '671: Grìma Wormtongue', false, 4, 21);
insert into virtual_machines(id, name, archived, organization_id, category_id) values (672, '672: Shelob', false, 4, 22);
insert into virtual_machines(id, name, archived, organization_id, category_id) values (673, '673: Frodo Baggins', false, 4, 23);
insert into virtual_machines(id, name, archived, organization_id, category_id) values (674, '674: Grìma Wormtongue', false, 4, 24);
insert into virtual_machines(id, name, archived, organization_id, category_id) values (675, '675: Gollum', false, 4, 25);
insert into virtual_machines(id, name, archived, organization_id, category_id) values (676, '676: Peregrin Took', false, 4, 1);
insert into virtual_machines(id, name, archived, organization_id, category_id) values (677, '677: Barliman Butterbur', false, 4, 2);
insert into virtual_machines(id, name, archived, organization_id, category_id) values (678, '678: Grìma Wormtongue', false, 4, 3);
insert into virtual_machines(id, name, archived, organization_id, category_id) values (679, '679: Boromir', false, 4, 4);
insert into virtual_machines(id, name, archived, organization_id, category_id) values (680, '680: Bilbo Baggins', false, 4, 5);
insert into virtual_machines(id, name, archived, organization_id, category_id) values (681, '681: Legolas', false, 4, 6);
insert into virtual_machines(id, name, archived, organization_id, category_id) values (682, '682: Denethor', false, 4, 7);
insert into virtual_machines(id, name, archived, organization_id, category_id) values (683, '683: Éowyn', false, 4, 8);
insert into virtual_machines(id, name, archived, organization_id, category_id) values (684, '684: Shadowfax', false, 4, 9);
insert into virtual_machines(id, name, archived, organization_id, category_id) values (685, '685: Treebeard', false, 4, 10);
insert into virtual_machines(id, name, archived, organization_id, category_id) values (686, '686: Quickbeam', false, 4, 11);
insert into virtual_machines(id, name, archived, organization_id, category_id) values (687, '687: Saruman the White', false, 4, 12);
insert into virtual_machines(id, name, archived, organization_id, category_id) values (688, '688: Frodo Baggins', false, 4, 13);
insert into virtual_machines(id, name, archived, organization_id, category_id) values (689, '689: Treebeard', false, 4, 14);
insert into virtual_machines(id, name, archived, organization_id, category_id) values (690, '690: Denethor', false, 4, 15);
insert into virtual_machines(id, name, archived, organization_id, category_id) values (691, '691: Galadriel', false, 4, 16);
insert into virtual_machines(id, name, archived, organization_id, category_id) values (692, '692: Grìma Wormtongue', false, 4, 17);
insert into virtual_machines(id, name, archived, organization_id, category_id) values (693, '693: Théoden', false, 4, 18);
insert into virtual_machines(id, name, archived, organization_id, category_id) values (694, '694: Tom Bombadil', false, 4, 19);
insert into virtual_machines(id, name, archived, organization_id, category_id) values (695, '695: Shelob', false, 4, 20);
insert into virtual_machines(id, name, archived, organization_id, category_id) values (696, '696: Théoden', false, 4, 21);
insert into virtual_machines(id, name, archived, organization_id, category_id) values (697, '697: Samwise Gamgee', false, 4, 22);
insert into virtual_machines(id, name, archived, organization_id, category_id) values (698, '698: Gimli', false, 4, 23);
insert into virtual_machines(id, name, archived, organization_id, category_id) values (699, '699: Sauron', false, 4, 24);
insert into virtual_machines(id, name, archived, organization_id, category_id) values (700, '700: Denethor', false, 4, 25);
insert into virtual_machines(id, name, archived, organization_id, category_id) values (701, '701: Shadowfax', false, 4, 1);
insert into virtual_machines(id, name, archived, organization_id, category_id) values (702, '702: Shelob', false, 4, 2);
insert into virtual_machines(id, name, archived, organization_id, category_id) values (703, '703: Boromir', false, 4, 3);
insert into virtual_machines(id, name, archived, organization_id, category_id) values (704, '704: Bilbo Baggins', false, 4, 4);
insert into virtual_machines(id, name, archived, organization_id, category_id) values (705, '705: Meriadoc Brandybuck', false, 4, 5);
insert into virtual_machines(id, name, archived, organization_id, category_id) values (706, '706: Aragorn', false, 4, 6);
insert into virtual_machines(id, name, archived, organization_id, category_id) values (707, '707: Elrond', false, 4, 7);
insert into virtual_machines(id, name, archived, organization_id, category_id) values (708, '708: Shelob', false, 4, 8);
insert into virtual_machines(id, name, archived, organization_id, category_id) values (709, '709: Samwise Gamgee', false, 4, 9);
insert into virtual_machines(id, name, archived, organization_id, category_id) values (710, '710: Gimli', false, 4, 10);
insert into virtual_machines(id, name, archived, organization_id, category_id) values (711, '711: Glorfindel', false, 4, 11);
insert into virtual_machines(id, name, archived, organization_id, category_id) values (712, '712: Arwen Evenstar', false, 4, 12);
insert into virtual_machines(id, name, archived, organization_id, category_id) values (713, '713: Elrond', false, 4, 13);
insert into virtual_machines(id, name, archived, organization_id, category_id) values (714, '714: Legolas', false, 4, 14);
insert into virtual_machines(id, name, archived, organization_id, category_id) values (715, '715: Beregond', false, 4, 15);
insert into virtual_machines(id, name, archived, organization_id, category_id) values (716, '716: Théoden', false, 4, 16);
insert into virtual_machines(id, name, archived, organization_id, category_id) values (717, '717: Faramir', false, 4, 17);
insert into virtual_machines(id, name, archived, organization_id, category_id) values (718, '718: Sauron', false, 4, 18);
insert into virtual_machines(id, name, archived, organization_id, category_id) values (719, '719: Treebeard', false, 4, 19);
insert into virtual_machines(id, name, archived, organization_id, category_id) values (720, '720: Éowyn', false, 4, 20);
insert into virtual_machines(id, name, archived, organization_id, category_id) values (721, '721: Galadriel', false, 4, 21);
insert into virtual_machines(id, name, archived, organization_id, category_id) values (722, '722: Gimli', false, 4, 22);
insert into virtual_machines(id, name, archived, organization_id, category_id) values (723, '723: Grìma Wormtongue', false, 4, 23);
insert into virtual_machines(id, name, archived, organization_id, category_id) values (724, '724: Gandalf the Grey', false, 4, 24);
insert into virtual_machines(id, name, archived, organization_id, category_id) values (725, '725: Peregrin Took', false, 4, 25);
insert into virtual_machines(id, name, archived, organization_id, category_id) values (726, '726: Aragorn', false, 4, 1);
insert into virtual_machines(id, name, archived, organization_id, category_id) values (727, '727: Tom Bombadil', false, 4, 2);
insert into virtual_machines(id, name, archived, organization_id, category_id) values (728, '728: Saruman the White', false, 4, 3);
insert into virtual_machines(id, name, archived, organization_id, category_id) values (729, '729: Elrond', false, 4, 4);
insert into virtual_machines(id, name, archived, organization_id, category_id) values (730, '730: Treebeard', false, 4, 5);
insert into virtual_machines(id, name, archived, organization_id, category_id) values (731, '731: Legolas', false, 4, 6);
insert into virtual_machines(id, name, archived, organization_id, category_id) values (732, '732: Saruman the White', false, 4, 7);
insert into virtual_machines(id, name, archived, organization_id, category_id) values (733, '733: Théoden', false, 4, 8);
insert into virtual_machines(id, name, archived, organization_id, category_id) values (734, '734: Samwise Gamgee', false, 4, 9);
insert into virtual_machines(id, name, archived, organization_id, category_id) values (735, '735: Legolas', false, 4, 10);
insert into virtual_machines(id, name, archived, organization_id, category_id) values (736, '736: Elrond', false, 4, 11);
insert into virtual_machines(id, name, archived, organization_id, category_id) values (737, '737: Gollum', false, 4, 12);
insert into virtual_machines(id, name, archived, organization_id, category_id) values (738, '738: Sauron', false, 4, 13);
insert into virtual_machines(id, name, archived, organization_id, category_id) values (739, '739: Denethor', false, 4, 14);
insert into virtual_machines(id, name, archived, organization_id, category_id) values (740, '740: Beregond', false, 4, 15);
insert into virtual_machines(id, name, archived, organization_id, category_id) values (741, '741: Aragorn', false, 4, 16);
insert into virtual_machines(id, name, archived, organization_id, category_id) values (742, '742: Gandalf the Grey', false, 4, 17);
insert into virtual_machines(id, name, archived, organization_id, category_id) values (743, '743: Glorfindel', false, 4, 18);
insert into virtual_machines(id, name, archived, organization_id, category_id) values (744, '744: Sauron', false, 4, 19);
insert into virtual_machines(id, name, archived, organization_id, category_id) values (745, '745: Samwise Gamgee', false, 4, 20);
insert into virtual_machines(id, name, archived, organization_id, category_id) values (746, '746: Elrond', false, 4, 21);
insert into virtual_machines(id, name, archived, organization_id, category_id) values (747, '747: Grìma Wormtongue', false, 4, 22);
insert into virtual_machines(id, name, archived, organization_id, category_id) values (748, '748: Glorfindel', false, 4, 23);
insert into virtual_machines(id, name, archived, organization_id, category_id) values (749, '749: Éowyn', false, 4, 24);
insert into virtual_machines(id, name, archived, organization_id, category_id) values (750, '750: Samwise Gamgee', false, 4, 25);
insert into virtual_machines(id, name, archived, organization_id, category_id) values (751, '751: Galadriel', false, 4, 1);
insert into virtual_machines(id, name, archived, organization_id, category_id) values (752, '752: Barliman Butterbur', false, 4, 2);
insert into virtual_machines(id, name, archived, organization_id, category_id) values (753, '753: Legolas', false, 4, 3);
insert into virtual_machines(id, name, archived, organization_id, category_id) values (754, '754: Faramir', false, 4, 4);
insert into virtual_machines(id, name, archived, organization_id, category_id) values (755, '755: Bilbo Baggins', false, 4, 5);
insert into virtual_machines(id, name, archived, organization_id, category_id) values (756, '756: Aragorn', false, 4, 6);
insert into virtual_machines(id, name, archived, organization_id, category_id) values (757, '757: Barliman Butterbur', false, 4, 7);
insert into virtual_machines(id, name, archived, organization_id, category_id) values (758, '758: Shelob', false, 4, 8);
insert into virtual_machines(id, name, archived, organization_id, category_id) values (759, '759: Aragorn', false, 4, 9);
insert into virtual_machines(id, name, archived, organization_id, category_id) values (760, '760: Samwise Gamgee', false, 4, 10);
insert into virtual_machines(id, name, archived, organization_id, category_id) values (761, '761: Legolas', false, 4, 11);
insert into virtual_machines(id, name, archived, organization_id, category_id) values (762, '762: Shadowfax', false, 4, 12);
insert into virtual_machines(id, name, archived, organization_id, category_id) values (763, '763: Meriadoc Brandybuck', false, 4, 13);
insert into virtual_machines(id, name, archived, organization_id, category_id) values (764, '764: Glorfindel', false, 4, 14);
insert into virtual_machines(id, name, archived, organization_id, category_id) values (765, '765: Saruman the White', false, 4, 15);
insert into virtual_machines(id, name, archived, organization_id, category_id) values (766, '766: Peregrin Took', false, 4, 16);
insert into virtual_machines(id, name, archived, organization_id, category_id) values (767, '767: Tom Bombadil', false, 4, 17);
insert into virtual_machines(id, name, archived, organization_id, category_id) values (768, '768: Bilbo Baggins', false, 4, 18);
insert into virtual_machines(id, name, archived, organization_id, category_id) values (769, '769: Aragorn', false, 4, 19);
insert into virtual_machines(id, name, archived, organization_id, category_id) values (770, '770: Tom Bombadil', false, 4, 20);
insert into virtual_machines(id, name, archived, organization_id, category_id) values (771, '771: Shelob', false, 4, 21);
insert into virtual_machines(id, name, archived, organization_id, category_id) values (772, '772: Arwen Evenstar', false, 4, 22);
insert into virtual_machines(id, name, archived, organization_id, category_id) values (773, '773: Treebeard', false, 4, 23);
insert into virtual_machines(id, name, archived, organization_id, category_id) values (774, '774: Barliman Butterbur', false, 4, 24);
insert into virtual_machines(id, name, archived, organization_id, category_id) values (775, '775: Boromir', false, 4, 25);
insert into virtual_machines(id, name, archived, organization_id, category_id) values (776, '776: Théoden', false, 4, 1);
insert into virtual_machines(id, name, archived, organization_id, category_id) values (777, '777: Beregond', false, 4, 2);
insert into virtual_machines(id, name, archived, organization_id, category_id) values (778, '778: Faramir', false, 4, 3);
insert into virtual_machines(id, name, archived, organization_id, category_id) values (779, '779: Treebeard', false, 4, 4);
insert into virtual_machines(id, name, archived, organization_id, category_id) values (780, '780: Barliman Butterbur', false, 4, 5);
insert into virtual_machines(id, name, archived, organization_id, category_id) values (781, '781: Saruman the White', false, 4, 6);
insert into virtual_machines(id, name, archived, organization_id, category_id) values (782, '782: Legolas', false, 4, 7);
insert into virtual_machines(id, name, archived, organization_id, category_id) values (783, '783: Samwise Gamgee', false, 4, 8);
insert into virtual_machines(id, name, archived, organization_id, category_id) values (784, '784: Gollum', false, 4, 9);
insert into virtual_machines(id, name, archived, organization_id, category_id) values (785, '785: Boromir', false, 4, 10);
insert into virtual_machines(id, name, archived, organization_id, category_id) values (786, '786: Boromir', false, 4, 11);
insert into virtual_machines(id, name, archived, organization_id, category_id) values (787, '787: Sauron', false, 4, 12);
insert into virtual_machines(id, name, archived, organization_id, category_id) values (788, '788: Gollum', false, 4, 13);
insert into virtual_machines(id, name, archived, organization_id, category_id) values (789, '789: Gollum', false, 4, 14);
insert into virtual_machines(id, name, archived, organization_id, category_id) values (790, '790: Shadowfax', false, 4, 15);
insert into virtual_machines(id, name, archived, organization_id, category_id) values (791, '791: Sauron', false, 4, 16);
insert into virtual_machines(id, name, archived, organization_id, category_id) values (792, '792: Shadowfax', false, 4, 17);
insert into virtual_machines(id, name, archived, organization_id, category_id) values (793, '793: Elrond', false, 4, 18);
insert into virtual_machines(id, name, archived, organization_id, category_id) values (794, '794: Gimli', false, 4, 19);
insert into virtual_machines(id, name, archived, organization_id, category_id) values (795, '795: Frodo Baggins', false, 4, 20);
insert into virtual_machines(id, name, archived, organization_id, category_id) values (796, '796: Legolas', false, 4, 21);
insert into virtual_machines(id, name, archived, organization_id, category_id) values (797, '797: Denethor', false, 4, 22);
insert into virtual_machines(id, name, archived, organization_id, category_id) values (798, '798: Faramir', false, 4, 23);
insert into virtual_machines(id, name, archived, organization_id, category_id) values (799, '799: Gollum', false, 4, 24);
insert into virtual_machines(id, name, archived, organization_id, category_id) values (800, '800: Glorfindel', false, 4, 25);
insert into virtual_machines(id, name, archived, organization_id, category_id) values (801, '801: Saruman the White', false, 5, 1);
insert into virtual_machines(id, name, archived, organization_id, category_id) values (802, '802: Grìma Wormtongue', false, 5, 2);
insert into virtual_machines(id, name, archived, organization_id, category_id) values (803, '803: Arwen Evenstar', false, 5, 3);
insert into virtual_machines(id, name, archived, organization_id, category_id) values (804, '804: Sauron', false, 5, 4);
insert into virtual_machines(id, name, archived, organization_id, category_id) values (805, '805: Théoden', false, 5, 5);
insert into virtual_machines(id, name, archived, organization_id, category_id) values (806, '806: Théoden', false, 5, 6);
insert into virtual_machines(id, name, archived, organization_id, category_id) values (807, '807: Peregrin Took', false, 5, 7);
insert into virtual_machines(id, name, archived, organization_id, category_id) values (808, '808: Aragorn', false, 5, 8);
insert into virtual_machines(id, name, archived, organization_id, category_id) values (809, '809: Peregrin Took', false, 5, 9);
insert into virtual_machines(id, name, archived, organization_id, category_id) values (810, '810: Bilbo Baggins', false, 5, 10);
insert into virtual_machines(id, name, archived, organization_id, category_id) values (811, '811: Saruman the White', false, 5, 11);
insert into virtual_machines(id, name, archived, organization_id, category_id) values (812, '812: Quickbeam', false, 5, 12);
insert into virtual_machines(id, name, archived, organization_id, category_id) values (813, '813: Gollum', false, 5, 13);
insert into virtual_machines(id, name, archived, organization_id, category_id) values (814, '814: Quickbeam', false, 5, 14);
insert into virtual_machines(id, name, archived, organization_id, category_id) values (815, '815: Beregond', false, 5, 15);
insert into virtual_machines(id, name, archived, organization_id, category_id) values (816, '816: Grìma Wormtongue', false, 5, 16);
insert into virtual_machines(id, name, archived, organization_id, category_id) values (817, '817: Treebeard', false, 5, 17);
insert into virtual_machines(id, name, archived, organization_id, category_id) values (818, '818: Faramir', false, 5, 18);
insert into virtual_machines(id, name, archived, organization_id, category_id) values (819, '819: Gandalf the Grey', false, 5, 19);
insert into virtual_machines(id, name, archived, organization_id, category_id) values (820, '820: Meriadoc Brandybuck', false, 5, 20);
insert into virtual_machines(id, name, archived, organization_id, category_id) values (821, '821: Shadowfax', false, 5, 21);
insert into virtual_machines(id, name, archived, organization_id, category_id) values (822, '822: Samwise Gamgee', false, 5, 22);
insert into virtual_machines(id, name, archived, organization_id, category_id) values (823, '823: Aragorn', false, 5, 23);
insert into virtual_machines(id, name, archived, organization_id, category_id) values (824, '824: Samwise Gamgee', false, 5, 24);
insert into virtual_machines(id, name, archived, organization_id, category_id) values (825, '825: Éomer', false, 5, 25);
insert into virtual_machines(id, name, archived, organization_id, category_id) values (826, '826: Faramir', false, 5, 1);
insert into virtual_machines(id, name, archived, organization_id, category_id) values (827, '827: Faramir', false, 5, 2);
insert into virtual_machines(id, name, archived, organization_id, category_id) values (828, '828: Samwise Gamgee', false, 5, 3);
insert into virtual_machines(id, name, archived, organization_id, category_id) values (829, '829: Tom Bombadil', false, 5, 4);
insert into virtual_machines(id, name, archived, organization_id, category_id) values (830, '830: Tom Bombadil', false, 5, 5);
insert into virtual_machines(id, name, archived, organization_id, category_id) values (831, '831: Beregond', false, 5, 6);
insert into virtual_machines(id, name, archived, organization_id, category_id) values (832, '832: Bilbo Baggins', false, 5, 7);
insert into virtual_machines(id, name, archived, organization_id, category_id) values (833, '833: Samwise Gamgee', false, 5, 8);
insert into virtual_machines(id, name, archived, organization_id, category_id) values (834, '834: Grìma Wormtongue', false, 5, 9);
insert into virtual_machines(id, name, archived, organization_id, category_id) values (835, '835: Denethor', false, 5, 10);
insert into virtual_machines(id, name, archived, organization_id, category_id) values (836, '836: Sauron', false, 5, 11);
insert into virtual_machines(id, name, archived, organization_id, category_id) values (837, '837: Shadowfax', false, 5, 12);
insert into virtual_machines(id, name, archived, organization_id, category_id) values (838, '838: Grìma Wormtongue', false, 5, 13);
insert into virtual_machines(id, name, archived, organization_id, category_id) values (839, '839: Gandalf the Grey', false, 5, 14);
insert into virtual_machines(id, name, archived, organization_id, category_id) values (840, '840: Saruman the White', false, 5, 15);
insert into virtual_machines(id, name, archived, organization_id, category_id) values (841, '841: Tom Bombadil', false, 5, 16);
insert into virtual_machines(id, name, archived, organization_id, category_id) values (842, '842: Sauron', false, 5, 17);
insert into virtual_machines(id, name, archived, organization_id, category_id) values (843, '843: Théoden', false, 5, 18);
insert into virtual_machines(id, name, archived, organization_id, category_id) values (844, '844: Shelob', false, 5, 19);
insert into virtual_machines(id, name, archived, organization_id, category_id) values (845, '845: Arwen Evenstar', false, 5, 20);
insert into virtual_machines(id, name, archived, organization_id, category_id) values (846, '846: Galadriel', false, 5, 21);
insert into virtual_machines(id, name, archived, organization_id, category_id) values (847, '847: Aragorn', false, 5, 22);
insert into virtual_machines(id, name, archived, organization_id, category_id) values (848, '848: Frodo Baggins', false, 5, 23);
insert into virtual_machines(id, name, archived, organization_id, category_id) values (849, '849: Gandalf the Grey', false, 5, 24);
insert into virtual_machines(id, name, archived, organization_id, category_id) values (850, '850: Treebeard', false, 5, 25);
insert into virtual_machines(id, name, archived, organization_id, category_id) values (851, '851: Sauron', false, 5, 1);
insert into virtual_machines(id, name, archived, organization_id, category_id) values (852, '852: Grìma Wormtongue', false, 5, 2);
insert into virtual_machines(id, name, archived, organization_id, category_id) values (853, '853: Aragorn', false, 5, 3);
insert into virtual_machines(id, name, archived, organization_id, category_id) values (854, '854: Théoden', false, 5, 4);
insert into virtual_machines(id, name, archived, organization_id, category_id) values (855, '855: Denethor', false, 5, 5);
insert into virtual_machines(id, name, archived, organization_id, category_id) values (856, '856: Beregond', false, 5, 6);
insert into virtual_machines(id, name, archived, organization_id, category_id) values (857, '857: Gollum', false, 5, 7);
insert into virtual_machines(id, name, archived, organization_id, category_id) values (858, '858: Quickbeam', false, 5, 8);
insert into virtual_machines(id, name, archived, organization_id, category_id) values (859, '859: Galadriel', false, 5, 9);
insert into virtual_machines(id, name, archived, organization_id, category_id) values (860, '860: Meriadoc Brandybuck', false, 5, 10);
insert into virtual_machines(id, name, archived, organization_id, category_id) values (861, '861: Treebeard', false, 5, 11);
insert into virtual_machines(id, name, archived, organization_id, category_id) values (862, '862: Shadowfax', false, 5, 12);
insert into virtual_machines(id, name, archived, organization_id, category_id) values (863, '863: Gandalf the Grey', false, 5, 13);
insert into virtual_machines(id, name, archived, organization_id, category_id) values (864, '864: Denethor', false, 5, 14);
insert into virtual_machines(id, name, archived, organization_id, category_id) values (865, '865: Gimli', false, 5, 15);
insert into virtual_machines(id, name, archived, organization_id, category_id) values (866, '866: Quickbeam', false, 5, 16);
insert into virtual_machines(id, name, archived, organization_id, category_id) values (867, '867: Tom Bombadil', false, 5, 17);
insert into virtual_machines(id, name, archived, organization_id, category_id) values (868, '868: Bilbo Baggins', false, 5, 18);
insert into virtual_machines(id, name, archived, organization_id, category_id) values (869, '869: Éomer', false, 5, 19);
insert into virtual_machines(id, name, archived, organization_id, category_id) values (870, '870: Éowyn', false, 5, 20);
insert into virtual_machines(id, name, archived, organization_id, category_id) values (871, '871: Gimli', false, 5, 21);
insert into virtual_machines(id, name, archived, organization_id, category_id) values (872, '872: Faramir', false, 5, 22);
insert into virtual_machines(id, name, archived, organization_id, category_id) values (873, '873: Elrond', false, 5, 23);
insert into virtual_machines(id, name, archived, organization_id, category_id) values (874, '874: Legolas', false, 5, 24);
insert into virtual_machines(id, name, archived, organization_id, category_id) values (875, '875: Boromir', false, 5, 25);
insert into virtual_machines(id, name, archived, organization_id, category_id) values (876, '876: Quickbeam', false, 5, 1);
insert into virtual_machines(id, name, archived, organization_id, category_id) values (877, '877: Bilbo Baggins', false, 5, 2);
insert into virtual_machines(id, name, archived, organization_id, category_id) values (878, '878: Boromir', false, 5, 3);
insert into virtual_machines(id, name, archived, organization_id, category_id) values (879, '879: Gandalf the Grey', false, 5, 4);
insert into virtual_machines(id, name, archived, organization_id, category_id) values (880, '880: Elrond', false, 5, 5);
insert into virtual_machines(id, name, archived, organization_id, category_id) values (881, '881: Gimli', false, 5, 6);
insert into virtual_machines(id, name, archived, organization_id, category_id) values (882, '882: Shadowfax', false, 5, 7);
insert into virtual_machines(id, name, archived, organization_id, category_id) values (883, '883: Grìma Wormtongue', false, 5, 8);
insert into virtual_machines(id, name, archived, organization_id, category_id) values (884, '884: Sauron', false, 5, 9);
insert into virtual_machines(id, name, archived, organization_id, category_id) values (885, '885: Éomer', false, 5, 10);
insert into virtual_machines(id, name, archived, organization_id, category_id) values (886, '886: Barliman Butterbur', false, 5, 11);
insert into virtual_machines(id, name, archived, organization_id, category_id) values (887, '887: Denethor', false, 5, 12);
insert into virtual_machines(id, name, archived, organization_id, category_id) values (888, '888: Éowyn', false, 5, 13);
insert into virtual_machines(id, name, archived, organization_id, category_id) values (889, '889: Gollum', false, 5, 14);
insert into virtual_machines(id, name, archived, organization_id, category_id) values (890, '890: Tom Bombadil', false, 5, 15);
insert into virtual_machines(id, name, archived, organization_id, category_id) values (891, '891: Quickbeam', false, 5, 16);
insert into virtual_machines(id, name, archived, organization_id, category_id) values (892, '892: Peregrin Took', false, 5, 17);
insert into virtual_machines(id, name, archived, organization_id, category_id) values (893, '893: Shelob', false, 5, 18);
insert into virtual_machines(id, name, archived, organization_id, category_id) values (894, '894: Éomer', false, 5, 19);
insert into virtual_machines(id, name, archived, organization_id, category_id) values (895, '895: Sauron', false, 5, 20);
insert into virtual_machines(id, name, archived, organization_id, category_id) values (896, '896: Grìma Wormtongue', false, 5, 21);
insert into virtual_machines(id, name, archived, organization_id, category_id) values (897, '897: Tom Bombadil', false, 5, 22);
insert into virtual_machines(id, name, archived, organization_id, category_id) values (898, '898: Bilbo Baggins', false, 5, 23);
insert into virtual_machines(id, name, archived, organization_id, category_id) values (899, '899: Saruman the White', false, 5, 24);
insert into virtual_machines(id, name, archived, organization_id, category_id) values (900, '900: Gimli', false, 5, 25);
insert into virtual_machines(id, name, archived, organization_id, category_id) values (901, '901: Bilbo Baggins', false, 5, 1);
insert into virtual_machines(id, name, archived, organization_id, category_id) values (902, '902: Quickbeam', false, 5, 2);
insert into virtual_machines(id, name, archived, organization_id, category_id) values (903, '903: Bilbo Baggins', false, 5, 3);
insert into virtual_machines(id, name, archived, organization_id, category_id) values (904, '904: Aragorn', false, 5, 4);
insert into virtual_machines(id, name, archived, organization_id, category_id) values (905, '905: Faramir', false, 5, 5);
insert into virtual_machines(id, name, archived, organization_id, category_id) values (906, '906: Boromir', false, 5, 6);
insert into virtual_machines(id, name, archived, organization_id, category_id) values (907, '907: Treebeard', false, 5, 7);
insert into virtual_machines(id, name, archived, organization_id, category_id) values (908, '908: Meriadoc Brandybuck', false, 5, 8);
insert into virtual_machines(id, name, archived, organization_id, category_id) values (909, '909: Arwen Evenstar', false, 5, 9);
insert into virtual_machines(id, name, archived, organization_id, category_id) values (910, '910: Gandalf the Grey', false, 5, 10);
insert into virtual_machines(id, name, archived, organization_id, category_id) values (911, '911: Samwise Gamgee', false, 5, 11);
insert into virtual_machines(id, name, archived, organization_id, category_id) values (912, '912: Aragorn', false, 5, 12);
insert into virtual_machines(id, name, archived, organization_id, category_id) values (913, '913: Samwise Gamgee', false, 5, 13);
insert into virtual_machines(id, name, archived, organization_id, category_id) values (914, '914: Beregond', false, 5, 14);
insert into virtual_machines(id, name, archived, organization_id, category_id) values (915, '915: Gimli', false, 5, 15);
insert into virtual_machines(id, name, archived, organization_id, category_id) values (916, '916: Meriadoc Brandybuck', false, 5, 16);
insert into virtual_machines(id, name, archived, organization_id, category_id) values (917, '917: Frodo Baggins', false, 5, 17);
insert into virtual_machines(id, name, archived, organization_id, category_id) values (918, '918: Saruman the White', false, 5, 18);
insert into virtual_machines(id, name, archived, organization_id, category_id) values (919, '919: Saruman the White', false, 5, 19);
insert into virtual_machines(id, name, archived, organization_id, category_id) values (920, '920: Beregond', false, 5, 20);
insert into virtual_machines(id, name, archived, organization_id, category_id) values (921, '921: Beregond', false, 5, 21);
insert into virtual_machines(id, name, archived, organization_id, category_id) values (922, '922: Frodo Baggins', false, 5, 22);
insert into virtual_machines(id, name, archived, organization_id, category_id) values (923, '923: Treebeard', false, 5, 23);
insert into virtual_machines(id, name, archived, organization_id, category_id) values (924, '924: Aragorn', false, 5, 24);
insert into virtual_machines(id, name, archived, organization_id, category_id) values (925, '925: Gimli', false, 5, 25);
insert into virtual_machines(id, name, archived, organization_id, category_id) values (926, '926: Boromir', false, 5, 1);
insert into virtual_machines(id, name, archived, organization_id, category_id) values (927, '927: Glorfindel', false, 5, 2);
insert into virtual_machines(id, name, archived, organization_id, category_id) values (928, '928: Frodo Baggins', false, 5, 3);
insert into virtual_machines(id, name, archived, organization_id, category_id) values (929, '929: Shelob', false, 5, 4);
insert into virtual_machines(id, name, archived, organization_id, category_id) values (930, '930: Denethor', false, 5, 5);
insert into virtual_machines(id, name, archived, organization_id, category_id) values (931, '931: Éowyn', false, 5, 6);
insert into virtual_machines(id, name, archived, organization_id, category_id) values (932, '932: Quickbeam', false, 5, 7);
insert into virtual_machines(id, name, archived, organization_id, category_id) values (933, '933: Elrond', false, 5, 8);
insert into virtual_machines(id, name, archived, organization_id, category_id) values (934, '934: Éowyn', false, 5, 9);
insert into virtual_machines(id, name, archived, organization_id, category_id) values (935, '935: Gimli', false, 5, 10);
insert into virtual_machines(id, name, archived, organization_id, category_id) values (936, '936: Quickbeam', false, 5, 11);
insert into virtual_machines(id, name, archived, organization_id, category_id) values (937, '937: Faramir', false, 5, 12);
insert into virtual_machines(id, name, archived, organization_id, category_id) values (938, '938: Faramir', false, 5, 13);
insert into virtual_machines(id, name, archived, organization_id, category_id) values (939, '939: Legolas', false, 5, 14);
insert into virtual_machines(id, name, archived, organization_id, category_id) values (940, '940: Quickbeam', false, 5, 15);
insert into virtual_machines(id, name, archived, organization_id, category_id) values (941, '941: Faramir', false, 5, 16);
insert into virtual_machines(id, name, archived, organization_id, category_id) values (942, '942: Quickbeam', false, 5, 17);
insert into virtual_machines(id, name, archived, organization_id, category_id) values (943, '943: Grìma Wormtongue', false, 5, 18);
insert into virtual_machines(id, name, archived, organization_id, category_id) values (944, '944: Aragorn', false, 5, 19);
insert into virtual_machines(id, name, archived, organization_id, category_id) values (945, '945: Peregrin Took', false, 5, 20);
insert into virtual_machines(id, name, archived, organization_id, category_id) values (946, '946: Sauron', false, 5, 21);
insert into virtual_machines(id, name, archived, organization_id, category_id) values (947, '947: Arwen Evenstar', false, 5, 22);
insert into virtual_machines(id, name, archived, organization_id, category_id) values (948, '948: Éomer', false, 5, 23);
insert into virtual_machines(id, name, archived, organization_id, category_id) values (949, '949: Boromir', false, 5, 24);
insert into virtual_machines(id, name, archived, organization_id, category_id) values (950, '950: Gimli', false, 5, 25);
insert into virtual_machines(id, name, archived, organization_id, category_id) values (951, '951: Faramir', false, 5, 1);
insert into virtual_machines(id, name, archived, organization_id, category_id) values (952, '952: Denethor', false, 5, 2);
insert into virtual_machines(id, name, archived, organization_id, category_id) values (953, '953: Quickbeam', false, 5, 3);
insert into virtual_machines(id, name, archived, organization_id, category_id) values (954, '954: Meriadoc Brandybuck', false, 5, 4);
insert into virtual_machines(id, name, archived, organization_id, category_id) values (955, '955: Gollum', false, 5, 5);
insert into virtual_machines(id, name, archived, organization_id, category_id) values (956, '956: Éomer', false, 5, 6);
insert into virtual_machines(id, name, archived, organization_id, category_id) values (957, '957: Gandalf the Grey', false, 5, 7);
insert into virtual_machines(id, name, archived, organization_id, category_id) values (958, '958: Saruman the White', false, 5, 8);
insert into virtual_machines(id, name, archived, organization_id, category_id) values (959, '959: Shelob', false, 5, 9);
insert into virtual_machines(id, name, archived, organization_id, category_id) values (960, '960: Éomer', false, 5, 10);
insert into virtual_machines(id, name, archived, organization_id, category_id) values (961, '961: Boromir', false, 5, 11);
insert into virtual_machines(id, name, archived, organization_id, category_id) values (962, '962: Sauron', false, 5, 12);
insert into virtual_machines(id, name, archived, organization_id, category_id) values (963, '963: Elrond', false, 5, 13);
insert into virtual_machines(id, name, archived, organization_id, category_id) values (964, '964: Tom Bombadil', false, 5, 14);
insert into virtual_machines(id, name, archived, organization_id, category_id) values (965, '965: Shelob', false, 5, 15);
insert into virtual_machines(id, name, archived, organization_id, category_id) values (966, '966: Gandalf the Grey', false, 5, 16);
insert into virtual_machines(id, name, archived, organization_id, category_id) values (967, '967: Gimli', false, 5, 17);
insert into virtual_machines(id, name, archived, organization_id, category_id) values (968, '968: Shelob', false, 5, 18);
insert into virtual_machines(id, name, archived, organization_id, category_id) values (969, '969: Legolas', false, 5, 19);
insert into virtual_machines(id, name, archived, organization_id, category_id) values (970, '970: Arwen Evenstar', false, 5, 20);
insert into virtual_machines(id, name, archived, organization_id, category_id) values (971, '971: Glorfindel', false, 5, 21);
insert into virtual_machines(id, name, archived, organization_id, category_id) values (972, '972: Grìma Wormtongue', false, 5, 22);
insert into virtual_machines(id, name, archived, organization_id, category_id) values (973, '973: Sauron', false, 5, 23);
insert into virtual_machines(id, name, archived, organization_id, category_id) values (974, '974: Théoden', false, 5, 24);
insert into virtual_machines(id, name, archived, organization_id, category_id) values (975, '975: Gandalf the Grey', false, 5, 25);
insert into virtual_machines(id, name, archived, organization_id, category_id) values (976, '976: Éomer', false, 5, 1);
insert into virtual_machines(id, name, archived, organization_id, category_id) values (977, '977: Gandalf the Grey', false, 5, 2);
insert into virtual_machines(id, name, archived, organization_id, category_id) values (978, '978: Frodo Baggins', false, 5, 3);
insert into virtual_machines(id, name, archived, organization_id, category_id) values (979, '979: Beregond', false, 5, 4);
insert into virtual_machines(id, name, archived, organization_id, category_id) values (980, '980: Grìma Wormtongue', false, 5, 5);
insert into virtual_machines(id, name, archived, organization_id, category_id) values (981, '981: Meriadoc Brandybuck', false, 5, 6);
insert into virtual_machines(id, name, archived, organization_id, category_id) values (982, '982: Saruman the White', false, 5, 7);
insert into virtual_machines(id, name, archived, organization_id, category_id) values (983, '983: Grìma Wormtongue', false, 5, 8);
insert into virtual_machines(id, name, archived, organization_id, category_id) values (984, '984: Tom Bombadil', false, 5, 9);
insert into virtual_machines(id, name, archived, organization_id, category_id) values (985, '985: Faramir', false, 5, 10);
insert into virtual_machines(id, name, archived, organization_id, category_id) values (986, '986: Peregrin Took', false, 5, 11);
insert into virtual_machines(id, name, archived, organization_id, category_id) values (987, '987: Treebeard', false, 5, 12);
insert into virtual_machines(id, name, archived, organization_id, category_id) values (988, '988: Barliman Butterbur', false, 5, 13);
insert into virtual_machines(id, name, archived, organization_id, category_id) values (989, '989: Boromir', false, 5, 14);
insert into virtual_machines(id, name, archived, organization_id, category_id) values (990, '990: Denethor', false, 5, 15);
insert into virtual_machines(id, name, archived, organization_id, category_id) values (991, '991: Gimli', false, 5, 16);
insert into virtual_machines(id, name, archived, organization_id, category_id) values (992, '992: Samwise Gamgee', false, 5, 17);
insert into virtual_machines(id, name, archived, organization_id, category_id) values (993, '993: Shelob', false, 5, 18);
insert into virtual_machines(id, name, archived, organization_id, category_id) values (994, '994: Faramir', false, 5, 19);
insert into virtual_machines(id, name, archived, organization_id, category_id) values (995, '995: Aragorn', false, 5, 20);
insert into virtual_machines(id, name, archived, organization_id, category_id) values (996, '996: Glorfindel', false, 5, 21);
insert into virtual_machines(id, name, archived, organization_id, category_id) values (997, '997: Glorfindel', false, 5, 22);
insert into virtual_machines(id, name, archived, organization_id, category_id) values (998, '998: Peregrin Took', false, 5, 23);
insert into virtual_machines(id, name, archived, organization_id, category_id) values (999, '999: Éomer', false, 5, 24);
insert into virtual_machines(id, name, archived, organization_id, category_id) values (1000, '1000: Legolas', false, 5, 25);
--------------------------------------------------------------------------------------------------------------------------------------------------------------------------------------------------------
--------------------------------------------------------------------------------------------------------------------------------------------------------------------------------------------------------

--------------------------------------------------------------------------------------------------------------------------------------------------------------------------------------------------------
--------------------------------------------------------------------------------------- Altering machine_id_seq ----------------------------------------------------------------------------------------
alter sequence machine_id_seq restart with 1001;
--------------------------------------------------------------------------------------------------------------------------------------------------------------------------------------------------------
--------------------------------------------------------------------------------------------------------------------------------------------------------------------------------------------------------

