-- Passwords are hashed using BCrypt algorithm https://bcrypt-generator.com/
-- Passwords for all users are:
--
-- Scripts combined generate database for cloud-service-provider
-- It generates:
--	- 5 super admins
--	- 25 admins
--	- 50 users
--	- 5 organizations
--		- 5 admins per organization
--		- 10 users per organization
--		- 200 machines per organization
--		- 500 drives per organization
--	- 25 categories
--	- 1000 machines
--	- 2500 drives
--	- 20500 activities
--		- 20000 finished activities
--		- 500 unfinished activities
--
--------------------------------------------------------------------------------------------------------------------------------------------------------------------------------------------------------
--------------------------------------------------------------------------------------- inserting organizations ----------------------------------------------------------------------------------------
insert into organizations(id, name, description, logo, archived) values (1, '1: Super Saiyan Vegeta', 'Est quia dolore quos est.Omnis modi maiores nostrum aspernatur dolor nisi.Atque ullam enim voluptates.Soluta aut et ullam sit ipsa.Qui sed saepe cum.Dolores facilis expedita aperiam aut est nesciunt sit.Perspiciatis praesentium sed libero asperiores aut.Et mollitia labore debitis impedit est.Tempora qui doloribus quam aut.Quaerat corrupti quia quasi aut enim molestias blanditiis.Quasi similique quam.Sint eum laudantium laborum aut odit.Et iste nam explicabo.Sit quasi fugit sed.Sunt et in exercitationem consequatur fuga illum tempora.Soluta ex blanditiis voluptatem.Odio dolores veniam sit aut quod perferendis.Est velit error et dolorum enim odit.Iure exercitationem vel aut.Ducimus eaque animi mollitia dolor libero.Laborum quibusdam quis sed eligendi.Nostrum doloremque sed distinctio veniam aut ex.Ex ex ullam autem reprehenderit sunt dolores consequatur.Adipisci et recusandae placeat voluptas voluptas tempore.Nesciunt et et ut temporibus magnam fugiat.Aspernatur repellendus est.Reprehend', 'D:\ARad\cloud-service-provider\cloud-api\cloud\.\images\organization\organization 1.jpg', false);
insert into organizations(id, name, description, logo, archived) values (2, '2: Future Trunks', 'Molestias blanditiis accusantium.Voluptatem debitis fugiat incidunt quia quia.Corporis et libero atque.Eos facere et ipsa qui explicabo quo eum.Exercitationem iste deserunt ut quo perferendis amet.Velit rerum pariatur veniam qui nulla eum.Ea aut quas fugiat est iusto.Voluptas eos ex voluptatem officia.Tenetur molestiae rem ut ea magni.Quia ut culpa nisi.Voluptatum nostrum asperiores.Et tempore quidem maxime modi.Ipsam placeat ut magni ut.Ea aspernatur eaque laudantium voluptatibus.Expedita qui fugiat voluptates voluptate et at.Qui officia quibusdam vel.Qui libero suscipit et illum et dolores.Est culpa blanditiis nostrum fuga sit.Voluptatibus dignissimos quisquam sapiente quis temporibus rerum.Natus facilis sapiente atque ex.Velit voluptas omnis.Assumenda magni animi temporibus sapiente voluptatum voluptatem optio.Est officiis doloremque autem.Unde esse iusto non.Nemo omnis deleniti qui qui reiciendis tempore odio.Corporis autem velit architecto pariatur architecto.Ut earum ut consequat', 'D:\ARad\cloud-service-provider\cloud-api\cloud\.\images\organization\organization 2.jpg', false);
insert into organizations(id, name, description, logo, archived) values (3, '3: Super Saiyan Blue Vegeta', 'Quam quis reiciendis.Dolor sapiente et quaerat fuga consequatur.Ex minima ab voluptatem.Animi reprehenderit qui sed aut ducimus.Qui et veniam ut pariatur molestiae.Esse incidunt adipisci quas quo.Dicta ea minus ad qui voluptates.Accusantium aut inventore ullam.Reiciendis quidem repellendus quibusdam facere.Quis possimus ut debitis ipsum facere rerum.Aut qui occaecati temporibus id ut.In qui blanditiis consequatur libero officia hic.Asperiores quod perferendis occaecati qui.Omnis quia cum.Facilis debitis laboriosam perferendis molestias.Ut sunt veritatis atque neque et.Ut sit cum impedit quam reprehenderit.Id rem ea error magni.Quisquam rerum aut voluptate asperiores eos.Sed dolor ratione animi.Debitis laborum rerum ducimus rem.Perferendis deserunt facilis ipsam voluptatem dolores.Laudantium sint nemo sequi minima ducimus.Nobis totam consequuntur.Hic tenetur illum quis animi quam facilis.Quaerat omnis enim commodi deleniti error molestiae.Et non consectetur.Qui sint ipsam.Autem id volup', 'D:\ARad\cloud-service-provider\cloud-api\cloud\.\images\organization\organization 3.jpg', false);
insert into organizations(id, name, description, logo, archived) values (4, '4: Bulma', 'Praesentium sapiente sunt.Reprehenderit et necessitatibus quo cumque a magnam culpa.Fuga id est dolorem saepe at esse.Eum exercitationem est consectetur nihil.Assumenda iusto et temporibus.Culpa dicta ipsam odit dolorem praesentium molestiae consequatur.Nam nemo voluptatem laboriosam.Adipisci et inventore aut eum eligendi voluptas rem.Dolorem et eum.Atque iste quisquam molestiae.Voluptatem voluptas perspiciatis temporibus.Maxime hic in quis ut.Fuga amet quibusdam saepe nostrum fugiat.Commodi cupiditate molestiae doloribus quae enim.Maxime voluptatem ut velit quo labore.Laborum incidunt sunt ab eaque ut eum dolorem.Tempora cumque aut.Accusantium officia sequi earum dolor.Aliquam labore id dicta a possimus quod.Sequi doloremque eos.At voluptas natus.Inventore cum iste eveniet.Deleniti veniam nihil dignissimos reiciendis asperiores mollitia id.Est qui et deserunt autem dolorum ut quis.In est neque aspernatur ut.Eum quis et assumenda facere quasi.Porro rerum amet est ipsam.Error itaque exc', 'D:\ARad\cloud-service-provider\cloud-api\cloud\.\images\organization\organization 4.jpg', false);
insert into organizations(id, name, description, logo, archived) values (5, '5: Uub', 'Ducimus vel corrupti ab.Dicta sapiente laudantium ipsa ut accusantium sunt eveniet.Voluptatem eos labore quisquam ut deleniti magni quisquam.Quas adipisci aut repellat.Et et cupiditate iusto nemo qui.Animi nesciunt non perferendis.Reprehenderit distinctio alias.Qui nisi veniam natus ut aspernatur.Earum et maiores et.Est et eum.Earum tempore neque modi perferendis qui.Dolor aliquam et magni.Sed fuga ut ad aliquid consequuntur.Tempore et tempore dolorem laborum ut sunt porro.Cum qui qui labore omnis dicta.Id sint ipsa quasi quos in.Necessitatibus et laudantium omnis tempore possimus.In doloribus eum et.Et voluptas aliquid.Incidunt similique laudantium error inventore qui et neque.Officiis accusantium in neque.Sapiente esse corporis.Rerum minus vero eius voluptas dolorem nulla aut.Non iure ea.Labore corrupti alias ut praesentium.Aperiam quis voluptatum sequi perspiciatis qui vitae.Accusamus explicabo sit laborum.Iusto mollitia quo reiciendis nobis omnis fugiat.Unde maiores et eaque vel.Do', 'D:\ARad\cloud-service-provider\cloud-api\cloud\.\images\organization\organization 5.jpg', false);
--------------------------------------------------------------------------------------------------------------------------------------------------------------------------------------------------------
--------------------------------------------------------------------------------------------------------------------------------------------------------------------------------------------------------

--------------------------------------------------------------------------------------------------------------------------------------------------------------------------------------------------------
------------------------------------------------------------------------------------- Altering organization_id_seq -------------------------------------------------------------------------------------
alter sequence organization_id_seq restart with 6;
--------------------------------------------------------------------------------------------------------------------------------------------------------------------------------------------------------
--------------------------------------------------------------------------------------------------------------------------------------------------------------------------------------------------------

--------------------------------------------------------------------------------------------------------------------------------------------------------------------------------------------------------
------------------------------------------------------------------------------------------- inserting roles --------------------------------------------------------------------------------------------
insert into roles (id, name) values (1, 'ROLE_SUPER_ADMIN');
insert into roles (id, name) values (2, 'ROLE_ADMIN');
insert into roles (id, name) values (3, 'ROLE_USER');
--------------------------------------------------------------------------------------------------------------------------------------------------------------------------------------------------------
--------------------------------------------------------------------------------------------------------------------------------------------------------------------------------------------------------

--------------------------------------------------------------------------------------------------------------------------------------------------------------------------------------------------------
----------------------------------------------------------------------------------------- Altering role_id_seq -----------------------------------------------------------------------------------------
alter sequence role_id_seq restart with 4;
--------------------------------------------------------------------------------------------------------------------------------------------------------------------------------------------------------
--------------------------------------------------------------------------------------------------------------------------------------------------------------------------------------------------------

--------------------------------------------------------------------------------------------------------------------------------------------------------------------------------------------------------
------------------------------------------------------------------------------------------- inserting users --------------------------------------------------------------------------------------------
insert into users(id, name, surname, email, username, password, archived, role_id, organization_id) values (1, 'Earlie', 'Wehner', 'superadmin1@gmail.com', 'superadmin1', '$2a$10$JCYrt8QGHg4suBXWiRgjKu93h5DCq3yFDXMDsTY/Itkgeu3h3pCE6', false, 1, null);
insert into users(id, name, surname, email, username, password, archived, role_id, organization_id) values (2, 'Tressie', 'Ritchie', 'superadmin2@gmail.com', 'superadmin2', '$2a$10$JCYrt8QGHg4suBXWiRgjKu93h5DCq3yFDXMDsTY/Itkgeu3h3pCE6', false, 1, null);
insert into users(id, name, surname, email, username, password, archived, role_id, organization_id) values (3, 'Donn', 'Moore', 'superadmin3@gmail.com', 'superadmin3', '$2a$10$JCYrt8QGHg4suBXWiRgjKu93h5DCq3yFDXMDsTY/Itkgeu3h3pCE6', false, 1, null);
insert into users(id, name, surname, email, username, password, archived, role_id, organization_id) values (4, 'Song', 'Simonis', 'superadmin4@gmail.com', 'superadmin4', '$2a$10$JCYrt8QGHg4suBXWiRgjKu93h5DCq3yFDXMDsTY/Itkgeu3h3pCE6', false, 1, null);
insert into users(id, name, surname, email, username, password, archived, role_id, organization_id) values (5, 'Shayne', 'Heathcote', 'superadmin5@gmail.com', 'superadmin5', '$2a$10$JCYrt8QGHg4suBXWiRgjKu93h5DCq3yFDXMDsTY/Itkgeu3h3pCE6', false, 1, null);
insert into users(id, name, surname, email, username, password, archived, role_id, organization_id) values (6, 'Lael', 'Jenkins', 'admin1@gmail.com', 'admin1', '$2a$10$JCYrt8QGHg4suBXWiRgjKu93h5DCq3yFDXMDsTY/Itkgeu3h3pCE6', false, 2, 1);
insert into users(id, name, surname, email, username, password, archived, role_id, organization_id) values (7, 'Eldon', 'Gerlach', 'admin2@gmail.com', 'admin2', '$2a$10$JCYrt8QGHg4suBXWiRgjKu93h5DCq3yFDXMDsTY/Itkgeu3h3pCE6', false, 2, 1);
insert into users(id, name, surname, email, username, password, archived, role_id, organization_id) values (8, 'Emerson', 'Dickinson', 'admin3@gmail.com', 'admin3', '$2a$10$JCYrt8QGHg4suBXWiRgjKu93h5DCq3yFDXMDsTY/Itkgeu3h3pCE6', false, 2, 1);
insert into users(id, name, surname, email, username, password, archived, role_id, organization_id) values (9, 'Mitsuko', 'Stroman', 'admin4@gmail.com', 'admin4', '$2a$10$JCYrt8QGHg4suBXWiRgjKu93h5DCq3yFDXMDsTY/Itkgeu3h3pCE6', false, 2, 1);
insert into users(id, name, surname, email, username, password, archived, role_id, organization_id) values (10, 'Alton', 'Hartmann', 'admin5@gmail.com', 'admin5', '$2a$10$JCYrt8QGHg4suBXWiRgjKu93h5DCq3yFDXMDsTY/Itkgeu3h3pCE6', false, 2, 1);
insert into users(id, name, surname, email, username, password, archived, role_id, organization_id) values (11, 'Tamie', 'Hills', 'admin6@gmail.com', 'admin6', '$2a$10$JCYrt8QGHg4suBXWiRgjKu93h5DCq3yFDXMDsTY/Itkgeu3h3pCE6', false, 2, 2);
insert into users(id, name, surname, email, username, password, archived, role_id, organization_id) values (12, 'Arden', 'Williamson', 'admin7@gmail.com', 'admin7', '$2a$10$JCYrt8QGHg4suBXWiRgjKu93h5DCq3yFDXMDsTY/Itkgeu3h3pCE6', false, 2, 2);
insert into users(id, name, surname, email, username, password, archived, role_id, organization_id) values (13, 'Corinne', 'McCullough', 'admin8@gmail.com', 'admin8', '$2a$10$JCYrt8QGHg4suBXWiRgjKu93h5DCq3yFDXMDsTY/Itkgeu3h3pCE6', false, 2, 2);
insert into users(id, name, surname, email, username, password, archived, role_id, organization_id) values (14, 'Inell', 'Braun', 'admin9@gmail.com', 'admin9', '$2a$10$JCYrt8QGHg4suBXWiRgjKu93h5DCq3yFDXMDsTY/Itkgeu3h3pCE6', false, 2, 2);
insert into users(id, name, surname, email, username, password, archived, role_id, organization_id) values (15, 'Jason', 'Larkin', 'admin10@gmail.com', 'admin10', '$2a$10$JCYrt8QGHg4suBXWiRgjKu93h5DCq3yFDXMDsTY/Itkgeu3h3pCE6', false, 2, 2);
insert into users(id, name, surname, email, username, password, archived, role_id, organization_id) values (16, 'Liz', 'Becker', 'admin11@gmail.com', 'admin11', '$2a$10$JCYrt8QGHg4suBXWiRgjKu93h5DCq3yFDXMDsTY/Itkgeu3h3pCE6', false, 2, 3);
insert into users(id, name, surname, email, username, password, archived, role_id, organization_id) values (17, 'Bruno', 'Schulist', 'admin12@gmail.com', 'admin12', '$2a$10$JCYrt8QGHg4suBXWiRgjKu93h5DCq3yFDXMDsTY/Itkgeu3h3pCE6', false, 2, 3);
insert into users(id, name, surname, email, username, password, archived, role_id, organization_id) values (18, 'Thad', 'Fahey', 'admin13@gmail.com', 'admin13', '$2a$10$JCYrt8QGHg4suBXWiRgjKu93h5DCq3yFDXMDsTY/Itkgeu3h3pCE6', false, 2, 3);
insert into users(id, name, surname, email, username, password, archived, role_id, organization_id) values (19, 'Abraham', 'Borer', 'admin14@gmail.com', 'admin14', '$2a$10$JCYrt8QGHg4suBXWiRgjKu93h5DCq3yFDXMDsTY/Itkgeu3h3pCE6', false, 2, 3);
insert into users(id, name, surname, email, username, password, archived, role_id, organization_id) values (20, 'Margarito', 'Keebler', 'admin15@gmail.com', 'admin15', '$2a$10$JCYrt8QGHg4suBXWiRgjKu93h5DCq3yFDXMDsTY/Itkgeu3h3pCE6', false, 2, 3);
insert into users(id, name, surname, email, username, password, archived, role_id, organization_id) values (21, 'Darwin', 'Thompson', 'admin16@gmail.com', 'admin16', '$2a$10$JCYrt8QGHg4suBXWiRgjKu93h5DCq3yFDXMDsTY/Itkgeu3h3pCE6', false, 2, 4);
insert into users(id, name, surname, email, username, password, archived, role_id, organization_id) values (22, 'Bryan', 'Koch', 'admin17@gmail.com', 'admin17', '$2a$10$JCYrt8QGHg4suBXWiRgjKu93h5DCq3yFDXMDsTY/Itkgeu3h3pCE6', false, 2, 4);
insert into users(id, name, surname, email, username, password, archived, role_id, organization_id) values (23, 'Wilhemina', 'Cronin', 'admin18@gmail.com', 'admin18', '$2a$10$JCYrt8QGHg4suBXWiRgjKu93h5DCq3yFDXMDsTY/Itkgeu3h3pCE6', false, 2, 4);
insert into users(id, name, surname, email, username, password, archived, role_id, organization_id) values (24, 'Sidney', 'Reichel', 'admin19@gmail.com', 'admin19', '$2a$10$JCYrt8QGHg4suBXWiRgjKu93h5DCq3yFDXMDsTY/Itkgeu3h3pCE6', false, 2, 4);
insert into users(id, name, surname, email, username, password, archived, role_id, organization_id) values (25, 'Ezekiel', 'Kunde', 'admin20@gmail.com', 'admin20', '$2a$10$JCYrt8QGHg4suBXWiRgjKu93h5DCq3yFDXMDsTY/Itkgeu3h3pCE6', false, 2, 4);
insert into users(id, name, surname, email, username, password, archived, role_id, organization_id) values (26, 'Marianela', 'Kuphal', 'admin21@gmail.com', 'admin21', '$2a$10$JCYrt8QGHg4suBXWiRgjKu93h5DCq3yFDXMDsTY/Itkgeu3h3pCE6', false, 2, 5);
insert into users(id, name, surname, email, username, password, archived, role_id, organization_id) values (27, 'Tashia', 'Langworth', 'admin22@gmail.com', 'admin22', '$2a$10$JCYrt8QGHg4suBXWiRgjKu93h5DCq3yFDXMDsTY/Itkgeu3h3pCE6', false, 2, 5);
insert into users(id, name, surname, email, username, password, archived, role_id, organization_id) values (28, 'Enedina', 'Conroy', 'admin23@gmail.com', 'admin23', '$2a$10$JCYrt8QGHg4suBXWiRgjKu93h5DCq3yFDXMDsTY/Itkgeu3h3pCE6', false, 2, 5);
insert into users(id, name, surname, email, username, password, archived, role_id, organization_id) values (29, 'Kirby', 'Shields', 'admin24@gmail.com', 'admin24', '$2a$10$JCYrt8QGHg4suBXWiRgjKu93h5DCq3yFDXMDsTY/Itkgeu3h3pCE6', false, 2, 5);
insert into users(id, name, surname, email, username, password, archived, role_id, organization_id) values (30, 'Lavina', 'Friesen', 'admin25@gmail.com', 'admin25', '$2a$10$JCYrt8QGHg4suBXWiRgjKu93h5DCq3yFDXMDsTY/Itkgeu3h3pCE6', false, 2, 5);
insert into users(id, name, surname, email, username, password, archived, role_id, organization_id) values (31, 'Madeleine', 'Schroeder', 'user1@gmail.com', 'user1', '$2a$10$JCYrt8QGHg4suBXWiRgjKu93h5DCq3yFDXMDsTY/Itkgeu3h3pCE6', false, 3, 1);
insert into users(id, name, surname, email, username, password, archived, role_id, organization_id) values (32, 'Tatiana', 'Homenick', 'user2@gmail.com', 'user2', '$2a$10$JCYrt8QGHg4suBXWiRgjKu93h5DCq3yFDXMDsTY/Itkgeu3h3pCE6', false, 3, 1);
insert into users(id, name, surname, email, username, password, archived, role_id, organization_id) values (33, 'Elijah', 'White', 'user3@gmail.com', 'user3', '$2a$10$JCYrt8QGHg4suBXWiRgjKu93h5DCq3yFDXMDsTY/Itkgeu3h3pCE6', false, 3, 1);
insert into users(id, name, surname, email, username, password, archived, role_id, organization_id) values (34, 'Williemae', 'Lakin', 'user4@gmail.com', 'user4', '$2a$10$JCYrt8QGHg4suBXWiRgjKu93h5DCq3yFDXMDsTY/Itkgeu3h3pCE6', false, 3, 1);
insert into users(id, name, surname, email, username, password, archived, role_id, organization_id) values (35, 'Anja', 'Schamberger', 'user5@gmail.com', 'user5', '$2a$10$JCYrt8QGHg4suBXWiRgjKu93h5DCq3yFDXMDsTY/Itkgeu3h3pCE6', false, 3, 1);
insert into users(id, name, surname, email, username, password, archived, role_id, organization_id) values (36, 'Franklyn', 'Haley', 'user6@gmail.com', 'user6', '$2a$10$JCYrt8QGHg4suBXWiRgjKu93h5DCq3yFDXMDsTY/Itkgeu3h3pCE6', false, 3, 1);
insert into users(id, name, surname, email, username, password, archived, role_id, organization_id) values (37, 'Christopher', 'Cole', 'user7@gmail.com', 'user7', '$2a$10$JCYrt8QGHg4suBXWiRgjKu93h5DCq3yFDXMDsTY/Itkgeu3h3pCE6', false, 3, 1);
insert into users(id, name, surname, email, username, password, archived, role_id, organization_id) values (38, 'Kellie', 'Lubowitz', 'user8@gmail.com', 'user8', '$2a$10$JCYrt8QGHg4suBXWiRgjKu93h5DCq3yFDXMDsTY/Itkgeu3h3pCE6', false, 3, 1);
insert into users(id, name, surname, email, username, password, archived, role_id, organization_id) values (39, 'Vito', 'McDermott', 'user9@gmail.com', 'user9', '$2a$10$JCYrt8QGHg4suBXWiRgjKu93h5DCq3yFDXMDsTY/Itkgeu3h3pCE6', false, 3, 1);
insert into users(id, name, surname, email, username, password, archived, role_id, organization_id) values (40, 'Guy', 'Feeney', 'user10@gmail.com', 'user10', '$2a$10$JCYrt8QGHg4suBXWiRgjKu93h5DCq3yFDXMDsTY/Itkgeu3h3pCE6', false, 3, 1);
insert into users(id, name, surname, email, username, password, archived, role_id, organization_id) values (41, 'Roma', 'Jacobson', 'user11@gmail.com', 'user11', '$2a$10$JCYrt8QGHg4suBXWiRgjKu93h5DCq3yFDXMDsTY/Itkgeu3h3pCE6', false, 3, 2);
insert into users(id, name, surname, email, username, password, archived, role_id, organization_id) values (42, 'Carson', 'Lowe', 'user12@gmail.com', 'user12', '$2a$10$JCYrt8QGHg4suBXWiRgjKu93h5DCq3yFDXMDsTY/Itkgeu3h3pCE6', false, 3, 2);
insert into users(id, name, surname, email, username, password, archived, role_id, organization_id) values (43, 'Nadia', 'Haag', 'user13@gmail.com', 'user13', '$2a$10$JCYrt8QGHg4suBXWiRgjKu93h5DCq3yFDXMDsTY/Itkgeu3h3pCE6', false, 3, 2);
insert into users(id, name, surname, email, username, password, archived, role_id, organization_id) values (44, 'Lavern', 'Robel', 'user14@gmail.com', 'user14', '$2a$10$JCYrt8QGHg4suBXWiRgjKu93h5DCq3yFDXMDsTY/Itkgeu3h3pCE6', false, 3, 2);
insert into users(id, name, surname, email, username, password, archived, role_id, organization_id) values (45, 'Natacha', 'Homenick', 'user15@gmail.com', 'user15', '$2a$10$JCYrt8QGHg4suBXWiRgjKu93h5DCq3yFDXMDsTY/Itkgeu3h3pCE6', false, 3, 2);
insert into users(id, name, surname, email, username, password, archived, role_id, organization_id) values (46, 'Sherell', 'Hammes', 'user16@gmail.com', 'user16', '$2a$10$JCYrt8QGHg4suBXWiRgjKu93h5DCq3yFDXMDsTY/Itkgeu3h3pCE6', false, 3, 2);
insert into users(id, name, surname, email, username, password, archived, role_id, organization_id) values (47, 'Marx', 'Ondricka', 'user17@gmail.com', 'user17', '$2a$10$JCYrt8QGHg4suBXWiRgjKu93h5DCq3yFDXMDsTY/Itkgeu3h3pCE6', false, 3, 2);
insert into users(id, name, surname, email, username, password, archived, role_id, organization_id) values (48, 'Benton', 'Hackett', 'user18@gmail.com', 'user18', '$2a$10$JCYrt8QGHg4suBXWiRgjKu93h5DCq3yFDXMDsTY/Itkgeu3h3pCE6', false, 3, 2);
insert into users(id, name, surname, email, username, password, archived, role_id, organization_id) values (49, 'Ollie', 'Jenkins', 'user19@gmail.com', 'user19', '$2a$10$JCYrt8QGHg4suBXWiRgjKu93h5DCq3yFDXMDsTY/Itkgeu3h3pCE6', false, 3, 2);
insert into users(id, name, surname, email, username, password, archived, role_id, organization_id) values (50, 'Cordie', 'Mills', 'user20@gmail.com', 'user20', '$2a$10$JCYrt8QGHg4suBXWiRgjKu93h5DCq3yFDXMDsTY/Itkgeu3h3pCE6', false, 3, 2);
insert into users(id, name, surname, email, username, password, archived, role_id, organization_id) values (51, 'Hector', 'Davis', 'user21@gmail.com', 'user21', '$2a$10$JCYrt8QGHg4suBXWiRgjKu93h5DCq3yFDXMDsTY/Itkgeu3h3pCE6', false, 3, 3);
insert into users(id, name, surname, email, username, password, archived, role_id, organization_id) values (52, 'Numbers', 'Bashirian', 'user22@gmail.com', 'user22', '$2a$10$JCYrt8QGHg4suBXWiRgjKu93h5DCq3yFDXMDsTY/Itkgeu3h3pCE6', false, 3, 3);
insert into users(id, name, surname, email, username, password, archived, role_id, organization_id) values (53, 'Piedad', 'Gottlieb', 'user23@gmail.com', 'user23', '$2a$10$JCYrt8QGHg4suBXWiRgjKu93h5DCq3yFDXMDsTY/Itkgeu3h3pCE6', false, 3, 3);
insert into users(id, name, surname, email, username, password, archived, role_id, organization_id) values (54, 'Foster', 'Greenholt', 'user24@gmail.com', 'user24', '$2a$10$JCYrt8QGHg4suBXWiRgjKu93h5DCq3yFDXMDsTY/Itkgeu3h3pCE6', false, 3, 3);
insert into users(id, name, surname, email, username, password, archived, role_id, organization_id) values (55, 'Joan', 'Lind', 'user25@gmail.com', 'user25', '$2a$10$JCYrt8QGHg4suBXWiRgjKu93h5DCq3yFDXMDsTY/Itkgeu3h3pCE6', false, 3, 3);
insert into users(id, name, surname, email, username, password, archived, role_id, organization_id) values (56, 'Elinor', 'Schumm', 'user26@gmail.com', 'user26', '$2a$10$JCYrt8QGHg4suBXWiRgjKu93h5DCq3yFDXMDsTY/Itkgeu3h3pCE6', false, 3, 3);
insert into users(id, name, surname, email, username, password, archived, role_id, organization_id) values (57, 'Lashanda', 'Homenick', 'user27@gmail.com', 'user27', '$2a$10$JCYrt8QGHg4suBXWiRgjKu93h5DCq3yFDXMDsTY/Itkgeu3h3pCE6', false, 3, 3);
insert into users(id, name, surname, email, username, password, archived, role_id, organization_id) values (58, 'Dwayne', 'O''Kon', 'user28@gmail.com', 'user28', '$2a$10$JCYrt8QGHg4suBXWiRgjKu93h5DCq3yFDXMDsTY/Itkgeu3h3pCE6', false, 3, 3);
insert into users(id, name, surname, email, username, password, archived, role_id, organization_id) values (59, 'Mickie', 'Jones', 'user29@gmail.com', 'user29', '$2a$10$JCYrt8QGHg4suBXWiRgjKu93h5DCq3yFDXMDsTY/Itkgeu3h3pCE6', false, 3, 3);
insert into users(id, name, surname, email, username, password, archived, role_id, organization_id) values (60, 'Rikki', 'Emard', 'user30@gmail.com', 'user30', '$2a$10$JCYrt8QGHg4suBXWiRgjKu93h5DCq3yFDXMDsTY/Itkgeu3h3pCE6', false, 3, 3);
insert into users(id, name, surname, email, username, password, archived, role_id, organization_id) values (61, 'Brigida', 'Fahey', 'user31@gmail.com', 'user31', '$2a$10$JCYrt8QGHg4suBXWiRgjKu93h5DCq3yFDXMDsTY/Itkgeu3h3pCE6', false, 3, 4);
insert into users(id, name, surname, email, username, password, archived, role_id, organization_id) values (62, 'Cordell', 'Harber', 'user32@gmail.com', 'user32', '$2a$10$JCYrt8QGHg4suBXWiRgjKu93h5DCq3yFDXMDsTY/Itkgeu3h3pCE6', false, 3, 4);
insert into users(id, name, surname, email, username, password, archived, role_id, organization_id) values (63, 'Ingeborg', 'Dietrich', 'user33@gmail.com', 'user33', '$2a$10$JCYrt8QGHg4suBXWiRgjKu93h5DCq3yFDXMDsTY/Itkgeu3h3pCE6', false, 3, 4);
insert into users(id, name, surname, email, username, password, archived, role_id, organization_id) values (64, 'Neville', 'Gerlach', 'user34@gmail.com', 'user34', '$2a$10$JCYrt8QGHg4suBXWiRgjKu93h5DCq3yFDXMDsTY/Itkgeu3h3pCE6', false, 3, 4);
insert into users(id, name, surname, email, username, password, archived, role_id, organization_id) values (65, 'Shera', 'Wisoky', 'user35@gmail.com', 'user35', '$2a$10$JCYrt8QGHg4suBXWiRgjKu93h5DCq3yFDXMDsTY/Itkgeu3h3pCE6', false, 3, 4);
insert into users(id, name, surname, email, username, password, archived, role_id, organization_id) values (66, 'Luetta', 'Stroman', 'user36@gmail.com', 'user36', '$2a$10$JCYrt8QGHg4suBXWiRgjKu93h5DCq3yFDXMDsTY/Itkgeu3h3pCE6', false, 3, 4);
insert into users(id, name, surname, email, username, password, archived, role_id, organization_id) values (67, 'Kelley', 'Halvorson', 'user37@gmail.com', 'user37', '$2a$10$JCYrt8QGHg4suBXWiRgjKu93h5DCq3yFDXMDsTY/Itkgeu3h3pCE6', false, 3, 4);
insert into users(id, name, surname, email, username, password, archived, role_id, organization_id) values (68, 'Long', 'Hansen', 'user38@gmail.com', 'user38', '$2a$10$JCYrt8QGHg4suBXWiRgjKu93h5DCq3yFDXMDsTY/Itkgeu3h3pCE6', false, 3, 4);
insert into users(id, name, surname, email, username, password, archived, role_id, organization_id) values (69, 'Blaine', 'Vandervort', 'user39@gmail.com', 'user39', '$2a$10$JCYrt8QGHg4suBXWiRgjKu93h5DCq3yFDXMDsTY/Itkgeu3h3pCE6', false, 3, 4);
insert into users(id, name, surname, email, username, password, archived, role_id, organization_id) values (70, 'Dennis', 'Watsica', 'user40@gmail.com', 'user40', '$2a$10$JCYrt8QGHg4suBXWiRgjKu93h5DCq3yFDXMDsTY/Itkgeu3h3pCE6', false, 3, 4);
insert into users(id, name, surname, email, username, password, archived, role_id, organization_id) values (71, 'Chauncey', 'Mueller', 'user41@gmail.com', 'user41', '$2a$10$JCYrt8QGHg4suBXWiRgjKu93h5DCq3yFDXMDsTY/Itkgeu3h3pCE6', false, 3, 5);
insert into users(id, name, surname, email, username, password, archived, role_id, organization_id) values (72, 'Nigel', 'Schimmel', 'user42@gmail.com', 'user42', '$2a$10$JCYrt8QGHg4suBXWiRgjKu93h5DCq3yFDXMDsTY/Itkgeu3h3pCE6', false, 3, 5);
insert into users(id, name, surname, email, username, password, archived, role_id, organization_id) values (73, 'Venita', 'Waelchi', 'user43@gmail.com', 'user43', '$2a$10$JCYrt8QGHg4suBXWiRgjKu93h5DCq3yFDXMDsTY/Itkgeu3h3pCE6', false, 3, 5);
insert into users(id, name, surname, email, username, password, archived, role_id, organization_id) values (74, 'Rheba', 'Watsica', 'user44@gmail.com', 'user44', '$2a$10$JCYrt8QGHg4suBXWiRgjKu93h5DCq3yFDXMDsTY/Itkgeu3h3pCE6', false, 3, 5);
insert into users(id, name, surname, email, username, password, archived, role_id, organization_id) values (75, 'Art', 'Effertz', 'user45@gmail.com', 'user45', '$2a$10$JCYrt8QGHg4suBXWiRgjKu93h5DCq3yFDXMDsTY/Itkgeu3h3pCE6', false, 3, 5);
insert into users(id, name, surname, email, username, password, archived, role_id, organization_id) values (76, 'Norberto', 'Pollich', 'user46@gmail.com', 'user46', '$2a$10$JCYrt8QGHg4suBXWiRgjKu93h5DCq3yFDXMDsTY/Itkgeu3h3pCE6', false, 3, 5);
insert into users(id, name, surname, email, username, password, archived, role_id, organization_id) values (77, 'Yajaira', 'Mohr', 'user47@gmail.com', 'user47', '$2a$10$JCYrt8QGHg4suBXWiRgjKu93h5DCq3yFDXMDsTY/Itkgeu3h3pCE6', false, 3, 5);
insert into users(id, name, surname, email, username, password, archived, role_id, organization_id) values (78, 'Jerrod', 'Bosco', 'user48@gmail.com', 'user48', '$2a$10$JCYrt8QGHg4suBXWiRgjKu93h5DCq3yFDXMDsTY/Itkgeu3h3pCE6', false, 3, 5);
insert into users(id, name, surname, email, username, password, archived, role_id, organization_id) values (79, 'Deann', 'Emmerich', 'user49@gmail.com', 'user49', '$2a$10$JCYrt8QGHg4suBXWiRgjKu93h5DCq3yFDXMDsTY/Itkgeu3h3pCE6', false, 3, 5);
insert into users(id, name, surname, email, username, password, archived, role_id, organization_id) values (80, 'Charles', 'Spinka', 'user50@gmail.com', 'user50', '$2a$10$JCYrt8QGHg4suBXWiRgjKu93h5DCq3yFDXMDsTY/Itkgeu3h3pCE6', false, 3, 5);
--------------------------------------------------------------------------------------------------------------------------------------------------------------------------------------------------------
--------------------------------------------------------------------------------------------------------------------------------------------------------------------------------------------------------

--------------------------------------------------------------------------------------------------------------------------------------------------------------------------------------------------------
----------------------------------------------------------------------------------------- Altering user_id_seq -----------------------------------------------------------------------------------------
alter sequence user_id_seq restart with 81;
--------------------------------------------------------------------------------------------------------------------------------------------------------------------------------------------------------
--------------------------------------------------------------------------------------------------------------------------------------------------------------------------------------------------------

--------------------------------------------------------------------------------------------------------------------------------------------------------------------------------------------------------
----------------------------------------------------------------------------------------- inserting categories -----------------------------------------------------------------------------------------
insert into categories(id, name, cpu, ram, gpu, archived) values (1, '1: Gap of Rohan', 1, 2, 0, false);
insert into categories(id, name, cpu, ram, gpu, archived) values (2, '2: The Void', 1, 2, 1, false);
insert into categories(id, name, cpu, ram, gpu, archived) values (3, '3: Carchost', 1, 4, 0, false);
insert into categories(id, name, cpu, ram, gpu, archived) values (4, '4: Fens of Serech', 1, 4, 1, false);
insert into categories(id, name, cpu, ram, gpu, archived) values (5, '5: Tol Morwen', 2, 2, 0, false);
insert into categories(id, name, cpu, ram, gpu, archived) values (6, '6: Bridge of Khazad-dûm', 2, 2, 1, false);
insert into categories(id, name, cpu, ram, gpu, archived) values (7, '7: Old Forest Road', 2, 4, 2, false);
insert into categories(id, name, cpu, ram, gpu, archived) values (8, '8: Eithel Sirion', 2, 8, 2, false);
insert into categories(id, name, cpu, ram, gpu, archived) values (9, '9: Paths of the Dead', 4, 2, 2, false);
insert into categories(id, name, cpu, ram, gpu, archived) values (10, '10: Sarn Ford', 4, 4, 2, false);
insert into categories(id, name, cpu, ram, gpu, archived) values (11, '11: East Road', 4, 8, 4, false);
insert into categories(id, name, cpu, ram, gpu, archived) values (12, '12: Coldfells', 4, 16, 4, false);
insert into categories(id, name, cpu, ram, gpu, archived) values (13, '13: Field of Celebrant', 8, 4, 2, false);
insert into categories(id, name, cpu, ram, gpu, archived) values (14, '14: Cirith Ungol', 8, 8, 4, false);
insert into categories(id, name, cpu, ram, gpu, archived) values (15, '15: Máhanaxar', 8, 16, 8, false);
insert into categories(id, name, cpu, ram, gpu, archived) values (16, '16: Marish', 8, 32, 8, false);
insert into categories(id, name, cpu, ram, gpu, archived) values (17, '17: Dark Land', 16, 8, 4, false);
insert into categories(id, name, cpu, ram, gpu, archived) values (18, '18: Taur-im-Duinath', 16, 16, 4, false);
insert into categories(id, name, cpu, ram, gpu, archived) values (19, '19: Núath', 16, 32, 8, false);
insert into categories(id, name, cpu, ram, gpu, archived) values (20, '20: Elostirion', 16, 64, 8, false);
insert into categories(id, name, cpu, ram, gpu, archived) values (21, '21: Land of the Sun', 16, 128, 16, false);
insert into categories(id, name, cpu, ram, gpu, archived) values (22, '22: Tol Morwen', 32, 16, 8, false);
insert into categories(id, name, cpu, ram, gpu, archived) values (23, '23: Greenway', 32, 32, 8, false);
insert into categories(id, name, cpu, ram, gpu, archived) values (24, '24: Orthanc', 32, 64, 16, false);
insert into categories(id, name, cpu, ram, gpu, archived) values (25, '25: Lothlorièn', 32, 128, 16, false);
--------------------------------------------------------------------------------------------------------------------------------------------------------------------------------------------------------
--------------------------------------------------------------------------------------------------------------------------------------------------------------------------------------------------------

--------------------------------------------------------------------------------------------------------------------------------------------------------------------------------------------------------
--------------------------------------------------------------------------------------- Altering category_id_seq ---------------------------------------------------------------------------------------
alter sequence category_id_seq restart with 26;
--------------------------------------------------------------------------------------------------------------------------------------------------------------------------------------------------------
--------------------------------------------------------------------------------------------------------------------------------------------------------------------------------------------------------

--------------------------------------------------------------------------------------------------------------------------------------------------------------------------------------------------------
------------------------------------------------------------------------------------------ inserting machines ------------------------------------------------------------------------------------------
insert into virtual_machines(id, name, archived, organization_id, category_id) values (1, '1: Peregrin Took', false, 1, 1);
insert into virtual_machines(id, name, archived, organization_id, category_id) values (2, '2: Sauron', false, 1, 2);
insert into virtual_machines(id, name, archived, organization_id, category_id) values (3, '3: Denethor', false, 1, 3);
insert into virtual_machines(id, name, archived, organization_id, category_id) values (4, '4: Frodo Baggins', false, 1, 4);
insert into virtual_machines(id, name, archived, organization_id, category_id) values (5, '5: Théoden', false, 1, 5);
insert into virtual_machines(id, name, archived, organization_id, category_id) values (6, '6: Boromir', false, 1, 6);
insert into virtual_machines(id, name, archived, organization_id, category_id) values (7, '7: Bilbo Baggins', false, 1, 7);
insert into virtual_machines(id, name, archived, organization_id, category_id) values (8, '8: Shadowfax', false, 1, 8);
insert into virtual_machines(id, name, archived, organization_id, category_id) values (9, '9: Treebeard', false, 1, 9);
insert into virtual_machines(id, name, archived, organization_id, category_id) values (10, '10: Grìma Wormtongue', false, 1, 10);
insert into virtual_machines(id, name, archived, organization_id, category_id) values (11, '11: Elrond', false, 1, 11);
insert into virtual_machines(id, name, archived, organization_id, category_id) values (12, '12: Shelob', false, 1, 12);
insert into virtual_machines(id, name, archived, organization_id, category_id) values (13, '13: Sauron', false, 1, 13);
insert into virtual_machines(id, name, archived, organization_id, category_id) values (14, '14: Saruman the White', false, 1, 14);
insert into virtual_machines(id, name, archived, organization_id, category_id) values (15, '15: Meriadoc Brandybuck', false, 1, 15);
insert into virtual_machines(id, name, archived, organization_id, category_id) values (16, '16: Elrond', false, 1, 16);
insert into virtual_machines(id, name, archived, organization_id, category_id) values (17, '17: Gimli', false, 1, 17);
insert into virtual_machines(id, name, archived, organization_id, category_id) values (18, '18: Arwen Evenstar', false, 1, 18);
insert into virtual_machines(id, name, archived, organization_id, category_id) values (19, '19: Shelob', false, 1, 19);
insert into virtual_machines(id, name, archived, organization_id, category_id) values (20, '20: Shadowfax', false, 1, 20);
insert into virtual_machines(id, name, archived, organization_id, category_id) values (21, '21: Gandalf the Grey', false, 1, 21);
insert into virtual_machines(id, name, archived, organization_id, category_id) values (22, '22: Galadriel', false, 1, 22);
insert into virtual_machines(id, name, archived, organization_id, category_id) values (23, '23: Gandalf the Grey', false, 1, 23);
insert into virtual_machines(id, name, archived, organization_id, category_id) values (24, '24: Faramir', false, 1, 24);
insert into virtual_machines(id, name, archived, organization_id, category_id) values (25, '25: Bilbo Baggins', false, 1, 25);
insert into virtual_machines(id, name, archived, organization_id, category_id) values (26, '26: Quickbeam', false, 1, 1);
insert into virtual_machines(id, name, archived, organization_id, category_id) values (27, '27: Arwen Evenstar', false, 1, 2);
insert into virtual_machines(id, name, archived, organization_id, category_id) values (28, '28: Meriadoc Brandybuck', false, 1, 3);
insert into virtual_machines(id, name, archived, organization_id, category_id) values (29, '29: Saruman the White', false, 1, 4);
insert into virtual_machines(id, name, archived, organization_id, category_id) values (30, '30: Peregrin Took', false, 1, 5);
insert into virtual_machines(id, name, archived, organization_id, category_id) values (31, '31: Elrond', false, 1, 6);
insert into virtual_machines(id, name, archived, organization_id, category_id) values (32, '32: Frodo Baggins', false, 1, 7);
insert into virtual_machines(id, name, archived, organization_id, category_id) values (33, '33: Éowyn', false, 1, 8);
insert into virtual_machines(id, name, archived, organization_id, category_id) values (34, '34: Bilbo Baggins', false, 1, 9);
insert into virtual_machines(id, name, archived, organization_id, category_id) values (35, '35: Gandalf the Grey', false, 1, 10);
insert into virtual_machines(id, name, archived, organization_id, category_id) values (36, '36: Gollum', false, 1, 11);
insert into virtual_machines(id, name, archived, organization_id, category_id) values (37, '37: Peregrin Took', false, 1, 12);
insert into virtual_machines(id, name, archived, organization_id, category_id) values (38, '38: Peregrin Took', false, 1, 13);
insert into virtual_machines(id, name, archived, organization_id, category_id) values (39, '39: Treebeard', false, 1, 14);
insert into virtual_machines(id, name, archived, organization_id, category_id) values (40, '40: Barliman Butterbur', false, 1, 15);
insert into virtual_machines(id, name, archived, organization_id, category_id) values (41, '41: Tom Bombadil', false, 1, 16);
insert into virtual_machines(id, name, archived, organization_id, category_id) values (42, '42: Théoden', false, 1, 17);
insert into virtual_machines(id, name, archived, organization_id, category_id) values (43, '43: Treebeard', false, 1, 18);
insert into virtual_machines(id, name, archived, organization_id, category_id) values (44, '44: Sauron', false, 1, 19);
insert into virtual_machines(id, name, archived, organization_id, category_id) values (45, '45: Shadowfax', false, 1, 20);
insert into virtual_machines(id, name, archived, organization_id, category_id) values (46, '46: Denethor', false, 1, 21);
insert into virtual_machines(id, name, archived, organization_id, category_id) values (47, '47: Saruman the White', false, 1, 22);
insert into virtual_machines(id, name, archived, organization_id, category_id) values (48, '48: Faramir', false, 1, 23);
insert into virtual_machines(id, name, archived, organization_id, category_id) values (49, '49: Quickbeam', false, 1, 24);
insert into virtual_machines(id, name, archived, organization_id, category_id) values (50, '50: Éowyn', false, 1, 25);
insert into virtual_machines(id, name, archived, organization_id, category_id) values (51, '51: Peregrin Took', false, 1, 1);
insert into virtual_machines(id, name, archived, organization_id, category_id) values (52, '52: Gimli', false, 1, 2);
insert into virtual_machines(id, name, archived, organization_id, category_id) values (53, '53: Samwise Gamgee', false, 1, 3);
insert into virtual_machines(id, name, archived, organization_id, category_id) values (54, '54: Bilbo Baggins', false, 1, 4);
insert into virtual_machines(id, name, archived, organization_id, category_id) values (55, '55: Saruman the White', false, 1, 5);
insert into virtual_machines(id, name, archived, organization_id, category_id) values (56, '56: Peregrin Took', false, 1, 6);
insert into virtual_machines(id, name, archived, organization_id, category_id) values (57, '57: Elrond', false, 1, 7);
insert into virtual_machines(id, name, archived, organization_id, category_id) values (58, '58: Treebeard', false, 1, 8);
insert into virtual_machines(id, name, archived, organization_id, category_id) values (59, '59: Meriadoc Brandybuck', false, 1, 9);
insert into virtual_machines(id, name, archived, organization_id, category_id) values (60, '60: Denethor', false, 1, 10);
insert into virtual_machines(id, name, archived, organization_id, category_id) values (61, '61: Tom Bombadil', false, 1, 11);
insert into virtual_machines(id, name, archived, organization_id, category_id) values (62, '62: Galadriel', false, 1, 12);
insert into virtual_machines(id, name, archived, organization_id, category_id) values (63, '63: Frodo Baggins', false, 1, 13);
insert into virtual_machines(id, name, archived, organization_id, category_id) values (64, '64: Bilbo Baggins', false, 1, 14);
insert into virtual_machines(id, name, archived, organization_id, category_id) values (65, '65: Frodo Baggins', false, 1, 15);
insert into virtual_machines(id, name, archived, organization_id, category_id) values (66, '66: Quickbeam', false, 1, 16);
insert into virtual_machines(id, name, archived, organization_id, category_id) values (67, '67: Bilbo Baggins', false, 1, 17);
insert into virtual_machines(id, name, archived, organization_id, category_id) values (68, '68: Quickbeam', false, 1, 18);
insert into virtual_machines(id, name, archived, organization_id, category_id) values (69, '69: Denethor', false, 1, 19);
insert into virtual_machines(id, name, archived, organization_id, category_id) values (70, '70: Boromir', false, 1, 20);
insert into virtual_machines(id, name, archived, organization_id, category_id) values (71, '71: Saruman the White', false, 1, 21);
insert into virtual_machines(id, name, archived, organization_id, category_id) values (72, '72: Barliman Butterbur', false, 1, 22);
insert into virtual_machines(id, name, archived, organization_id, category_id) values (73, '73: Beregond', false, 1, 23);
insert into virtual_machines(id, name, archived, organization_id, category_id) values (74, '74: Quickbeam', false, 1, 24);
insert into virtual_machines(id, name, archived, organization_id, category_id) values (75, '75: Galadriel', false, 1, 25);
insert into virtual_machines(id, name, archived, organization_id, category_id) values (76, '76: Gimli', false, 1, 1);
insert into virtual_machines(id, name, archived, organization_id, category_id) values (77, '77: Boromir', false, 1, 2);
insert into virtual_machines(id, name, archived, organization_id, category_id) values (78, '78: Arwen Evenstar', false, 1, 3);
insert into virtual_machines(id, name, archived, organization_id, category_id) values (79, '79: Boromir', false, 1, 4);
insert into virtual_machines(id, name, archived, organization_id, category_id) values (80, '80: Samwise Gamgee', false, 1, 5);
insert into virtual_machines(id, name, archived, organization_id, category_id) values (81, '81: Sauron', false, 1, 6);
insert into virtual_machines(id, name, archived, organization_id, category_id) values (82, '82: Gandalf the Grey', false, 1, 7);
insert into virtual_machines(id, name, archived, organization_id, category_id) values (83, '83: Éowyn', false, 1, 8);
insert into virtual_machines(id, name, archived, organization_id, category_id) values (84, '84: Sauron', false, 1, 9);
insert into virtual_machines(id, name, archived, organization_id, category_id) values (85, '85: Legolas', false, 1, 10);
insert into virtual_machines(id, name, archived, organization_id, category_id) values (86, '86: Gimli', false, 1, 11);
insert into virtual_machines(id, name, archived, organization_id, category_id) values (87, '87: Shelob', false, 1, 12);
insert into virtual_machines(id, name, archived, organization_id, category_id) values (88, '88: Boromir', false, 1, 13);
insert into virtual_machines(id, name, archived, organization_id, category_id) values (89, '89: Peregrin Took', false, 1, 14);
insert into virtual_machines(id, name, archived, organization_id, category_id) values (90, '90: Shadowfax', false, 1, 15);
insert into virtual_machines(id, name, archived, organization_id, category_id) values (91, '91: Beregond', false, 1, 16);
insert into virtual_machines(id, name, archived, organization_id, category_id) values (92, '92: Treebeard', false, 1, 17);
insert into virtual_machines(id, name, archived, organization_id, category_id) values (93, '93: Aragorn', false, 1, 18);
insert into virtual_machines(id, name, archived, organization_id, category_id) values (94, '94: Galadriel', false, 1, 19);
insert into virtual_machines(id, name, archived, organization_id, category_id) values (95, '95: Bilbo Baggins', false, 1, 20);
insert into virtual_machines(id, name, archived, organization_id, category_id) values (96, '96: Treebeard', false, 1, 21);
insert into virtual_machines(id, name, archived, organization_id, category_id) values (97, '97: Glorfindel', false, 1, 22);
insert into virtual_machines(id, name, archived, organization_id, category_id) values (98, '98: Legolas', false, 1, 23);
insert into virtual_machines(id, name, archived, organization_id, category_id) values (99, '99: Boromir', false, 1, 24);
insert into virtual_machines(id, name, archived, organization_id, category_id) values (100, '100: Éowyn', false, 1, 25);
insert into virtual_machines(id, name, archived, organization_id, category_id) values (101, '101: Frodo Baggins', false, 1, 1);
insert into virtual_machines(id, name, archived, organization_id, category_id) values (102, '102: Bilbo Baggins', false, 1, 2);
insert into virtual_machines(id, name, archived, organization_id, category_id) values (103, '103: Aragorn', false, 1, 3);
insert into virtual_machines(id, name, archived, organization_id, category_id) values (104, '104: Shelob', false, 1, 4);
insert into virtual_machines(id, name, archived, organization_id, category_id) values (105, '105: Meriadoc Brandybuck', false, 1, 5);
insert into virtual_machines(id, name, archived, organization_id, category_id) values (106, '106: Shadowfax', false, 1, 6);
insert into virtual_machines(id, name, archived, organization_id, category_id) values (107, '107: Glorfindel', false, 1, 7);
insert into virtual_machines(id, name, archived, organization_id, category_id) values (108, '108: Saruman the White', false, 1, 8);
insert into virtual_machines(id, name, archived, organization_id, category_id) values (109, '109: Éomer', false, 1, 9);
insert into virtual_machines(id, name, archived, organization_id, category_id) values (110, '110: Glorfindel', false, 1, 10);
insert into virtual_machines(id, name, archived, organization_id, category_id) values (111, '111: Faramir', false, 1, 11);
insert into virtual_machines(id, name, archived, organization_id, category_id) values (112, '112: Denethor', false, 1, 12);
insert into virtual_machines(id, name, archived, organization_id, category_id) values (113, '113: Grìma Wormtongue', false, 1, 13);
insert into virtual_machines(id, name, archived, organization_id, category_id) values (114, '114: Arwen Evenstar', false, 1, 14);
insert into virtual_machines(id, name, archived, organization_id, category_id) values (115, '115: Shelob', false, 1, 15);
insert into virtual_machines(id, name, archived, organization_id, category_id) values (116, '116: Arwen Evenstar', false, 1, 16);
insert into virtual_machines(id, name, archived, organization_id, category_id) values (117, '117: Frodo Baggins', false, 1, 17);
insert into virtual_machines(id, name, archived, organization_id, category_id) values (118, '118: Treebeard', false, 1, 18);
insert into virtual_machines(id, name, archived, organization_id, category_id) values (119, '119: Gimli', false, 1, 19);
insert into virtual_machines(id, name, archived, organization_id, category_id) values (120, '120: Treebeard', false, 1, 20);
insert into virtual_machines(id, name, archived, organization_id, category_id) values (121, '121: Shadowfax', false, 1, 21);
insert into virtual_machines(id, name, archived, organization_id, category_id) values (122, '122: Saruman the White', false, 1, 22);
insert into virtual_machines(id, name, archived, organization_id, category_id) values (123, '123: Denethor', false, 1, 23);
insert into virtual_machines(id, name, archived, organization_id, category_id) values (124, '124: Sauron', false, 1, 24);
insert into virtual_machines(id, name, archived, organization_id, category_id) values (125, '125: Boromir', false, 1, 25);
insert into virtual_machines(id, name, archived, organization_id, category_id) values (126, '126: Barliman Butterbur', false, 1, 1);
insert into virtual_machines(id, name, archived, organization_id, category_id) values (127, '127: Boromir', false, 1, 2);
insert into virtual_machines(id, name, archived, organization_id, category_id) values (128, '128: Tom Bombadil', false, 1, 3);
insert into virtual_machines(id, name, archived, organization_id, category_id) values (129, '129: Barliman Butterbur', false, 1, 4);
insert into virtual_machines(id, name, archived, organization_id, category_id) values (130, '130: Tom Bombadil', false, 1, 5);
insert into virtual_machines(id, name, archived, organization_id, category_id) values (131, '131: Frodo Baggins', false, 1, 6);
insert into virtual_machines(id, name, archived, organization_id, category_id) values (132, '132: Denethor', false, 1, 7);
insert into virtual_machines(id, name, archived, organization_id, category_id) values (133, '133: Beregond', false, 1, 8);
insert into virtual_machines(id, name, archived, organization_id, category_id) values (134, '134: Saruman the White', false, 1, 9);
insert into virtual_machines(id, name, archived, organization_id, category_id) values (135, '135: Shelob', false, 1, 10);
insert into virtual_machines(id, name, archived, organization_id, category_id) values (136, '136: Treebeard', false, 1, 11);
insert into virtual_machines(id, name, archived, organization_id, category_id) values (137, '137: Treebeard', false, 1, 12);
insert into virtual_machines(id, name, archived, organization_id, category_id) values (138, '138: Quickbeam', false, 1, 13);
insert into virtual_machines(id, name, archived, organization_id, category_id) values (139, '139: Denethor', false, 1, 14);
insert into virtual_machines(id, name, archived, organization_id, category_id) values (140, '140: Meriadoc Brandybuck', false, 1, 15);
insert into virtual_machines(id, name, archived, organization_id, category_id) values (141, '141: Meriadoc Brandybuck', false, 1, 16);
insert into virtual_machines(id, name, archived, organization_id, category_id) values (142, '142: Denethor', false, 1, 17);
insert into virtual_machines(id, name, archived, organization_id, category_id) values (143, '143: Quickbeam', false, 1, 18);
insert into virtual_machines(id, name, archived, organization_id, category_id) values (144, '144: Gollum', false, 1, 19);
insert into virtual_machines(id, name, archived, organization_id, category_id) values (145, '145: Quickbeam', false, 1, 20);
insert into virtual_machines(id, name, archived, organization_id, category_id) values (146, '146: Théoden', false, 1, 21);
insert into virtual_machines(id, name, archived, organization_id, category_id) values (147, '147: Elrond', false, 1, 22);
insert into virtual_machines(id, name, archived, organization_id, category_id) values (148, '148: Peregrin Took', false, 1, 23);
insert into virtual_machines(id, name, archived, organization_id, category_id) values (149, '149: Gollum', false, 1, 24);
insert into virtual_machines(id, name, archived, organization_id, category_id) values (150, '150: Gandalf the Grey', false, 1, 25);
insert into virtual_machines(id, name, archived, organization_id, category_id) values (151, '151: Sauron', false, 1, 1);
insert into virtual_machines(id, name, archived, organization_id, category_id) values (152, '152: Éomer', false, 1, 2);
insert into virtual_machines(id, name, archived, organization_id, category_id) values (153, '153: Elrond', false, 1, 3);
insert into virtual_machines(id, name, archived, organization_id, category_id) values (154, '154: Samwise Gamgee', false, 1, 4);
insert into virtual_machines(id, name, archived, organization_id, category_id) values (155, '155: Faramir', false, 1, 5);
insert into virtual_machines(id, name, archived, organization_id, category_id) values (156, '156: Samwise Gamgee', false, 1, 6);
insert into virtual_machines(id, name, archived, organization_id, category_id) values (157, '157: Théoden', false, 1, 7);
insert into virtual_machines(id, name, archived, organization_id, category_id) values (158, '158: Peregrin Took', false, 1, 8);
insert into virtual_machines(id, name, archived, organization_id, category_id) values (159, '159: Aragorn', false, 1, 9);
insert into virtual_machines(id, name, archived, organization_id, category_id) values (160, '160: Bilbo Baggins', false, 1, 10);
insert into virtual_machines(id, name, archived, organization_id, category_id) values (161, '161: Shadowfax', false, 1, 11);
insert into virtual_machines(id, name, archived, organization_id, category_id) values (162, '162: Treebeard', false, 1, 12);
insert into virtual_machines(id, name, archived, organization_id, category_id) values (163, '163: Elrond', false, 1, 13);
insert into virtual_machines(id, name, archived, organization_id, category_id) values (164, '164: Bilbo Baggins', false, 1, 14);
insert into virtual_machines(id, name, archived, organization_id, category_id) values (165, '165: Beregond', false, 1, 15);
insert into virtual_machines(id, name, archived, organization_id, category_id) values (166, '166: Quickbeam', false, 1, 16);
insert into virtual_machines(id, name, archived, organization_id, category_id) values (167, '167: Théoden', false, 1, 17);
insert into virtual_machines(id, name, archived, organization_id, category_id) values (168, '168: Galadriel', false, 1, 18);
insert into virtual_machines(id, name, archived, organization_id, category_id) values (169, '169: Gollum', false, 1, 19);
insert into virtual_machines(id, name, archived, organization_id, category_id) values (170, '170: Bilbo Baggins', false, 1, 20);
insert into virtual_machines(id, name, archived, organization_id, category_id) values (171, '171: Denethor', false, 1, 21);
insert into virtual_machines(id, name, archived, organization_id, category_id) values (172, '172: Boromir', false, 1, 22);
insert into virtual_machines(id, name, archived, organization_id, category_id) values (173, '173: Peregrin Took', false, 1, 23);
insert into virtual_machines(id, name, archived, organization_id, category_id) values (174, '174: Peregrin Took', false, 1, 24);
insert into virtual_machines(id, name, archived, organization_id, category_id) values (175, '175: Théoden', false, 1, 25);
insert into virtual_machines(id, name, archived, organization_id, category_id) values (176, '176: Éowyn', false, 1, 1);
insert into virtual_machines(id, name, archived, organization_id, category_id) values (177, '177: Gimli', false, 1, 2);
insert into virtual_machines(id, name, archived, organization_id, category_id) values (178, '178: Gandalf the Grey', false, 1, 3);
insert into virtual_machines(id, name, archived, organization_id, category_id) values (179, '179: Shadowfax', false, 1, 4);
insert into virtual_machines(id, name, archived, organization_id, category_id) values (180, '180: Éowyn', false, 1, 5);
insert into virtual_machines(id, name, archived, organization_id, category_id) values (181, '181: Grìma Wormtongue', false, 1, 6);
insert into virtual_machines(id, name, archived, organization_id, category_id) values (182, '182: Boromir', false, 1, 7);
insert into virtual_machines(id, name, archived, organization_id, category_id) values (183, '183: Glorfindel', false, 1, 8);
insert into virtual_machines(id, name, archived, organization_id, category_id) values (184, '184: Shadowfax', false, 1, 9);
insert into virtual_machines(id, name, archived, organization_id, category_id) values (185, '185: Frodo Baggins', false, 1, 10);
insert into virtual_machines(id, name, archived, organization_id, category_id) values (186, '186: Beregond', false, 1, 11);
insert into virtual_machines(id, name, archived, organization_id, category_id) values (187, '187: Galadriel', false, 1, 12);
insert into virtual_machines(id, name, archived, organization_id, category_id) values (188, '188: Meriadoc Brandybuck', false, 1, 13);
insert into virtual_machines(id, name, archived, organization_id, category_id) values (189, '189: Gollum', false, 1, 14);
insert into virtual_machines(id, name, archived, organization_id, category_id) values (190, '190: Gandalf the Grey', false, 1, 15);
insert into virtual_machines(id, name, archived, organization_id, category_id) values (191, '191: Frodo Baggins', false, 1, 16);
insert into virtual_machines(id, name, archived, organization_id, category_id) values (192, '192: Théoden', false, 1, 17);
insert into virtual_machines(id, name, archived, organization_id, category_id) values (193, '193: Shelob', false, 1, 18);
insert into virtual_machines(id, name, archived, organization_id, category_id) values (194, '194: Shadowfax', false, 1, 19);
insert into virtual_machines(id, name, archived, organization_id, category_id) values (195, '195: Boromir', false, 1, 20);
insert into virtual_machines(id, name, archived, organization_id, category_id) values (196, '196: Samwise Gamgee', false, 1, 21);
insert into virtual_machines(id, name, archived, organization_id, category_id) values (197, '197: Beregond', false, 1, 22);
insert into virtual_machines(id, name, archived, organization_id, category_id) values (198, '198: Denethor', false, 1, 23);
insert into virtual_machines(id, name, archived, organization_id, category_id) values (199, '199: Barliman Butterbur', false, 1, 24);
insert into virtual_machines(id, name, archived, organization_id, category_id) values (200, '200: Saruman the White', false, 1, 25);
insert into virtual_machines(id, name, archived, organization_id, category_id) values (201, '201: Saruman the White', false, 2, 1);
insert into virtual_machines(id, name, archived, organization_id, category_id) values (202, '202: Meriadoc Brandybuck', false, 2, 2);
insert into virtual_machines(id, name, archived, organization_id, category_id) values (203, '203: Tom Bombadil', false, 2, 3);
insert into virtual_machines(id, name, archived, organization_id, category_id) values (204, '204: Galadriel', false, 2, 4);
insert into virtual_machines(id, name, archived, organization_id, category_id) values (205, '205: Tom Bombadil', false, 2, 5);
insert into virtual_machines(id, name, archived, organization_id, category_id) values (206, '206: Beregond', false, 2, 6);
insert into virtual_machines(id, name, archived, organization_id, category_id) values (207, '207: Grìma Wormtongue', false, 2, 7);
insert into virtual_machines(id, name, archived, organization_id, category_id) values (208, '208: Aragorn', false, 2, 8);
insert into virtual_machines(id, name, archived, organization_id, category_id) values (209, '209: Saruman the White', false, 2, 9);
insert into virtual_machines(id, name, archived, organization_id, category_id) values (210, '210: Samwise Gamgee', false, 2, 10);
insert into virtual_machines(id, name, archived, organization_id, category_id) values (211, '211: Tom Bombadil', false, 2, 11);
insert into virtual_machines(id, name, archived, organization_id, category_id) values (212, '212: Peregrin Took', false, 2, 12);
insert into virtual_machines(id, name, archived, organization_id, category_id) values (213, '213: Samwise Gamgee', false, 2, 13);
insert into virtual_machines(id, name, archived, organization_id, category_id) values (214, '214: Galadriel', false, 2, 14);
insert into virtual_machines(id, name, archived, organization_id, category_id) values (215, '215: Saruman the White', false, 2, 15);
insert into virtual_machines(id, name, archived, organization_id, category_id) values (216, '216: Grìma Wormtongue', false, 2, 16);
insert into virtual_machines(id, name, archived, organization_id, category_id) values (217, '217: Treebeard', false, 2, 17);
insert into virtual_machines(id, name, archived, organization_id, category_id) values (218, '218: Boromir', false, 2, 18);
insert into virtual_machines(id, name, archived, organization_id, category_id) values (219, '219: Denethor', false, 2, 19);
insert into virtual_machines(id, name, archived, organization_id, category_id) values (220, '220: Éowyn', false, 2, 20);
insert into virtual_machines(id, name, archived, organization_id, category_id) values (221, '221: Treebeard', false, 2, 21);
insert into virtual_machines(id, name, archived, organization_id, category_id) values (222, '222: Faramir', false, 2, 22);
insert into virtual_machines(id, name, archived, organization_id, category_id) values (223, '223: Denethor', false, 2, 23);
insert into virtual_machines(id, name, archived, organization_id, category_id) values (224, '224: Saruman the White', false, 2, 24);
insert into virtual_machines(id, name, archived, organization_id, category_id) values (225, '225: Aragorn', false, 2, 25);
insert into virtual_machines(id, name, archived, organization_id, category_id) values (226, '226: Grìma Wormtongue', false, 2, 1);
insert into virtual_machines(id, name, archived, organization_id, category_id) values (227, '227: Arwen Evenstar', false, 2, 2);
insert into virtual_machines(id, name, archived, organization_id, category_id) values (228, '228: Éowyn', false, 2, 3);
insert into virtual_machines(id, name, archived, organization_id, category_id) values (229, '229: Elrond', false, 2, 4);
insert into virtual_machines(id, name, archived, organization_id, category_id) values (230, '230: Peregrin Took', false, 2, 5);
insert into virtual_machines(id, name, archived, organization_id, category_id) values (231, '231: Arwen Evenstar', false, 2, 6);
insert into virtual_machines(id, name, archived, organization_id, category_id) values (232, '232: Gimli', false, 2, 7);
insert into virtual_machines(id, name, archived, organization_id, category_id) values (233, '233: Théoden', false, 2, 8);
insert into virtual_machines(id, name, archived, organization_id, category_id) values (234, '234: Grìma Wormtongue', false, 2, 9);
insert into virtual_machines(id, name, archived, organization_id, category_id) values (235, '235: Shelob', false, 2, 10);
insert into virtual_machines(id, name, archived, organization_id, category_id) values (236, '236: Gandalf the Grey', false, 2, 11);
insert into virtual_machines(id, name, archived, organization_id, category_id) values (237, '237: Galadriel', false, 2, 12);
insert into virtual_machines(id, name, archived, organization_id, category_id) values (238, '238: Gandalf the Grey', false, 2, 13);
insert into virtual_machines(id, name, archived, organization_id, category_id) values (239, '239: Elrond', false, 2, 14);
insert into virtual_machines(id, name, archived, organization_id, category_id) values (240, '240: Éomer', false, 2, 15);
insert into virtual_machines(id, name, archived, organization_id, category_id) values (241, '241: Beregond', false, 2, 16);
insert into virtual_machines(id, name, archived, organization_id, category_id) values (242, '242: Gimli', false, 2, 17);
insert into virtual_machines(id, name, archived, organization_id, category_id) values (243, '243: Gimli', false, 2, 18);
insert into virtual_machines(id, name, archived, organization_id, category_id) values (244, '244: Éomer', false, 2, 19);
insert into virtual_machines(id, name, archived, organization_id, category_id) values (245, '245: Beregond', false, 2, 20);
insert into virtual_machines(id, name, archived, organization_id, category_id) values (246, '246: Théoden', false, 2, 21);
insert into virtual_machines(id, name, archived, organization_id, category_id) values (247, '247: Sauron', false, 2, 22);
insert into virtual_machines(id, name, archived, organization_id, category_id) values (248, '248: Shadowfax', false, 2, 23);
insert into virtual_machines(id, name, archived, organization_id, category_id) values (249, '249: Gollum', false, 2, 24);
insert into virtual_machines(id, name, archived, organization_id, category_id) values (250, '250: Théoden', false, 2, 25);
insert into virtual_machines(id, name, archived, organization_id, category_id) values (251, '251: Éowyn', false, 2, 1);
insert into virtual_machines(id, name, archived, organization_id, category_id) values (252, '252: Shadowfax', false, 2, 2);
insert into virtual_machines(id, name, archived, organization_id, category_id) values (253, '253: Éowyn', false, 2, 3);
insert into virtual_machines(id, name, archived, organization_id, category_id) values (254, '254: Barliman Butterbur', false, 2, 4);
insert into virtual_machines(id, name, archived, organization_id, category_id) values (255, '255: Peregrin Took', false, 2, 5);
insert into virtual_machines(id, name, archived, organization_id, category_id) values (256, '256: Gollum', false, 2, 6);
insert into virtual_machines(id, name, archived, organization_id, category_id) values (257, '257: Elrond', false, 2, 7);
insert into virtual_machines(id, name, archived, organization_id, category_id) values (258, '258: Denethor', false, 2, 8);
insert into virtual_machines(id, name, archived, organization_id, category_id) values (259, '259: Glorfindel', false, 2, 9);
insert into virtual_machines(id, name, archived, organization_id, category_id) values (260, '260: Treebeard', false, 2, 10);
insert into virtual_machines(id, name, archived, organization_id, category_id) values (261, '261: Meriadoc Brandybuck', false, 2, 11);
insert into virtual_machines(id, name, archived, organization_id, category_id) values (262, '262: Gimli', false, 2, 12);
insert into virtual_machines(id, name, archived, organization_id, category_id) values (263, '263: Glorfindel', false, 2, 13);
insert into virtual_machines(id, name, archived, organization_id, category_id) values (264, '264: Treebeard', false, 2, 14);
insert into virtual_machines(id, name, archived, organization_id, category_id) values (265, '265: Boromir', false, 2, 15);
insert into virtual_machines(id, name, archived, organization_id, category_id) values (266, '266: Éomer', false, 2, 16);
insert into virtual_machines(id, name, archived, organization_id, category_id) values (267, '267: Sauron', false, 2, 17);
insert into virtual_machines(id, name, archived, organization_id, category_id) values (268, '268: Glorfindel', false, 2, 18);
insert into virtual_machines(id, name, archived, organization_id, category_id) values (269, '269: Théoden', false, 2, 19);
insert into virtual_machines(id, name, archived, organization_id, category_id) values (270, '270: Aragorn', false, 2, 20);
insert into virtual_machines(id, name, archived, organization_id, category_id) values (271, '271: Quickbeam', false, 2, 21);
insert into virtual_machines(id, name, archived, organization_id, category_id) values (272, '272: Gollum', false, 2, 22);
insert into virtual_machines(id, name, archived, organization_id, category_id) values (273, '273: Éomer', false, 2, 23);
insert into virtual_machines(id, name, archived, organization_id, category_id) values (274, '274: Beregond', false, 2, 24);
insert into virtual_machines(id, name, archived, organization_id, category_id) values (275, '275: Faramir', false, 2, 25);
insert into virtual_machines(id, name, archived, organization_id, category_id) values (276, '276: Shelob', false, 2, 1);
insert into virtual_machines(id, name, archived, organization_id, category_id) values (277, '277: Quickbeam', false, 2, 2);
insert into virtual_machines(id, name, archived, organization_id, category_id) values (278, '278: Quickbeam', false, 2, 3);
insert into virtual_machines(id, name, archived, organization_id, category_id) values (279, '279: Saruman the White', false, 2, 4);
insert into virtual_machines(id, name, archived, organization_id, category_id) values (280, '280: Faramir', false, 2, 5);
insert into virtual_machines(id, name, archived, organization_id, category_id) values (281, '281: Éomer', false, 2, 6);
insert into virtual_machines(id, name, archived, organization_id, category_id) values (282, '282: Shelob', false, 2, 7);
insert into virtual_machines(id, name, archived, organization_id, category_id) values (283, '283: Gimli', false, 2, 8);
insert into virtual_machines(id, name, archived, organization_id, category_id) values (284, '284: Gandalf the Grey', false, 2, 9);
insert into virtual_machines(id, name, archived, organization_id, category_id) values (285, '285: Gollum', false, 2, 10);
insert into virtual_machines(id, name, archived, organization_id, category_id) values (286, '286: Meriadoc Brandybuck', false, 2, 11);
insert into virtual_machines(id, name, archived, organization_id, category_id) values (287, '287: Glorfindel', false, 2, 12);
insert into virtual_machines(id, name, archived, organization_id, category_id) values (288, '288: Boromir', false, 2, 13);
insert into virtual_machines(id, name, archived, organization_id, category_id) values (289, '289: Denethor', false, 2, 14);
insert into virtual_machines(id, name, archived, organization_id, category_id) values (290, '290: Sauron', false, 2, 15);
insert into virtual_machines(id, name, archived, organization_id, category_id) values (291, '291: Gandalf the Grey', false, 2, 16);
insert into virtual_machines(id, name, archived, organization_id, category_id) values (292, '292: Saruman the White', false, 2, 17);
insert into virtual_machines(id, name, archived, organization_id, category_id) values (293, '293: Shadowfax', false, 2, 18);
insert into virtual_machines(id, name, archived, organization_id, category_id) values (294, '294: Denethor', false, 2, 19);
insert into virtual_machines(id, name, archived, organization_id, category_id) values (295, '295: Faramir', false, 2, 20);
insert into virtual_machines(id, name, archived, organization_id, category_id) values (296, '296: Bilbo Baggins', false, 2, 21);
insert into virtual_machines(id, name, archived, organization_id, category_id) values (297, '297: Peregrin Took', false, 2, 22);
insert into virtual_machines(id, name, archived, organization_id, category_id) values (298, '298: Aragorn', false, 2, 23);
insert into virtual_machines(id, name, archived, organization_id, category_id) values (299, '299: Théoden', false, 2, 24);
insert into virtual_machines(id, name, archived, organization_id, category_id) values (300, '300: Frodo Baggins', false, 2, 25);
insert into virtual_machines(id, name, archived, organization_id, category_id) values (301, '301: Bilbo Baggins', false, 2, 1);
insert into virtual_machines(id, name, archived, organization_id, category_id) values (302, '302: Théoden', false, 2, 2);
insert into virtual_machines(id, name, archived, organization_id, category_id) values (303, '303: Glorfindel', false, 2, 3);
insert into virtual_machines(id, name, archived, organization_id, category_id) values (304, '304: Éowyn', false, 2, 4);
insert into virtual_machines(id, name, archived, organization_id, category_id) values (305, '305: Elrond', false, 2, 5);
insert into virtual_machines(id, name, archived, organization_id, category_id) values (306, '306: Shadowfax', false, 2, 6);
insert into virtual_machines(id, name, archived, organization_id, category_id) values (307, '307: Boromir', false, 2, 7);
insert into virtual_machines(id, name, archived, organization_id, category_id) values (308, '308: Barliman Butterbur', false, 2, 8);
insert into virtual_machines(id, name, archived, organization_id, category_id) values (309, '309: Denethor', false, 2, 9);
insert into virtual_machines(id, name, archived, organization_id, category_id) values (310, '310: Meriadoc Brandybuck', false, 2, 10);
insert into virtual_machines(id, name, archived, organization_id, category_id) values (311, '311: Gollum', false, 2, 11);
insert into virtual_machines(id, name, archived, organization_id, category_id) values (312, '312: Elrond', false, 2, 12);
insert into virtual_machines(id, name, archived, organization_id, category_id) values (313, '313: Saruman the White', false, 2, 13);
insert into virtual_machines(id, name, archived, organization_id, category_id) values (314, '314: Denethor', false, 2, 14);
insert into virtual_machines(id, name, archived, organization_id, category_id) values (315, '315: Barliman Butterbur', false, 2, 15);
insert into virtual_machines(id, name, archived, organization_id, category_id) values (316, '316: Denethor', false, 2, 16);
insert into virtual_machines(id, name, archived, organization_id, category_id) values (317, '317: Gollum', false, 2, 17);
insert into virtual_machines(id, name, archived, organization_id, category_id) values (318, '318: Glorfindel', false, 2, 18);
insert into virtual_machines(id, name, archived, organization_id, category_id) values (319, '319: Quickbeam', false, 2, 19);
insert into virtual_machines(id, name, archived, organization_id, category_id) values (320, '320: Shadowfax', false, 2, 20);
insert into virtual_machines(id, name, archived, organization_id, category_id) values (321, '321: Bilbo Baggins', false, 2, 21);
insert into virtual_machines(id, name, archived, organization_id, category_id) values (322, '322: Gimli', false, 2, 22);
insert into virtual_machines(id, name, archived, organization_id, category_id) values (323, '323: Gandalf the Grey', false, 2, 23);
insert into virtual_machines(id, name, archived, organization_id, category_id) values (324, '324: Gollum', false, 2, 24);
insert into virtual_machines(id, name, archived, organization_id, category_id) values (325, '325: Sauron', false, 2, 25);
insert into virtual_machines(id, name, archived, organization_id, category_id) values (326, '326: Galadriel', false, 2, 1);
insert into virtual_machines(id, name, archived, organization_id, category_id) values (327, '327: Faramir', false, 2, 2);
insert into virtual_machines(id, name, archived, organization_id, category_id) values (328, '328: Gollum', false, 2, 3);
insert into virtual_machines(id, name, archived, organization_id, category_id) values (329, '329: Grìma Wormtongue', false, 2, 4);
insert into virtual_machines(id, name, archived, organization_id, category_id) values (330, '330: Gimli', false, 2, 5);
insert into virtual_machines(id, name, archived, organization_id, category_id) values (331, '331: Tom Bombadil', false, 2, 6);
insert into virtual_machines(id, name, archived, organization_id, category_id) values (332, '332: Shadowfax', false, 2, 7);
insert into virtual_machines(id, name, archived, organization_id, category_id) values (333, '333: Barliman Butterbur', false, 2, 8);
insert into virtual_machines(id, name, archived, organization_id, category_id) values (334, '334: Legolas', false, 2, 9);
insert into virtual_machines(id, name, archived, organization_id, category_id) values (335, '335: Théoden', false, 2, 10);
insert into virtual_machines(id, name, archived, organization_id, category_id) values (336, '336: Saruman the White', false, 2, 11);
insert into virtual_machines(id, name, archived, organization_id, category_id) values (337, '337: Théoden', false, 2, 12);
insert into virtual_machines(id, name, archived, organization_id, category_id) values (338, '338: Legolas', false, 2, 13);
insert into virtual_machines(id, name, archived, organization_id, category_id) values (339, '339: Shelob', false, 2, 14);
insert into virtual_machines(id, name, archived, organization_id, category_id) values (340, '340: Denethor', false, 2, 15);
insert into virtual_machines(id, name, archived, organization_id, category_id) values (341, '341: Sauron', false, 2, 16);
insert into virtual_machines(id, name, archived, organization_id, category_id) values (342, '342: Samwise Gamgee', false, 2, 17);
insert into virtual_machines(id, name, archived, organization_id, category_id) values (343, '343: Shelob', false, 2, 18);
insert into virtual_machines(id, name, archived, organization_id, category_id) values (344, '344: Sauron', false, 2, 19);
insert into virtual_machines(id, name, archived, organization_id, category_id) values (345, '345: Barliman Butterbur', false, 2, 20);
insert into virtual_machines(id, name, archived, organization_id, category_id) values (346, '346: Shadowfax', false, 2, 21);
insert into virtual_machines(id, name, archived, organization_id, category_id) values (347, '347: Gollum', false, 2, 22);
insert into virtual_machines(id, name, archived, organization_id, category_id) values (348, '348: Barliman Butterbur', false, 2, 23);
insert into virtual_machines(id, name, archived, organization_id, category_id) values (349, '349: Grìma Wormtongue', false, 2, 24);
insert into virtual_machines(id, name, archived, organization_id, category_id) values (350, '350: Gollum', false, 2, 25);
insert into virtual_machines(id, name, archived, organization_id, category_id) values (351, '351: Sauron', false, 2, 1);
insert into virtual_machines(id, name, archived, organization_id, category_id) values (352, '352: Treebeard', false, 2, 2);
insert into virtual_machines(id, name, archived, organization_id, category_id) values (353, '353: Peregrin Took', false, 2, 3);
insert into virtual_machines(id, name, archived, organization_id, category_id) values (354, '354: Tom Bombadil', false, 2, 4);
insert into virtual_machines(id, name, archived, organization_id, category_id) values (355, '355: Legolas', false, 2, 5);
insert into virtual_machines(id, name, archived, organization_id, category_id) values (356, '356: Treebeard', false, 2, 6);
insert into virtual_machines(id, name, archived, organization_id, category_id) values (357, '357: Shadowfax', false, 2, 7);
insert into virtual_machines(id, name, archived, organization_id, category_id) values (358, '358: Quickbeam', false, 2, 8);
insert into virtual_machines(id, name, archived, organization_id, category_id) values (359, '359: Gollum', false, 2, 9);
insert into virtual_machines(id, name, archived, organization_id, category_id) values (360, '360: Elrond', false, 2, 10);
insert into virtual_machines(id, name, archived, organization_id, category_id) values (361, '361: Shelob', false, 2, 11);
insert into virtual_machines(id, name, archived, organization_id, category_id) values (362, '362: Legolas', false, 2, 12);
insert into virtual_machines(id, name, archived, organization_id, category_id) values (363, '363: Treebeard', false, 2, 13);
insert into virtual_machines(id, name, archived, organization_id, category_id) values (364, '364: Grìma Wormtongue', false, 2, 14);
insert into virtual_machines(id, name, archived, organization_id, category_id) values (365, '365: Meriadoc Brandybuck', false, 2, 15);
insert into virtual_machines(id, name, archived, organization_id, category_id) values (366, '366: Éomer', false, 2, 16);
insert into virtual_machines(id, name, archived, organization_id, category_id) values (367, '367: Boromir', false, 2, 17);
insert into virtual_machines(id, name, archived, organization_id, category_id) values (368, '368: Frodo Baggins', false, 2, 18);
insert into virtual_machines(id, name, archived, organization_id, category_id) values (369, '369: Sauron', false, 2, 19);
insert into virtual_machines(id, name, archived, organization_id, category_id) values (370, '370: Beregond', false, 2, 20);
insert into virtual_machines(id, name, archived, organization_id, category_id) values (371, '371: Gandalf the Grey', false, 2, 21);
insert into virtual_machines(id, name, archived, organization_id, category_id) values (372, '372: Boromir', false, 2, 22);
insert into virtual_machines(id, name, archived, organization_id, category_id) values (373, '373: Shadowfax', false, 2, 23);
insert into virtual_machines(id, name, archived, organization_id, category_id) values (374, '374: Meriadoc Brandybuck', false, 2, 24);
insert into virtual_machines(id, name, archived, organization_id, category_id) values (375, '375: Boromir', false, 2, 25);
insert into virtual_machines(id, name, archived, organization_id, category_id) values (376, '376: Boromir', false, 2, 1);
insert into virtual_machines(id, name, archived, organization_id, category_id) values (377, '377: Gimli', false, 2, 2);
insert into virtual_machines(id, name, archived, organization_id, category_id) values (378, '378: Gollum', false, 2, 3);
insert into virtual_machines(id, name, archived, organization_id, category_id) values (379, '379: Tom Bombadil', false, 2, 4);
insert into virtual_machines(id, name, archived, organization_id, category_id) values (380, '380: Sauron', false, 2, 5);
insert into virtual_machines(id, name, archived, organization_id, category_id) values (381, '381: Elrond', false, 2, 6);
insert into virtual_machines(id, name, archived, organization_id, category_id) values (382, '382: Éomer', false, 2, 7);
insert into virtual_machines(id, name, archived, organization_id, category_id) values (383, '383: Peregrin Took', false, 2, 8);
insert into virtual_machines(id, name, archived, organization_id, category_id) values (384, '384: Elrond', false, 2, 9);
insert into virtual_machines(id, name, archived, organization_id, category_id) values (385, '385: Galadriel', false, 2, 10);
insert into virtual_machines(id, name, archived, organization_id, category_id) values (386, '386: Glorfindel', false, 2, 11);
insert into virtual_machines(id, name, archived, organization_id, category_id) values (387, '387: Samwise Gamgee', false, 2, 12);
insert into virtual_machines(id, name, archived, organization_id, category_id) values (388, '388: Gollum', false, 2, 13);
insert into virtual_machines(id, name, archived, organization_id, category_id) values (389, '389: Saruman the White', false, 2, 14);
insert into virtual_machines(id, name, archived, organization_id, category_id) values (390, '390: Tom Bombadil', false, 2, 15);
insert into virtual_machines(id, name, archived, organization_id, category_id) values (391, '391: Samwise Gamgee', false, 2, 16);
insert into virtual_machines(id, name, archived, organization_id, category_id) values (392, '392: Gimli', false, 2, 17);
insert into virtual_machines(id, name, archived, organization_id, category_id) values (393, '393: Galadriel', false, 2, 18);
insert into virtual_machines(id, name, archived, organization_id, category_id) values (394, '394: Éomer', false, 2, 19);
insert into virtual_machines(id, name, archived, organization_id, category_id) values (395, '395: Éowyn', false, 2, 20);
insert into virtual_machines(id, name, archived, organization_id, category_id) values (396, '396: Boromir', false, 2, 21);
insert into virtual_machines(id, name, archived, organization_id, category_id) values (397, '397: Meriadoc Brandybuck', false, 2, 22);
insert into virtual_machines(id, name, archived, organization_id, category_id) values (398, '398: Gimli', false, 2, 23);
insert into virtual_machines(id, name, archived, organization_id, category_id) values (399, '399: Gandalf the Grey', false, 2, 24);
insert into virtual_machines(id, name, archived, organization_id, category_id) values (400, '400: Treebeard', false, 2, 25);
insert into virtual_machines(id, name, archived, organization_id, category_id) values (401, '401: Frodo Baggins', false, 3, 1);
insert into virtual_machines(id, name, archived, organization_id, category_id) values (402, '402: Arwen Evenstar', false, 3, 2);
insert into virtual_machines(id, name, archived, organization_id, category_id) values (403, '403: Barliman Butterbur', false, 3, 3);
insert into virtual_machines(id, name, archived, organization_id, category_id) values (404, '404: Tom Bombadil', false, 3, 4);
insert into virtual_machines(id, name, archived, organization_id, category_id) values (405, '405: Galadriel', false, 3, 5);
insert into virtual_machines(id, name, archived, organization_id, category_id) values (406, '406: Peregrin Took', false, 3, 6);
insert into virtual_machines(id, name, archived, organization_id, category_id) values (407, '407: Samwise Gamgee', false, 3, 7);
insert into virtual_machines(id, name, archived, organization_id, category_id) values (408, '408: Grìma Wormtongue', false, 3, 8);
insert into virtual_machines(id, name, archived, organization_id, category_id) values (409, '409: Galadriel', false, 3, 9);
insert into virtual_machines(id, name, archived, organization_id, category_id) values (410, '410: Galadriel', false, 3, 10);
insert into virtual_machines(id, name, archived, organization_id, category_id) values (411, '411: Galadriel', false, 3, 11);
insert into virtual_machines(id, name, archived, organization_id, category_id) values (412, '412: Peregrin Took', false, 3, 12);
insert into virtual_machines(id, name, archived, organization_id, category_id) values (413, '413: Tom Bombadil', false, 3, 13);
insert into virtual_machines(id, name, archived, organization_id, category_id) values (414, '414: Bilbo Baggins', false, 3, 14);
insert into virtual_machines(id, name, archived, organization_id, category_id) values (415, '415: Beregond', false, 3, 15);
insert into virtual_machines(id, name, archived, organization_id, category_id) values (416, '416: Gollum', false, 3, 16);
insert into virtual_machines(id, name, archived, organization_id, category_id) values (417, '417: Galadriel', false, 3, 17);
insert into virtual_machines(id, name, archived, organization_id, category_id) values (418, '418: Legolas', false, 3, 18);
insert into virtual_machines(id, name, archived, organization_id, category_id) values (419, '419: Beregond', false, 3, 19);
insert into virtual_machines(id, name, archived, organization_id, category_id) values (420, '420: Aragorn', false, 3, 20);
insert into virtual_machines(id, name, archived, organization_id, category_id) values (421, '421: Théoden', false, 3, 21);
insert into virtual_machines(id, name, archived, organization_id, category_id) values (422, '422: Beregond', false, 3, 22);
insert into virtual_machines(id, name, archived, organization_id, category_id) values (423, '423: Arwen Evenstar', false, 3, 23);
insert into virtual_machines(id, name, archived, organization_id, category_id) values (424, '424: Treebeard', false, 3, 24);
insert into virtual_machines(id, name, archived, organization_id, category_id) values (425, '425: Meriadoc Brandybuck', false, 3, 25);
insert into virtual_machines(id, name, archived, organization_id, category_id) values (426, '426: Shadowfax', false, 3, 1);
insert into virtual_machines(id, name, archived, organization_id, category_id) values (427, '427: Frodo Baggins', false, 3, 2);
insert into virtual_machines(id, name, archived, organization_id, category_id) values (428, '428: Gimli', false, 3, 3);
insert into virtual_machines(id, name, archived, organization_id, category_id) values (429, '429: Samwise Gamgee', false, 3, 4);
insert into virtual_machines(id, name, archived, organization_id, category_id) values (430, '430: Grìma Wormtongue', false, 3, 5);
insert into virtual_machines(id, name, archived, organization_id, category_id) values (431, '431: Treebeard', false, 3, 6);
insert into virtual_machines(id, name, archived, organization_id, category_id) values (432, '432: Denethor', false, 3, 7);
insert into virtual_machines(id, name, archived, organization_id, category_id) values (433, '433: Théoden', false, 3, 8);
insert into virtual_machines(id, name, archived, organization_id, category_id) values (434, '434: Éomer', false, 3, 9);
insert into virtual_machines(id, name, archived, organization_id, category_id) values (435, '435: Saruman the White', false, 3, 10);
insert into virtual_machines(id, name, archived, organization_id, category_id) values (436, '436: Théoden', false, 3, 11);
insert into virtual_machines(id, name, archived, organization_id, category_id) values (437, '437: Treebeard', false, 3, 12);
insert into virtual_machines(id, name, archived, organization_id, category_id) values (438, '438: Faramir', false, 3, 13);
insert into virtual_machines(id, name, archived, organization_id, category_id) values (439, '439: Théoden', false, 3, 14);
insert into virtual_machines(id, name, archived, organization_id, category_id) values (440, '440: Arwen Evenstar', false, 3, 15);
insert into virtual_machines(id, name, archived, organization_id, category_id) values (441, '441: Arwen Evenstar', false, 3, 16);
insert into virtual_machines(id, name, archived, organization_id, category_id) values (442, '442: Treebeard', false, 3, 17);
insert into virtual_machines(id, name, archived, organization_id, category_id) values (443, '443: Frodo Baggins', false, 3, 18);
insert into virtual_machines(id, name, archived, organization_id, category_id) values (444, '444: Grìma Wormtongue', false, 3, 19);
insert into virtual_machines(id, name, archived, organization_id, category_id) values (445, '445: Barliman Butterbur', false, 3, 20);
insert into virtual_machines(id, name, archived, organization_id, category_id) values (446, '446: Aragorn', false, 3, 21);
insert into virtual_machines(id, name, archived, organization_id, category_id) values (447, '447: Denethor', false, 3, 22);
insert into virtual_machines(id, name, archived, organization_id, category_id) values (448, '448: Frodo Baggins', false, 3, 23);
insert into virtual_machines(id, name, archived, organization_id, category_id) values (449, '449: Gandalf the Grey', false, 3, 24);
insert into virtual_machines(id, name, archived, organization_id, category_id) values (450, '450: Shadowfax', false, 3, 25);
insert into virtual_machines(id, name, archived, organization_id, category_id) values (451, '451: Grìma Wormtongue', false, 3, 1);
insert into virtual_machines(id, name, archived, organization_id, category_id) values (452, '452: Peregrin Took', false, 3, 2);
insert into virtual_machines(id, name, archived, organization_id, category_id) values (453, '453: Shelob', false, 3, 3);
insert into virtual_machines(id, name, archived, organization_id, category_id) values (454, '454: Éomer', false, 3, 4);
insert into virtual_machines(id, name, archived, organization_id, category_id) values (455, '455: Glorfindel', false, 3, 5);
insert into virtual_machines(id, name, archived, organization_id, category_id) values (456, '456: Quickbeam', false, 3, 6);
insert into virtual_machines(id, name, archived, organization_id, category_id) values (457, '457: Arwen Evenstar', false, 3, 7);
insert into virtual_machines(id, name, archived, organization_id, category_id) values (458, '458: Arwen Evenstar', false, 3, 8);
insert into virtual_machines(id, name, archived, organization_id, category_id) values (459, '459: Shelob', false, 3, 9);
insert into virtual_machines(id, name, archived, organization_id, category_id) values (460, '460: Faramir', false, 3, 10);
insert into virtual_machines(id, name, archived, organization_id, category_id) values (461, '461: Arwen Evenstar', false, 3, 11);
insert into virtual_machines(id, name, archived, organization_id, category_id) values (462, '462: Frodo Baggins', false, 3, 12);
insert into virtual_machines(id, name, archived, organization_id, category_id) values (463, '463: Gollum', false, 3, 13);
insert into virtual_machines(id, name, archived, organization_id, category_id) values (464, '464: Grìma Wormtongue', false, 3, 14);
insert into virtual_machines(id, name, archived, organization_id, category_id) values (465, '465: Denethor', false, 3, 15);
insert into virtual_machines(id, name, archived, organization_id, category_id) values (466, '466: Aragorn', false, 3, 16);
insert into virtual_machines(id, name, archived, organization_id, category_id) values (467, '467: Saruman the White', false, 3, 17);
insert into virtual_machines(id, name, archived, organization_id, category_id) values (468, '468: Boromir', false, 3, 18);
insert into virtual_machines(id, name, archived, organization_id, category_id) values (469, '469: Gimli', false, 3, 19);
insert into virtual_machines(id, name, archived, organization_id, category_id) values (470, '470: Frodo Baggins', false, 3, 20);
insert into virtual_machines(id, name, archived, organization_id, category_id) values (471, '471: Théoden', false, 3, 21);
insert into virtual_machines(id, name, archived, organization_id, category_id) values (472, '472: Grìma Wormtongue', false, 3, 22);
insert into virtual_machines(id, name, archived, organization_id, category_id) values (473, '473: Éomer', false, 3, 23);
insert into virtual_machines(id, name, archived, organization_id, category_id) values (474, '474: Théoden', false, 3, 24);
insert into virtual_machines(id, name, archived, organization_id, category_id) values (475, '475: Quickbeam', false, 3, 25);
insert into virtual_machines(id, name, archived, organization_id, category_id) values (476, '476: Saruman the White', false, 3, 1);
insert into virtual_machines(id, name, archived, organization_id, category_id) values (477, '477: Peregrin Took', false, 3, 2);
insert into virtual_machines(id, name, archived, organization_id, category_id) values (478, '478: Boromir', false, 3, 3);
insert into virtual_machines(id, name, archived, organization_id, category_id) values (479, '479: Frodo Baggins', false, 3, 4);
insert into virtual_machines(id, name, archived, organization_id, category_id) values (480, '480: Peregrin Took', false, 3, 5);
insert into virtual_machines(id, name, archived, organization_id, category_id) values (481, '481: Aragorn', false, 3, 6);
insert into virtual_machines(id, name, archived, organization_id, category_id) values (482, '482: Shadowfax', false, 3, 7);
insert into virtual_machines(id, name, archived, organization_id, category_id) values (483, '483: Samwise Gamgee', false, 3, 8);
insert into virtual_machines(id, name, archived, organization_id, category_id) values (484, '484: Boromir', false, 3, 9);
insert into virtual_machines(id, name, archived, organization_id, category_id) values (485, '485: Gimli', false, 3, 10);
insert into virtual_machines(id, name, archived, organization_id, category_id) values (486, '486: Gollum', false, 3, 11);
insert into virtual_machines(id, name, archived, organization_id, category_id) values (487, '487: Shelob', false, 3, 12);
insert into virtual_machines(id, name, archived, organization_id, category_id) values (488, '488: Saruman the White', false, 3, 13);
insert into virtual_machines(id, name, archived, organization_id, category_id) values (489, '489: Éomer', false, 3, 14);
insert into virtual_machines(id, name, archived, organization_id, category_id) values (490, '490: Éomer', false, 3, 15);
insert into virtual_machines(id, name, archived, organization_id, category_id) values (491, '491: Elrond', false, 3, 16);
insert into virtual_machines(id, name, archived, organization_id, category_id) values (492, '492: Saruman the White', false, 3, 17);
insert into virtual_machines(id, name, archived, organization_id, category_id) values (493, '493: Boromir', false, 3, 18);
insert into virtual_machines(id, name, archived, organization_id, category_id) values (494, '494: Aragorn', false, 3, 19);
insert into virtual_machines(id, name, archived, organization_id, category_id) values (495, '495: Glorfindel', false, 3, 20);
insert into virtual_machines(id, name, archived, organization_id, category_id) values (496, '496: Gimli', false, 3, 21);
insert into virtual_machines(id, name, archived, organization_id, category_id) values (497, '497: Denethor', false, 3, 22);
insert into virtual_machines(id, name, archived, organization_id, category_id) values (498, '498: Treebeard', false, 3, 23);
insert into virtual_machines(id, name, archived, organization_id, category_id) values (499, '499: Éowyn', false, 3, 24);
insert into virtual_machines(id, name, archived, organization_id, category_id) values (500, '500: Legolas', false, 3, 25);
insert into virtual_machines(id, name, archived, organization_id, category_id) values (501, '501: Boromir', false, 3, 1);
insert into virtual_machines(id, name, archived, organization_id, category_id) values (502, '502: Galadriel', false, 3, 2);
insert into virtual_machines(id, name, archived, organization_id, category_id) values (503, '503: Shadowfax', false, 3, 3);
insert into virtual_machines(id, name, archived, organization_id, category_id) values (504, '504: Gimli', false, 3, 4);
insert into virtual_machines(id, name, archived, organization_id, category_id) values (505, '505: Barliman Butterbur', false, 3, 5);
insert into virtual_machines(id, name, archived, organization_id, category_id) values (506, '506: Glorfindel', false, 3, 6);
insert into virtual_machines(id, name, archived, organization_id, category_id) values (507, '507: Shelob', false, 3, 7);
insert into virtual_machines(id, name, archived, organization_id, category_id) values (508, '508: Bilbo Baggins', false, 3, 8);
insert into virtual_machines(id, name, archived, organization_id, category_id) values (509, '509: Arwen Evenstar', false, 3, 9);
insert into virtual_machines(id, name, archived, organization_id, category_id) values (510, '510: Shelob', false, 3, 10);
insert into virtual_machines(id, name, archived, organization_id, category_id) values (511, '511: Gandalf the Grey', false, 3, 11);
insert into virtual_machines(id, name, archived, organization_id, category_id) values (512, '512: Sauron', false, 3, 12);
insert into virtual_machines(id, name, archived, organization_id, category_id) values (513, '513: Meriadoc Brandybuck', false, 3, 13);
insert into virtual_machines(id, name, archived, organization_id, category_id) values (514, '514: Gimli', false, 3, 14);
insert into virtual_machines(id, name, archived, organization_id, category_id) values (515, '515: Tom Bombadil', false, 3, 15);
insert into virtual_machines(id, name, archived, organization_id, category_id) values (516, '516: Bilbo Baggins', false, 3, 16);
insert into virtual_machines(id, name, archived, organization_id, category_id) values (517, '517: Shelob', false, 3, 17);
insert into virtual_machines(id, name, archived, organization_id, category_id) values (518, '518: Treebeard', false, 3, 18);
insert into virtual_machines(id, name, archived, organization_id, category_id) values (519, '519: Sauron', false, 3, 19);
insert into virtual_machines(id, name, archived, organization_id, category_id) values (520, '520: Legolas', false, 3, 20);
insert into virtual_machines(id, name, archived, organization_id, category_id) values (521, '521: Tom Bombadil', false, 3, 21);
insert into virtual_machines(id, name, archived, organization_id, category_id) values (522, '522: Shadowfax', false, 3, 22);
insert into virtual_machines(id, name, archived, organization_id, category_id) values (523, '523: Aragorn', false, 3, 23);
insert into virtual_machines(id, name, archived, organization_id, category_id) values (524, '524: Galadriel', false, 3, 24);
insert into virtual_machines(id, name, archived, organization_id, category_id) values (525, '525: Denethor', false, 3, 25);
insert into virtual_machines(id, name, archived, organization_id, category_id) values (526, '526: Galadriel', false, 3, 1);
insert into virtual_machines(id, name, archived, organization_id, category_id) values (527, '527: Shadowfax', false, 3, 2);
insert into virtual_machines(id, name, archived, organization_id, category_id) values (528, '528: Théoden', false, 3, 3);
insert into virtual_machines(id, name, archived, organization_id, category_id) values (529, '529: Aragorn', false, 3, 4);
insert into virtual_machines(id, name, archived, organization_id, category_id) values (530, '530: Arwen Evenstar', false, 3, 5);
insert into virtual_machines(id, name, archived, organization_id, category_id) values (531, '531: Shadowfax', false, 3, 6);
insert into virtual_machines(id, name, archived, organization_id, category_id) values (532, '532: Gimli', false, 3, 7);
insert into virtual_machines(id, name, archived, organization_id, category_id) values (533, '533: Bilbo Baggins', false, 3, 8);
insert into virtual_machines(id, name, archived, organization_id, category_id) values (534, '534: Samwise Gamgee', false, 3, 9);
insert into virtual_machines(id, name, archived, organization_id, category_id) values (535, '535: Shelob', false, 3, 10);
insert into virtual_machines(id, name, archived, organization_id, category_id) values (536, '536: Boromir', false, 3, 11);
insert into virtual_machines(id, name, archived, organization_id, category_id) values (537, '537: Glorfindel', false, 3, 12);
insert into virtual_machines(id, name, archived, organization_id, category_id) values (538, '538: Frodo Baggins', false, 3, 13);
insert into virtual_machines(id, name, archived, organization_id, category_id) values (539, '539: Peregrin Took', false, 3, 14);
insert into virtual_machines(id, name, archived, organization_id, category_id) values (540, '540: Denethor', false, 3, 15);
insert into virtual_machines(id, name, archived, organization_id, category_id) values (541, '541: Legolas', false, 3, 16);
insert into virtual_machines(id, name, archived, organization_id, category_id) values (542, '542: Sauron', false, 3, 17);
insert into virtual_machines(id, name, archived, organization_id, category_id) values (543, '543: Legolas', false, 3, 18);
insert into virtual_machines(id, name, archived, organization_id, category_id) values (544, '544: Frodo Baggins', false, 3, 19);
insert into virtual_machines(id, name, archived, organization_id, category_id) values (545, '545: Sauron', false, 3, 20);
insert into virtual_machines(id, name, archived, organization_id, category_id) values (546, '546: Denethor', false, 3, 21);
insert into virtual_machines(id, name, archived, organization_id, category_id) values (547, '547: Tom Bombadil', false, 3, 22);
insert into virtual_machines(id, name, archived, organization_id, category_id) values (548, '548: Aragorn', false, 3, 23);
insert into virtual_machines(id, name, archived, organization_id, category_id) values (549, '549: Faramir', false, 3, 24);
insert into virtual_machines(id, name, archived, organization_id, category_id) values (550, '550: Grìma Wormtongue', false, 3, 25);
insert into virtual_machines(id, name, archived, organization_id, category_id) values (551, '551: Faramir', false, 3, 1);
insert into virtual_machines(id, name, archived, organization_id, category_id) values (552, '552: Sauron', false, 3, 2);
insert into virtual_machines(id, name, archived, organization_id, category_id) values (553, '553: Éomer', false, 3, 3);
insert into virtual_machines(id, name, archived, organization_id, category_id) values (554, '554: Grìma Wormtongue', false, 3, 4);
insert into virtual_machines(id, name, archived, organization_id, category_id) values (555, '555: Grìma Wormtongue', false, 3, 5);
insert into virtual_machines(id, name, archived, organization_id, category_id) values (556, '556: Elrond', false, 3, 6);
insert into virtual_machines(id, name, archived, organization_id, category_id) values (557, '557: Sauron', false, 3, 7);
insert into virtual_machines(id, name, archived, organization_id, category_id) values (558, '558: Saruman the White', false, 3, 8);
insert into virtual_machines(id, name, archived, organization_id, category_id) values (559, '559: Quickbeam', false, 3, 9);
insert into virtual_machines(id, name, archived, organization_id, category_id) values (560, '560: Boromir', false, 3, 10);
insert into virtual_machines(id, name, archived, organization_id, category_id) values (561, '561: Grìma Wormtongue', false, 3, 11);
insert into virtual_machines(id, name, archived, organization_id, category_id) values (562, '562: Saruman the White', false, 3, 12);
insert into virtual_machines(id, name, archived, organization_id, category_id) values (563, '563: Beregond', false, 3, 13);
insert into virtual_machines(id, name, archived, organization_id, category_id) values (564, '564: Beregond', false, 3, 14);
insert into virtual_machines(id, name, archived, organization_id, category_id) values (565, '565: Boromir', false, 3, 15);
insert into virtual_machines(id, name, archived, organization_id, category_id) values (566, '566: Tom Bombadil', false, 3, 16);
insert into virtual_machines(id, name, archived, organization_id, category_id) values (567, '567: Peregrin Took', false, 3, 17);
insert into virtual_machines(id, name, archived, organization_id, category_id) values (568, '568: Éomer', false, 3, 18);
insert into virtual_machines(id, name, archived, organization_id, category_id) values (569, '569: Samwise Gamgee', false, 3, 19);
insert into virtual_machines(id, name, archived, organization_id, category_id) values (570, '570: Tom Bombadil', false, 3, 20);
insert into virtual_machines(id, name, archived, organization_id, category_id) values (571, '571: Treebeard', false, 3, 21);
insert into virtual_machines(id, name, archived, organization_id, category_id) values (572, '572: Frodo Baggins', false, 3, 22);
insert into virtual_machines(id, name, archived, organization_id, category_id) values (573, '573: Quickbeam', false, 3, 23);
insert into virtual_machines(id, name, archived, organization_id, category_id) values (574, '574: Galadriel', false, 3, 24);
insert into virtual_machines(id, name, archived, organization_id, category_id) values (575, '575: Galadriel', false, 3, 25);
insert into virtual_machines(id, name, archived, organization_id, category_id) values (576, '576: Éowyn', false, 3, 1);
insert into virtual_machines(id, name, archived, organization_id, category_id) values (577, '577: Quickbeam', false, 3, 2);
insert into virtual_machines(id, name, archived, organization_id, category_id) values (578, '578: Galadriel', false, 3, 3);
insert into virtual_machines(id, name, archived, organization_id, category_id) values (579, '579: Barliman Butterbur', false, 3, 4);
insert into virtual_machines(id, name, archived, organization_id, category_id) values (580, '580: Quickbeam', false, 3, 5);
insert into virtual_machines(id, name, archived, organization_id, category_id) values (581, '581: Galadriel', false, 3, 6);
insert into virtual_machines(id, name, archived, organization_id, category_id) values (582, '582: Beregond', false, 3, 7);
insert into virtual_machines(id, name, archived, organization_id, category_id) values (583, '583: Boromir', false, 3, 8);
insert into virtual_machines(id, name, archived, organization_id, category_id) values (584, '584: Gollum', false, 3, 9);
insert into virtual_machines(id, name, archived, organization_id, category_id) values (585, '585: Saruman the White', false, 3, 10);
insert into virtual_machines(id, name, archived, organization_id, category_id) values (586, '586: Arwen Evenstar', false, 3, 11);
insert into virtual_machines(id, name, archived, organization_id, category_id) values (587, '587: Legolas', false, 3, 12);
insert into virtual_machines(id, name, archived, organization_id, category_id) values (588, '588: Aragorn', false, 3, 13);
insert into virtual_machines(id, name, archived, organization_id, category_id) values (589, '589: Boromir', false, 3, 14);
insert into virtual_machines(id, name, archived, organization_id, category_id) values (590, '590: Théoden', false, 3, 15);
insert into virtual_machines(id, name, archived, organization_id, category_id) values (591, '591: Shelob', false, 3, 16);
insert into virtual_machines(id, name, archived, organization_id, category_id) values (592, '592: Peregrin Took', false, 3, 17);
insert into virtual_machines(id, name, archived, organization_id, category_id) values (593, '593: Treebeard', false, 3, 18);
insert into virtual_machines(id, name, archived, organization_id, category_id) values (594, '594: Elrond', false, 3, 19);
insert into virtual_machines(id, name, archived, organization_id, category_id) values (595, '595: Barliman Butterbur', false, 3, 20);
insert into virtual_machines(id, name, archived, organization_id, category_id) values (596, '596: Sauron', false, 3, 21);
insert into virtual_machines(id, name, archived, organization_id, category_id) values (597, '597: Meriadoc Brandybuck', false, 3, 22);
insert into virtual_machines(id, name, archived, organization_id, category_id) values (598, '598: Éowyn', false, 3, 23);
insert into virtual_machines(id, name, archived, organization_id, category_id) values (599, '599: Boromir', false, 3, 24);
insert into virtual_machines(id, name, archived, organization_id, category_id) values (600, '600: Galadriel', false, 3, 25);
insert into virtual_machines(id, name, archived, organization_id, category_id) values (601, '601: Sauron', false, 4, 1);
insert into virtual_machines(id, name, archived, organization_id, category_id) values (602, '602: Beregond', false, 4, 2);
insert into virtual_machines(id, name, archived, organization_id, category_id) values (603, '603: Peregrin Took', false, 4, 3);
insert into virtual_machines(id, name, archived, organization_id, category_id) values (604, '604: Elrond', false, 4, 4);
insert into virtual_machines(id, name, archived, organization_id, category_id) values (605, '605: Grìma Wormtongue', false, 4, 5);
insert into virtual_machines(id, name, archived, organization_id, category_id) values (606, '606: Boromir', false, 4, 6);
insert into virtual_machines(id, name, archived, organization_id, category_id) values (607, '607: Gimli', false, 4, 7);
insert into virtual_machines(id, name, archived, organization_id, category_id) values (608, '608: Samwise Gamgee', false, 4, 8);
insert into virtual_machines(id, name, archived, organization_id, category_id) values (609, '609: Shelob', false, 4, 9);
insert into virtual_machines(id, name, archived, organization_id, category_id) values (610, '610: Peregrin Took', false, 4, 10);
insert into virtual_machines(id, name, archived, organization_id, category_id) values (611, '611: Aragorn', false, 4, 11);
insert into virtual_machines(id, name, archived, organization_id, category_id) values (612, '612: Elrond', false, 4, 12);
insert into virtual_machines(id, name, archived, organization_id, category_id) values (613, '613: Gimli', false, 4, 13);
insert into virtual_machines(id, name, archived, organization_id, category_id) values (614, '614: Arwen Evenstar', false, 4, 14);
insert into virtual_machines(id, name, archived, organization_id, category_id) values (615, '615: Sauron', false, 4, 15);
insert into virtual_machines(id, name, archived, organization_id, category_id) values (616, '616: Éomer', false, 4, 16);
insert into virtual_machines(id, name, archived, organization_id, category_id) values (617, '617: Shadowfax', false, 4, 17);
insert into virtual_machines(id, name, archived, organization_id, category_id) values (618, '618: Glorfindel', false, 4, 18);
insert into virtual_machines(id, name, archived, organization_id, category_id) values (619, '619: Boromir', false, 4, 19);
insert into virtual_machines(id, name, archived, organization_id, category_id) values (620, '620: Treebeard', false, 4, 20);
insert into virtual_machines(id, name, archived, organization_id, category_id) values (621, '621: Legolas', false, 4, 21);
insert into virtual_machines(id, name, archived, organization_id, category_id) values (622, '622: Éomer', false, 4, 22);
insert into virtual_machines(id, name, archived, organization_id, category_id) values (623, '623: Éowyn', false, 4, 23);
insert into virtual_machines(id, name, archived, organization_id, category_id) values (624, '624: Quickbeam', false, 4, 24);
insert into virtual_machines(id, name, archived, organization_id, category_id) values (625, '625: Gimli', false, 4, 25);
insert into virtual_machines(id, name, archived, organization_id, category_id) values (626, '626: Gimli', false, 4, 1);
insert into virtual_machines(id, name, archived, organization_id, category_id) values (627, '627: Beregond', false, 4, 2);
insert into virtual_machines(id, name, archived, organization_id, category_id) values (628, '628: Denethor', false, 4, 3);
insert into virtual_machines(id, name, archived, organization_id, category_id) values (629, '629: Saruman the White', false, 4, 4);
insert into virtual_machines(id, name, archived, organization_id, category_id) values (630, '630: Barliman Butterbur', false, 4, 5);
insert into virtual_machines(id, name, archived, organization_id, category_id) values (631, '631: Saruman the White', false, 4, 6);
insert into virtual_machines(id, name, archived, organization_id, category_id) values (632, '632: Quickbeam', false, 4, 7);
insert into virtual_machines(id, name, archived, organization_id, category_id) values (633, '633: Meriadoc Brandybuck', false, 4, 8);
insert into virtual_machines(id, name, archived, organization_id, category_id) values (634, '634: Arwen Evenstar', false, 4, 9);
insert into virtual_machines(id, name, archived, organization_id, category_id) values (635, '635: Beregond', false, 4, 10);
insert into virtual_machines(id, name, archived, organization_id, category_id) values (636, '636: Arwen Evenstar', false, 4, 11);
insert into virtual_machines(id, name, archived, organization_id, category_id) values (637, '637: Legolas', false, 4, 12);
insert into virtual_machines(id, name, archived, organization_id, category_id) values (638, '638: Barliman Butterbur', false, 4, 13);
insert into virtual_machines(id, name, archived, organization_id, category_id) values (639, '639: Meriadoc Brandybuck', false, 4, 14);
insert into virtual_machines(id, name, archived, organization_id, category_id) values (640, '640: Quickbeam', false, 4, 15);
insert into virtual_machines(id, name, archived, organization_id, category_id) values (641, '641: Beregond', false, 4, 16);
insert into virtual_machines(id, name, archived, organization_id, category_id) values (642, '642: Galadriel', false, 4, 17);
insert into virtual_machines(id, name, archived, organization_id, category_id) values (643, '643: Gimli', false, 4, 18);
insert into virtual_machines(id, name, archived, organization_id, category_id) values (644, '644: Boromir', false, 4, 19);
insert into virtual_machines(id, name, archived, organization_id, category_id) values (645, '645: Barliman Butterbur', false, 4, 20);
insert into virtual_machines(id, name, archived, organization_id, category_id) values (646, '646: Legolas', false, 4, 21);
insert into virtual_machines(id, name, archived, organization_id, category_id) values (647, '647: Bilbo Baggins', false, 4, 22);
insert into virtual_machines(id, name, archived, organization_id, category_id) values (648, '648: Aragorn', false, 4, 23);
insert into virtual_machines(id, name, archived, organization_id, category_id) values (649, '649: Théoden', false, 4, 24);
insert into virtual_machines(id, name, archived, organization_id, category_id) values (650, '650: Peregrin Took', false, 4, 25);
insert into virtual_machines(id, name, archived, organization_id, category_id) values (651, '651: Beregond', false, 4, 1);
insert into virtual_machines(id, name, archived, organization_id, category_id) values (652, '652: Shadowfax', false, 4, 2);
insert into virtual_machines(id, name, archived, organization_id, category_id) values (653, '653: Gollum', false, 4, 3);
insert into virtual_machines(id, name, archived, organization_id, category_id) values (654, '654: Quickbeam', false, 4, 4);
insert into virtual_machines(id, name, archived, organization_id, category_id) values (655, '655: Grìma Wormtongue', false, 4, 5);
insert into virtual_machines(id, name, archived, organization_id, category_id) values (656, '656: Gandalf the Grey', false, 4, 6);
insert into virtual_machines(id, name, archived, organization_id, category_id) values (657, '657: Shelob', false, 4, 7);
insert into virtual_machines(id, name, archived, organization_id, category_id) values (658, '658: Denethor', false, 4, 8);
insert into virtual_machines(id, name, archived, organization_id, category_id) values (659, '659: Barliman Butterbur', false, 4, 9);
insert into virtual_machines(id, name, archived, organization_id, category_id) values (660, '660: Faramir', false, 4, 10);
insert into virtual_machines(id, name, archived, organization_id, category_id) values (661, '661: Grìma Wormtongue', false, 4, 11);
insert into virtual_machines(id, name, archived, organization_id, category_id) values (662, '662: Treebeard', false, 4, 12);
insert into virtual_machines(id, name, archived, organization_id, category_id) values (663, '663: Meriadoc Brandybuck', false, 4, 13);
insert into virtual_machines(id, name, archived, organization_id, category_id) values (664, '664: Beregond', false, 4, 14);
insert into virtual_machines(id, name, archived, organization_id, category_id) values (665, '665: Quickbeam', false, 4, 15);
insert into virtual_machines(id, name, archived, organization_id, category_id) values (666, '666: Shelob', false, 4, 16);
insert into virtual_machines(id, name, archived, organization_id, category_id) values (667, '667: Barliman Butterbur', false, 4, 17);
insert into virtual_machines(id, name, archived, organization_id, category_id) values (668, '668: Denethor', false, 4, 18);
insert into virtual_machines(id, name, archived, organization_id, category_id) values (669, '669: Shadowfax', false, 4, 19);
insert into virtual_machines(id, name, archived, organization_id, category_id) values (670, '670: Sauron', false, 4, 20);
insert into virtual_machines(id, name, archived, organization_id, category_id) values (671, '671: Gollum', false, 4, 21);
insert into virtual_machines(id, name, archived, organization_id, category_id) values (672, '672: Saruman the White', false, 4, 22);
insert into virtual_machines(id, name, archived, organization_id, category_id) values (673, '673: Treebeard', false, 4, 23);
insert into virtual_machines(id, name, archived, organization_id, category_id) values (674, '674: Éomer', false, 4, 24);
insert into virtual_machines(id, name, archived, organization_id, category_id) values (675, '675: Aragorn', false, 4, 25);
insert into virtual_machines(id, name, archived, organization_id, category_id) values (676, '676: Glorfindel', false, 4, 1);
insert into virtual_machines(id, name, archived, organization_id, category_id) values (677, '677: Legolas', false, 4, 2);
insert into virtual_machines(id, name, archived, organization_id, category_id) values (678, '678: Barliman Butterbur', false, 4, 3);
insert into virtual_machines(id, name, archived, organization_id, category_id) values (679, '679: Faramir', false, 4, 4);
insert into virtual_machines(id, name, archived, organization_id, category_id) values (680, '680: Boromir', false, 4, 5);
insert into virtual_machines(id, name, archived, organization_id, category_id) values (681, '681: Boromir', false, 4, 6);
insert into virtual_machines(id, name, archived, organization_id, category_id) values (682, '682: Sauron', false, 4, 7);
insert into virtual_machines(id, name, archived, organization_id, category_id) values (683, '683: Quickbeam', false, 4, 8);
insert into virtual_machines(id, name, archived, organization_id, category_id) values (684, '684: Faramir', false, 4, 9);
insert into virtual_machines(id, name, archived, organization_id, category_id) values (685, '685: Aragorn', false, 4, 10);
insert into virtual_machines(id, name, archived, organization_id, category_id) values (686, '686: Éowyn', false, 4, 11);
insert into virtual_machines(id, name, archived, organization_id, category_id) values (687, '687: Shadowfax', false, 4, 12);
insert into virtual_machines(id, name, archived, organization_id, category_id) values (688, '688: Grìma Wormtongue', false, 4, 13);
insert into virtual_machines(id, name, archived, organization_id, category_id) values (689, '689: Gollum', false, 4, 14);
insert into virtual_machines(id, name, archived, organization_id, category_id) values (690, '690: Tom Bombadil', false, 4, 15);
insert into virtual_machines(id, name, archived, organization_id, category_id) values (691, '691: Faramir', false, 4, 16);
insert into virtual_machines(id, name, archived, organization_id, category_id) values (692, '692: Aragorn', false, 4, 17);
insert into virtual_machines(id, name, archived, organization_id, category_id) values (693, '693: Bilbo Baggins', false, 4, 18);
insert into virtual_machines(id, name, archived, organization_id, category_id) values (694, '694: Shadowfax', false, 4, 19);
insert into virtual_machines(id, name, archived, organization_id, category_id) values (695, '695: Faramir', false, 4, 20);
insert into virtual_machines(id, name, archived, organization_id, category_id) values (696, '696: Grìma Wormtongue', false, 4, 21);
insert into virtual_machines(id, name, archived, organization_id, category_id) values (697, '697: Arwen Evenstar', false, 4, 22);
insert into virtual_machines(id, name, archived, organization_id, category_id) values (698, '698: Théoden', false, 4, 23);
insert into virtual_machines(id, name, archived, organization_id, category_id) values (699, '699: Arwen Evenstar', false, 4, 24);
insert into virtual_machines(id, name, archived, organization_id, category_id) values (700, '700: Gandalf the Grey', false, 4, 25);
insert into virtual_machines(id, name, archived, organization_id, category_id) values (701, '701: Treebeard', false, 4, 1);
insert into virtual_machines(id, name, archived, organization_id, category_id) values (702, '702: Shelob', false, 4, 2);
insert into virtual_machines(id, name, archived, organization_id, category_id) values (703, '703: Arwen Evenstar', false, 4, 3);
insert into virtual_machines(id, name, archived, organization_id, category_id) values (704, '704: Faramir', false, 4, 4);
insert into virtual_machines(id, name, archived, organization_id, category_id) values (705, '705: Aragorn', false, 4, 5);
insert into virtual_machines(id, name, archived, organization_id, category_id) values (706, '706: Éowyn', false, 4, 6);
insert into virtual_machines(id, name, archived, organization_id, category_id) values (707, '707: Galadriel', false, 4, 7);
insert into virtual_machines(id, name, archived, organization_id, category_id) values (708, '708: Denethor', false, 4, 8);
insert into virtual_machines(id, name, archived, organization_id, category_id) values (709, '709: Boromir', false, 4, 9);
insert into virtual_machines(id, name, archived, organization_id, category_id) values (710, '710: Saruman the White', false, 4, 10);
insert into virtual_machines(id, name, archived, organization_id, category_id) values (711, '711: Shadowfax', false, 4, 11);
insert into virtual_machines(id, name, archived, organization_id, category_id) values (712, '712: Éowyn', false, 4, 12);
insert into virtual_machines(id, name, archived, organization_id, category_id) values (713, '713: Quickbeam', false, 4, 13);
insert into virtual_machines(id, name, archived, organization_id, category_id) values (714, '714: Glorfindel', false, 4, 14);
insert into virtual_machines(id, name, archived, organization_id, category_id) values (715, '715: Éomer', false, 4, 15);
insert into virtual_machines(id, name, archived, organization_id, category_id) values (716, '716: Faramir', false, 4, 16);
insert into virtual_machines(id, name, archived, organization_id, category_id) values (717, '717: Glorfindel', false, 4, 17);
insert into virtual_machines(id, name, archived, organization_id, category_id) values (718, '718: Frodo Baggins', false, 4, 18);
insert into virtual_machines(id, name, archived, organization_id, category_id) values (719, '719: Aragorn', false, 4, 19);
insert into virtual_machines(id, name, archived, organization_id, category_id) values (720, '720: Meriadoc Brandybuck', false, 4, 20);
insert into virtual_machines(id, name, archived, organization_id, category_id) values (721, '721: Boromir', false, 4, 21);
insert into virtual_machines(id, name, archived, organization_id, category_id) values (722, '722: Éowyn', false, 4, 22);
insert into virtual_machines(id, name, archived, organization_id, category_id) values (723, '723: Gollum', false, 4, 23);
insert into virtual_machines(id, name, archived, organization_id, category_id) values (724, '724: Bilbo Baggins', false, 4, 24);
insert into virtual_machines(id, name, archived, organization_id, category_id) values (725, '725: Meriadoc Brandybuck', false, 4, 25);
insert into virtual_machines(id, name, archived, organization_id, category_id) values (726, '726: Sauron', false, 4, 1);
insert into virtual_machines(id, name, archived, organization_id, category_id) values (727, '727: Treebeard', false, 4, 2);
insert into virtual_machines(id, name, archived, organization_id, category_id) values (728, '728: Denethor', false, 4, 3);
insert into virtual_machines(id, name, archived, organization_id, category_id) values (729, '729: Boromir', false, 4, 4);
insert into virtual_machines(id, name, archived, organization_id, category_id) values (730, '730: Elrond', false, 4, 5);
insert into virtual_machines(id, name, archived, organization_id, category_id) values (731, '731: Théoden', false, 4, 6);
insert into virtual_machines(id, name, archived, organization_id, category_id) values (732, '732: Bilbo Baggins', false, 4, 7);
insert into virtual_machines(id, name, archived, organization_id, category_id) values (733, '733: Bilbo Baggins', false, 4, 8);
insert into virtual_machines(id, name, archived, organization_id, category_id) values (734, '734: Arwen Evenstar', false, 4, 9);
insert into virtual_machines(id, name, archived, organization_id, category_id) values (735, '735: Meriadoc Brandybuck', false, 4, 10);
insert into virtual_machines(id, name, archived, organization_id, category_id) values (736, '736: Éomer', false, 4, 11);
insert into virtual_machines(id, name, archived, organization_id, category_id) values (737, '737: Gimli', false, 4, 12);
insert into virtual_machines(id, name, archived, organization_id, category_id) values (738, '738: Gimli', false, 4, 13);
insert into virtual_machines(id, name, archived, organization_id, category_id) values (739, '739: Meriadoc Brandybuck', false, 4, 14);
insert into virtual_machines(id, name, archived, organization_id, category_id) values (740, '740: Sauron', false, 4, 15);
insert into virtual_machines(id, name, archived, organization_id, category_id) values (741, '741: Gimli', false, 4, 16);
insert into virtual_machines(id, name, archived, organization_id, category_id) values (742, '742: Galadriel', false, 4, 17);
insert into virtual_machines(id, name, archived, organization_id, category_id) values (743, '743: Barliman Butterbur', false, 4, 18);
insert into virtual_machines(id, name, archived, organization_id, category_id) values (744, '744: Samwise Gamgee', false, 4, 19);
insert into virtual_machines(id, name, archived, organization_id, category_id) values (745, '745: Frodo Baggins', false, 4, 20);
insert into virtual_machines(id, name, archived, organization_id, category_id) values (746, '746: Elrond', false, 4, 21);
insert into virtual_machines(id, name, archived, organization_id, category_id) values (747, '747: Saruman the White', false, 4, 22);
insert into virtual_machines(id, name, archived, organization_id, category_id) values (748, '748: Gollum', false, 4, 23);
insert into virtual_machines(id, name, archived, organization_id, category_id) values (749, '749: Boromir', false, 4, 24);
insert into virtual_machines(id, name, archived, organization_id, category_id) values (750, '750: Boromir', false, 4, 25);
insert into virtual_machines(id, name, archived, organization_id, category_id) values (751, '751: Faramir', false, 4, 1);
insert into virtual_machines(id, name, archived, organization_id, category_id) values (752, '752: Glorfindel', false, 4, 2);
insert into virtual_machines(id, name, archived, organization_id, category_id) values (753, '753: Quickbeam', false, 4, 3);
insert into virtual_machines(id, name, archived, organization_id, category_id) values (754, '754: Grìma Wormtongue', false, 4, 4);
insert into virtual_machines(id, name, archived, organization_id, category_id) values (755, '755: Frodo Baggins', false, 4, 5);
insert into virtual_machines(id, name, archived, organization_id, category_id) values (756, '756: Quickbeam', false, 4, 6);
insert into virtual_machines(id, name, archived, organization_id, category_id) values (757, '757: Théoden', false, 4, 7);
insert into virtual_machines(id, name, archived, organization_id, category_id) values (758, '758: Peregrin Took', false, 4, 8);
insert into virtual_machines(id, name, archived, organization_id, category_id) values (759, '759: Beregond', false, 4, 9);
insert into virtual_machines(id, name, archived, organization_id, category_id) values (760, '760: Arwen Evenstar', false, 4, 10);
insert into virtual_machines(id, name, archived, organization_id, category_id) values (761, '761: Tom Bombadil', false, 4, 11);
insert into virtual_machines(id, name, archived, organization_id, category_id) values (762, '762: Meriadoc Brandybuck', false, 4, 12);
insert into virtual_machines(id, name, archived, organization_id, category_id) values (763, '763: Théoden', false, 4, 13);
insert into virtual_machines(id, name, archived, organization_id, category_id) values (764, '764: Théoden', false, 4, 14);
insert into virtual_machines(id, name, archived, organization_id, category_id) values (765, '765: Quickbeam', false, 4, 15);
insert into virtual_machines(id, name, archived, organization_id, category_id) values (766, '766: Aragorn', false, 4, 16);
insert into virtual_machines(id, name, archived, organization_id, category_id) values (767, '767: Éowyn', false, 4, 17);
insert into virtual_machines(id, name, archived, organization_id, category_id) values (768, '768: Éowyn', false, 4, 18);
insert into virtual_machines(id, name, archived, organization_id, category_id) values (769, '769: Théoden', false, 4, 19);
insert into virtual_machines(id, name, archived, organization_id, category_id) values (770, '770: Beregond', false, 4, 20);
insert into virtual_machines(id, name, archived, organization_id, category_id) values (771, '771: Samwise Gamgee', false, 4, 21);
insert into virtual_machines(id, name, archived, organization_id, category_id) values (772, '772: Bilbo Baggins', false, 4, 22);
insert into virtual_machines(id, name, archived, organization_id, category_id) values (773, '773: Treebeard', false, 4, 23);
insert into virtual_machines(id, name, archived, organization_id, category_id) values (774, '774: Éowyn', false, 4, 24);
insert into virtual_machines(id, name, archived, organization_id, category_id) values (775, '775: Gollum', false, 4, 25);
insert into virtual_machines(id, name, archived, organization_id, category_id) values (776, '776: Gandalf the Grey', false, 4, 1);
insert into virtual_machines(id, name, archived, organization_id, category_id) values (777, '777: Quickbeam', false, 4, 2);
insert into virtual_machines(id, name, archived, organization_id, category_id) values (778, '778: Bilbo Baggins', false, 4, 3);
insert into virtual_machines(id, name, archived, organization_id, category_id) values (779, '779: Legolas', false, 4, 4);
insert into virtual_machines(id, name, archived, organization_id, category_id) values (780, '780: Frodo Baggins', false, 4, 5);
insert into virtual_machines(id, name, archived, organization_id, category_id) values (781, '781: Galadriel', false, 4, 6);
insert into virtual_machines(id, name, archived, organization_id, category_id) values (782, '782: Théoden', false, 4, 7);
insert into virtual_machines(id, name, archived, organization_id, category_id) values (783, '783: Arwen Evenstar', false, 4, 8);
insert into virtual_machines(id, name, archived, organization_id, category_id) values (784, '784: Meriadoc Brandybuck', false, 4, 9);
insert into virtual_machines(id, name, archived, organization_id, category_id) values (785, '785: Grìma Wormtongue', false, 4, 10);
insert into virtual_machines(id, name, archived, organization_id, category_id) values (786, '786: Peregrin Took', false, 4, 11);
insert into virtual_machines(id, name, archived, organization_id, category_id) values (787, '787: Meriadoc Brandybuck', false, 4, 12);
insert into virtual_machines(id, name, archived, organization_id, category_id) values (788, '788: Beregond', false, 4, 13);
insert into virtual_machines(id, name, archived, organization_id, category_id) values (789, '789: Samwise Gamgee', false, 4, 14);
insert into virtual_machines(id, name, archived, organization_id, category_id) values (790, '790: Éomer', false, 4, 15);
insert into virtual_machines(id, name, archived, organization_id, category_id) values (791, '791: Quickbeam', false, 4, 16);
insert into virtual_machines(id, name, archived, organization_id, category_id) values (792, '792: Gandalf the Grey', false, 4, 17);
insert into virtual_machines(id, name, archived, organization_id, category_id) values (793, '793: Gimli', false, 4, 18);
insert into virtual_machines(id, name, archived, organization_id, category_id) values (794, '794: Gollum', false, 4, 19);
insert into virtual_machines(id, name, archived, organization_id, category_id) values (795, '795: Galadriel', false, 4, 20);
insert into virtual_machines(id, name, archived, organization_id, category_id) values (796, '796: Gandalf the Grey', false, 4, 21);
insert into virtual_machines(id, name, archived, organization_id, category_id) values (797, '797: Grìma Wormtongue', false, 4, 22);
insert into virtual_machines(id, name, archived, organization_id, category_id) values (798, '798: Éomer', false, 4, 23);
insert into virtual_machines(id, name, archived, organization_id, category_id) values (799, '799: Samwise Gamgee', false, 4, 24);
insert into virtual_machines(id, name, archived, organization_id, category_id) values (800, '800: Shelob', false, 4, 25);
insert into virtual_machines(id, name, archived, organization_id, category_id) values (801, '801: Shadowfax', false, 5, 1);
insert into virtual_machines(id, name, archived, organization_id, category_id) values (802, '802: Shadowfax', false, 5, 2);
insert into virtual_machines(id, name, archived, organization_id, category_id) values (803, '803: Éomer', false, 5, 3);
insert into virtual_machines(id, name, archived, organization_id, category_id) values (804, '804: Boromir', false, 5, 4);
insert into virtual_machines(id, name, archived, organization_id, category_id) values (805, '805: Quickbeam', false, 5, 5);
insert into virtual_machines(id, name, archived, organization_id, category_id) values (806, '806: Tom Bombadil', false, 5, 6);
insert into virtual_machines(id, name, archived, organization_id, category_id) values (807, '807: Aragorn', false, 5, 7);
insert into virtual_machines(id, name, archived, organization_id, category_id) values (808, '808: Quickbeam', false, 5, 8);
insert into virtual_machines(id, name, archived, organization_id, category_id) values (809, '809: Boromir', false, 5, 9);
insert into virtual_machines(id, name, archived, organization_id, category_id) values (810, '810: Théoden', false, 5, 10);
insert into virtual_machines(id, name, archived, organization_id, category_id) values (811, '811: Saruman the White', false, 5, 11);
insert into virtual_machines(id, name, archived, organization_id, category_id) values (812, '812: Beregond', false, 5, 12);
insert into virtual_machines(id, name, archived, organization_id, category_id) values (813, '813: Tom Bombadil', false, 5, 13);
insert into virtual_machines(id, name, archived, organization_id, category_id) values (814, '814: Shelob', false, 5, 14);
insert into virtual_machines(id, name, archived, organization_id, category_id) values (815, '815: Shadowfax', false, 5, 15);
insert into virtual_machines(id, name, archived, organization_id, category_id) values (816, '816: Elrond', false, 5, 16);
insert into virtual_machines(id, name, archived, organization_id, category_id) values (817, '817: Gimli', false, 5, 17);
insert into virtual_machines(id, name, archived, organization_id, category_id) values (818, '818: Glorfindel', false, 5, 18);
insert into virtual_machines(id, name, archived, organization_id, category_id) values (819, '819: Frodo Baggins', false, 5, 19);
insert into virtual_machines(id, name, archived, organization_id, category_id) values (820, '820: Éomer', false, 5, 20);
insert into virtual_machines(id, name, archived, organization_id, category_id) values (821, '821: Aragorn', false, 5, 21);
insert into virtual_machines(id, name, archived, organization_id, category_id) values (822, '822: Arwen Evenstar', false, 5, 22);
insert into virtual_machines(id, name, archived, organization_id, category_id) values (823, '823: Aragorn', false, 5, 23);
insert into virtual_machines(id, name, archived, organization_id, category_id) values (824, '824: Arwen Evenstar', false, 5, 24);
insert into virtual_machines(id, name, archived, organization_id, category_id) values (825, '825: Gollum', false, 5, 25);
insert into virtual_machines(id, name, archived, organization_id, category_id) values (826, '826: Denethor', false, 5, 1);
insert into virtual_machines(id, name, archived, organization_id, category_id) values (827, '827: Arwen Evenstar', false, 5, 2);
insert into virtual_machines(id, name, archived, organization_id, category_id) values (828, '828: Gimli', false, 5, 3);
insert into virtual_machines(id, name, archived, organization_id, category_id) values (829, '829: Legolas', false, 5, 4);
insert into virtual_machines(id, name, archived, organization_id, category_id) values (830, '830: Beregond', false, 5, 5);
insert into virtual_machines(id, name, archived, organization_id, category_id) values (831, '831: Théoden', false, 5, 6);
insert into virtual_machines(id, name, archived, organization_id, category_id) values (832, '832: Gimli', false, 5, 7);
insert into virtual_machines(id, name, archived, organization_id, category_id) values (833, '833: Tom Bombadil', false, 5, 8);
insert into virtual_machines(id, name, archived, organization_id, category_id) values (834, '834: Barliman Butterbur', false, 5, 9);
insert into virtual_machines(id, name, archived, organization_id, category_id) values (835, '835: Meriadoc Brandybuck', false, 5, 10);
insert into virtual_machines(id, name, archived, organization_id, category_id) values (836, '836: Shadowfax', false, 5, 11);
insert into virtual_machines(id, name, archived, organization_id, category_id) values (837, '837: Gollum', false, 5, 12);
insert into virtual_machines(id, name, archived, organization_id, category_id) values (838, '838: Tom Bombadil', false, 5, 13);
insert into virtual_machines(id, name, archived, organization_id, category_id) values (839, '839: Arwen Evenstar', false, 5, 14);
insert into virtual_machines(id, name, archived, organization_id, category_id) values (840, '840: Arwen Evenstar', false, 5, 15);
insert into virtual_machines(id, name, archived, organization_id, category_id) values (841, '841: Théoden', false, 5, 16);
insert into virtual_machines(id, name, archived, organization_id, category_id) values (842, '842: Legolas', false, 5, 17);
insert into virtual_machines(id, name, archived, organization_id, category_id) values (843, '843: Beregond', false, 5, 18);
insert into virtual_machines(id, name, archived, organization_id, category_id) values (844, '844: Tom Bombadil', false, 5, 19);
insert into virtual_machines(id, name, archived, organization_id, category_id) values (845, '845: Sauron', false, 5, 20);
insert into virtual_machines(id, name, archived, organization_id, category_id) values (846, '846: Gollum', false, 5, 21);
insert into virtual_machines(id, name, archived, organization_id, category_id) values (847, '847: Gimli', false, 5, 22);
insert into virtual_machines(id, name, archived, organization_id, category_id) values (848, '848: Gimli', false, 5, 23);
insert into virtual_machines(id, name, archived, organization_id, category_id) values (849, '849: Shadowfax', false, 5, 24);
insert into virtual_machines(id, name, archived, organization_id, category_id) values (850, '850: Gollum', false, 5, 25);
insert into virtual_machines(id, name, archived, organization_id, category_id) values (851, '851: Barliman Butterbur', false, 5, 1);
insert into virtual_machines(id, name, archived, organization_id, category_id) values (852, '852: Beregond', false, 5, 2);
insert into virtual_machines(id, name, archived, organization_id, category_id) values (853, '853: Peregrin Took', false, 5, 3);
insert into virtual_machines(id, name, archived, organization_id, category_id) values (854, '854: Grìma Wormtongue', false, 5, 4);
insert into virtual_machines(id, name, archived, organization_id, category_id) values (855, '855: Théoden', false, 5, 5);
insert into virtual_machines(id, name, archived, organization_id, category_id) values (856, '856: Elrond', false, 5, 6);
insert into virtual_machines(id, name, archived, organization_id, category_id) values (857, '857: Quickbeam', false, 5, 7);
insert into virtual_machines(id, name, archived, organization_id, category_id) values (858, '858: Elrond', false, 5, 8);
insert into virtual_machines(id, name, archived, organization_id, category_id) values (859, '859: Saruman the White', false, 5, 9);
insert into virtual_machines(id, name, archived, organization_id, category_id) values (860, '860: Galadriel', false, 5, 10);
insert into virtual_machines(id, name, archived, organization_id, category_id) values (861, '861: Gandalf the Grey', false, 5, 11);
insert into virtual_machines(id, name, archived, organization_id, category_id) values (862, '862: Grìma Wormtongue', false, 5, 12);
insert into virtual_machines(id, name, archived, organization_id, category_id) values (863, '863: Bilbo Baggins', false, 5, 13);
insert into virtual_machines(id, name, archived, organization_id, category_id) values (864, '864: Théoden', false, 5, 14);
insert into virtual_machines(id, name, archived, organization_id, category_id) values (865, '865: Elrond', false, 5, 15);
insert into virtual_machines(id, name, archived, organization_id, category_id) values (866, '866: Tom Bombadil', false, 5, 16);
insert into virtual_machines(id, name, archived, organization_id, category_id) values (867, '867: Denethor', false, 5, 17);
insert into virtual_machines(id, name, archived, organization_id, category_id) values (868, '868: Faramir', false, 5, 18);
insert into virtual_machines(id, name, archived, organization_id, category_id) values (869, '869: Treebeard', false, 5, 19);
insert into virtual_machines(id, name, archived, organization_id, category_id) values (870, '870: Éowyn', false, 5, 20);
insert into virtual_machines(id, name, archived, organization_id, category_id) values (871, '871: Gollum', false, 5, 21);
insert into virtual_machines(id, name, archived, organization_id, category_id) values (872, '872: Arwen Evenstar', false, 5, 22);
insert into virtual_machines(id, name, archived, organization_id, category_id) values (873, '873: Éowyn', false, 5, 23);
insert into virtual_machines(id, name, archived, organization_id, category_id) values (874, '874: Barliman Butterbur', false, 5, 24);
insert into virtual_machines(id, name, archived, organization_id, category_id) values (875, '875: Elrond', false, 5, 25);
insert into virtual_machines(id, name, archived, organization_id, category_id) values (876, '876: Aragorn', false, 5, 1);
insert into virtual_machines(id, name, archived, organization_id, category_id) values (877, '877: Treebeard', false, 5, 2);
insert into virtual_machines(id, name, archived, organization_id, category_id) values (878, '878: Shadowfax', false, 5, 3);
insert into virtual_machines(id, name, archived, organization_id, category_id) values (879, '879: Faramir', false, 5, 4);
insert into virtual_machines(id, name, archived, organization_id, category_id) values (880, '880: Elrond', false, 5, 5);
insert into virtual_machines(id, name, archived, organization_id, category_id) values (881, '881: Saruman the White', false, 5, 6);
insert into virtual_machines(id, name, archived, organization_id, category_id) values (882, '882: Quickbeam', false, 5, 7);
insert into virtual_machines(id, name, archived, organization_id, category_id) values (883, '883: Beregond', false, 5, 8);
insert into virtual_machines(id, name, archived, organization_id, category_id) values (884, '884: Beregond', false, 5, 9);
insert into virtual_machines(id, name, archived, organization_id, category_id) values (885, '885: Sauron', false, 5, 10);
insert into virtual_machines(id, name, archived, organization_id, category_id) values (886, '886: Boromir', false, 5, 11);
insert into virtual_machines(id, name, archived, organization_id, category_id) values (887, '887: Boromir', false, 5, 12);
insert into virtual_machines(id, name, archived, organization_id, category_id) values (888, '888: Beregond', false, 5, 13);
insert into virtual_machines(id, name, archived, organization_id, category_id) values (889, '889: Saruman the White', false, 5, 14);
insert into virtual_machines(id, name, archived, organization_id, category_id) values (890, '890: Gollum', false, 5, 15);
insert into virtual_machines(id, name, archived, organization_id, category_id) values (891, '891: Peregrin Took', false, 5, 16);
insert into virtual_machines(id, name, archived, organization_id, category_id) values (892, '892: Denethor', false, 5, 17);
insert into virtual_machines(id, name, archived, organization_id, category_id) values (893, '893: Tom Bombadil', false, 5, 18);
insert into virtual_machines(id, name, archived, organization_id, category_id) values (894, '894: Shadowfax', false, 5, 19);
insert into virtual_machines(id, name, archived, organization_id, category_id) values (895, '895: Arwen Evenstar', false, 5, 20);
insert into virtual_machines(id, name, archived, organization_id, category_id) values (896, '896: Faramir', false, 5, 21);
insert into virtual_machines(id, name, archived, organization_id, category_id) values (897, '897: Gimli', false, 5, 22);
insert into virtual_machines(id, name, archived, organization_id, category_id) values (898, '898: Éomer', false, 5, 23);
insert into virtual_machines(id, name, archived, organization_id, category_id) values (899, '899: Glorfindel', false, 5, 24);
insert into virtual_machines(id, name, archived, organization_id, category_id) values (900, '900: Arwen Evenstar', false, 5, 25);
insert into virtual_machines(id, name, archived, organization_id, category_id) values (901, '901: Tom Bombadil', false, 5, 1);
insert into virtual_machines(id, name, archived, organization_id, category_id) values (902, '902: Tom Bombadil', false, 5, 2);
insert into virtual_machines(id, name, archived, organization_id, category_id) values (903, '903: Legolas', false, 5, 3);
insert into virtual_machines(id, name, archived, organization_id, category_id) values (904, '904: Gandalf the Grey', false, 5, 4);
insert into virtual_machines(id, name, archived, organization_id, category_id) values (905, '905: Elrond', false, 5, 5);
insert into virtual_machines(id, name, archived, organization_id, category_id) values (906, '906: Gimli', false, 5, 6);
insert into virtual_machines(id, name, archived, organization_id, category_id) values (907, '907: Gimli', false, 5, 7);
insert into virtual_machines(id, name, archived, organization_id, category_id) values (908, '908: Barliman Butterbur', false, 5, 8);
insert into virtual_machines(id, name, archived, organization_id, category_id) values (909, '909: Galadriel', false, 5, 9);
insert into virtual_machines(id, name, archived, organization_id, category_id) values (910, '910: Legolas', false, 5, 10);
insert into virtual_machines(id, name, archived, organization_id, category_id) values (911, '911: Shelob', false, 5, 11);
insert into virtual_machines(id, name, archived, organization_id, category_id) values (912, '912: Gandalf the Grey', false, 5, 12);
insert into virtual_machines(id, name, archived, organization_id, category_id) values (913, '913: Bilbo Baggins', false, 5, 13);
insert into virtual_machines(id, name, archived, organization_id, category_id) values (914, '914: Frodo Baggins', false, 5, 14);
insert into virtual_machines(id, name, archived, organization_id, category_id) values (915, '915: Frodo Baggins', false, 5, 15);
insert into virtual_machines(id, name, archived, organization_id, category_id) values (916, '916: Samwise Gamgee', false, 5, 16);
insert into virtual_machines(id, name, archived, organization_id, category_id) values (917, '917: Barliman Butterbur', false, 5, 17);
insert into virtual_machines(id, name, archived, organization_id, category_id) values (918, '918: Gollum', false, 5, 18);
insert into virtual_machines(id, name, archived, organization_id, category_id) values (919, '919: Saruman the White', false, 5, 19);
insert into virtual_machines(id, name, archived, organization_id, category_id) values (920, '920: Gollum', false, 5, 20);
insert into virtual_machines(id, name, archived, organization_id, category_id) values (921, '921: Gollum', false, 5, 21);
insert into virtual_machines(id, name, archived, organization_id, category_id) values (922, '922: Meriadoc Brandybuck', false, 5, 22);
insert into virtual_machines(id, name, archived, organization_id, category_id) values (923, '923: Shelob', false, 5, 23);
insert into virtual_machines(id, name, archived, organization_id, category_id) values (924, '924: Faramir', false, 5, 24);
insert into virtual_machines(id, name, archived, organization_id, category_id) values (925, '925: Bilbo Baggins', false, 5, 25);
insert into virtual_machines(id, name, archived, organization_id, category_id) values (926, '926: Treebeard', false, 5, 1);
insert into virtual_machines(id, name, archived, organization_id, category_id) values (927, '927: Samwise Gamgee', false, 5, 2);
insert into virtual_machines(id, name, archived, organization_id, category_id) values (928, '928: Samwise Gamgee', false, 5, 3);
insert into virtual_machines(id, name, archived, organization_id, category_id) values (929, '929: Meriadoc Brandybuck', false, 5, 4);
insert into virtual_machines(id, name, archived, organization_id, category_id) values (930, '930: Bilbo Baggins', false, 5, 5);
insert into virtual_machines(id, name, archived, organization_id, category_id) values (931, '931: Frodo Baggins', false, 5, 6);
insert into virtual_machines(id, name, archived, organization_id, category_id) values (932, '932: Elrond', false, 5, 7);
insert into virtual_machines(id, name, archived, organization_id, category_id) values (933, '933: Théoden', false, 5, 8);
insert into virtual_machines(id, name, archived, organization_id, category_id) values (934, '934: Arwen Evenstar', false, 5, 9);
insert into virtual_machines(id, name, archived, organization_id, category_id) values (935, '935: Peregrin Took', false, 5, 10);
insert into virtual_machines(id, name, archived, organization_id, category_id) values (936, '936: Arwen Evenstar', false, 5, 11);
insert into virtual_machines(id, name, archived, organization_id, category_id) values (937, '937: Saruman the White', false, 5, 12);
insert into virtual_machines(id, name, archived, organization_id, category_id) values (938, '938: Peregrin Took', false, 5, 13);
insert into virtual_machines(id, name, archived, organization_id, category_id) values (939, '939: Bilbo Baggins', false, 5, 14);
insert into virtual_machines(id, name, archived, organization_id, category_id) values (940, '940: Gollum', false, 5, 15);
insert into virtual_machines(id, name, archived, organization_id, category_id) values (941, '941: Glorfindel', false, 5, 16);
insert into virtual_machines(id, name, archived, organization_id, category_id) values (942, '942: Shelob', false, 5, 17);
insert into virtual_machines(id, name, archived, organization_id, category_id) values (943, '943: Shadowfax', false, 5, 18);
insert into virtual_machines(id, name, archived, organization_id, category_id) values (944, '944: Frodo Baggins', false, 5, 19);
insert into virtual_machines(id, name, archived, organization_id, category_id) values (945, '945: Denethor', false, 5, 20);
insert into virtual_machines(id, name, archived, organization_id, category_id) values (946, '946: Bilbo Baggins', false, 5, 21);
insert into virtual_machines(id, name, archived, organization_id, category_id) values (947, '947: Tom Bombadil', false, 5, 22);
insert into virtual_machines(id, name, archived, organization_id, category_id) values (948, '948: Shadowfax', false, 5, 23);
insert into virtual_machines(id, name, archived, organization_id, category_id) values (949, '949: Quickbeam', false, 5, 24);
insert into virtual_machines(id, name, archived, organization_id, category_id) values (950, '950: Beregond', false, 5, 25);
insert into virtual_machines(id, name, archived, organization_id, category_id) values (951, '951: Éowyn', false, 5, 1);
insert into virtual_machines(id, name, archived, organization_id, category_id) values (952, '952: Éomer', false, 5, 2);
insert into virtual_machines(id, name, archived, organization_id, category_id) values (953, '953: Gimli', false, 5, 3);
insert into virtual_machines(id, name, archived, organization_id, category_id) values (954, '954: Gandalf the Grey', false, 5, 4);
insert into virtual_machines(id, name, archived, organization_id, category_id) values (955, '955: Galadriel', false, 5, 5);
insert into virtual_machines(id, name, archived, organization_id, category_id) values (956, '956: Faramir', false, 5, 6);
insert into virtual_machines(id, name, archived, organization_id, category_id) values (957, '957: Samwise Gamgee', false, 5, 7);
insert into virtual_machines(id, name, archived, organization_id, category_id) values (958, '958: Shadowfax', false, 5, 8);
insert into virtual_machines(id, name, archived, organization_id, category_id) values (959, '959: Tom Bombadil', false, 5, 9);
insert into virtual_machines(id, name, archived, organization_id, category_id) values (960, '960: Gollum', false, 5, 10);
insert into virtual_machines(id, name, archived, organization_id, category_id) values (961, '961: Peregrin Took', false, 5, 11);
insert into virtual_machines(id, name, archived, organization_id, category_id) values (962, '962: Legolas', false, 5, 12);
insert into virtual_machines(id, name, archived, organization_id, category_id) values (963, '963: Gandalf the Grey', false, 5, 13);
insert into virtual_machines(id, name, archived, organization_id, category_id) values (964, '964: Legolas', false, 5, 14);
insert into virtual_machines(id, name, archived, organization_id, category_id) values (965, '965: Gollum', false, 5, 15);
insert into virtual_machines(id, name, archived, organization_id, category_id) values (966, '966: Éowyn', false, 5, 16);
insert into virtual_machines(id, name, archived, organization_id, category_id) values (967, '967: Quickbeam', false, 5, 17);
insert into virtual_machines(id, name, archived, organization_id, category_id) values (968, '968: Peregrin Took', false, 5, 18);
insert into virtual_machines(id, name, archived, organization_id, category_id) values (969, '969: Meriadoc Brandybuck', false, 5, 19);
insert into virtual_machines(id, name, archived, organization_id, category_id) values (970, '970: Denethor', false, 5, 20);
insert into virtual_machines(id, name, archived, organization_id, category_id) values (971, '971: Aragorn', false, 5, 21);
insert into virtual_machines(id, name, archived, organization_id, category_id) values (972, '972: Faramir', false, 5, 22);
insert into virtual_machines(id, name, archived, organization_id, category_id) values (973, '973: Théoden', false, 5, 23);
insert into virtual_machines(id, name, archived, organization_id, category_id) values (974, '974: Tom Bombadil', false, 5, 24);
insert into virtual_machines(id, name, archived, organization_id, category_id) values (975, '975: Boromir', false, 5, 25);
insert into virtual_machines(id, name, archived, organization_id, category_id) values (976, '976: Glorfindel', false, 5, 1);
insert into virtual_machines(id, name, archived, organization_id, category_id) values (977, '977: Shelob', false, 5, 2);
insert into virtual_machines(id, name, archived, organization_id, category_id) values (978, '978: Shadowfax', false, 5, 3);
insert into virtual_machines(id, name, archived, organization_id, category_id) values (979, '979: Denethor', false, 5, 4);
insert into virtual_machines(id, name, archived, organization_id, category_id) values (980, '980: Elrond', false, 5, 5);
insert into virtual_machines(id, name, archived, organization_id, category_id) values (981, '981: Gollum', false, 5, 6);
insert into virtual_machines(id, name, archived, organization_id, category_id) values (982, '982: Aragorn', false, 5, 7);
insert into virtual_machines(id, name, archived, organization_id, category_id) values (983, '983: Elrond', false, 5, 8);
insert into virtual_machines(id, name, archived, organization_id, category_id) values (984, '984: Meriadoc Brandybuck', false, 5, 9);
insert into virtual_machines(id, name, archived, organization_id, category_id) values (985, '985: Legolas', false, 5, 10);
insert into virtual_machines(id, name, archived, organization_id, category_id) values (986, '986: Grìma Wormtongue', false, 5, 11);
insert into virtual_machines(id, name, archived, organization_id, category_id) values (987, '987: Gollum', false, 5, 12);
insert into virtual_machines(id, name, archived, organization_id, category_id) values (988, '988: Shadowfax', false, 5, 13);
insert into virtual_machines(id, name, archived, organization_id, category_id) values (989, '989: Legolas', false, 5, 14);
insert into virtual_machines(id, name, archived, organization_id, category_id) values (990, '990: Elrond', false, 5, 15);
insert into virtual_machines(id, name, archived, organization_id, category_id) values (991, '991: Samwise Gamgee', false, 5, 16);
insert into virtual_machines(id, name, archived, organization_id, category_id) values (992, '992: Legolas', false, 5, 17);
insert into virtual_machines(id, name, archived, organization_id, category_id) values (993, '993: Théoden', false, 5, 18);
insert into virtual_machines(id, name, archived, organization_id, category_id) values (994, '994: Gollum', false, 5, 19);
insert into virtual_machines(id, name, archived, organization_id, category_id) values (995, '995: Aragorn', false, 5, 20);
insert into virtual_machines(id, name, archived, organization_id, category_id) values (996, '996: Meriadoc Brandybuck', false, 5, 21);
insert into virtual_machines(id, name, archived, organization_id, category_id) values (997, '997: Éomer', false, 5, 22);
insert into virtual_machines(id, name, archived, organization_id, category_id) values (998, '998: Quickbeam', false, 5, 23);
insert into virtual_machines(id, name, archived, organization_id, category_id) values (999, '999: Grìma Wormtongue', false, 5, 24);
insert into virtual_machines(id, name, archived, organization_id, category_id) values (1000, '1000: Peregrin Took', false, 5, 25);
--------------------------------------------------------------------------------------------------------------------------------------------------------------------------------------------------------
--------------------------------------------------------------------------------------------------------------------------------------------------------------------------------------------------------

--------------------------------------------------------------------------------------------------------------------------------------------------------------------------------------------------------
--------------------------------------------------------------------------------------- Altering machine_id_seq ----------------------------------------------------------------------------------------
alter sequence machine_id_seq restart with 1001;
--------------------------------------------------------------------------------------------------------------------------------------------------------------------------------------------------------
--------------------------------------------------------------------------------------------------------------------------------------------------------------------------------------------------------

