-- Passwords are hashed using BCrypt algorithm https://bcrypt-generator.com/
-- Passwords for all users are:
--
-- Scripts combined generate database for cloud-service-provider
-- It generates:
--	- 5 super admins
--	- 25 admins
--	- 50 users
--	- 5 organizations
--		- 5 admins per organization
--		- 10 users per organization
--		- 200 machines per organization
--		- 500 drives per organization
--	- 25 categories
--	- 1000 machines
--	- 2500 drives
--	- 20500 activities
--		- 20000 finished activities
--		- 500 unfinished activities
--
--------------------------------------------------------------------------------------------------------------------------------------------------------------------------------------------------------
--------------------------------------------------------------------------------------- inserting organizations ----------------------------------------------------------------------------------------
insert into organizations(id, name, description, logo, archived) values (1, '1: Mr. Popo', 'Accusamus qui quo eum nisi illum.Atque sunt ratione quaerat exercitationem.Ea illum ad sint quos et.Magnam dolor officiis.Necessitatibus aut sapiente et distinctio et et.Repellendus quis fugiat quibusdam.Velit ratione pariatur aut.Asperiores tenetur nobis voluptatum occaecati et ut incidunt.Natus provident illum debitis mollitia.Vel dolorum et sequi voluptate nam illo omnis.Aut consequuntur omnis.Aliquid iste mollitia repellat occaecati ipsam sed.Officia sit a exercitationem tempora assumenda eos.Tempore aut a ut.Sint placeat sit.Cupiditate et facilis.Expedita quia voluptates ut esse dicta eos eius.Aut ea ad.Dolores explicabo excepturi rerum assumenda ab.Inventore vel odio quam.Et reiciendis ea officiis quia ullam vitae.Non omnis maxime.Asperiores sit quia.Omnis debitis occaecati eligendi.Quaerat impedit voluptas.Dolores a assumenda libero.Ut quia blanditiis blanditiis.Quia aut quaerat ut aut voluptatem pariatur.Aliquam sed facere.Ullam dignissimos nulla qui dolorum sed.Voluptatem dele', 'D:\ARad\cloud-service-provider\cloud-api\cloud\.\images\organization\organization 1.jpg', false);
insert into organizations(id, name, description, logo, archived) values (2, '2: Super Saiyan Goten', 'Ratione culpa soluta quo accusantium mollitia laboriosam maxime.Voluptatem ea provident ea.Temporibus odit quis voluptas dignissimos.Quibusdam illo ad impedit officia temporibus laudantium.Occaecati dolores dolores totam et sit omnis odit.Totam enim in dolor veniam.Ut eaque magnam exercitationem non perferendis.Ea quis ut.Repudiandae aliquid reiciendis necessitatibus.Voluptatem eos quia et fugiat.Maiores eum est iure.Et qui aliquid nemo sunt ea.Sapiente vitae qui aut.Optio sequi corrupti sit accusamus.Sequi nobis adipisci eos.Enim incidunt ipsam impedit id provident.Voluptas voluptas atque voluptas qui eius eos.Sed illo sed reprehenderit non.Aut officiis ipsam magnam nobis.Vel distinctio voluptas neque eveniet velit.Velit nulla est aut.Ipsa ut ut.Quidem illo sit voluptatem sed.Quisquam porro magni velit consequatur impedit omnis sequi.Pariatur ut aut.Beatae sint recusandae qui ipsum.Sit asperiores iste omnis impedit eveniet.Aut dicta laudantium deserunt.Eius nemo qui corrupti quos ulla', 'D:\ARad\cloud-service-provider\cloud-api\cloud\.\images\organization\organization 2.jpg', false);
insert into organizations(id, name, description, logo, archived) values (3, '3: Puar', 'Quis sed et eaque explicabo blanditiis dolore dolorem.Corporis eligendi commodi.Nulla nobis voluptatem vel.Sed culpa ut.In voluptas at.Quas autem doloribus laudantium quia sed nihil et.Magni eaque dolores aut tempora consequuntur.Et nihil et eveniet magnam quod aliquid enim.Est omnis atque voluptatibus.Rerum voluptates rerum.Numquam optio aut vel sit eum natus nihil.Nobis impedit nulla quasi facere quisquam et.Aut quaerat rerum incidunt dolor.Beatae dignissimos ad consequuntur deserunt quis.Vel nihil nulla voluptas vel.Ut architecto quia nesciunt qui.Minus velit velit suscipit et molestiae.Sed cum mollitia et.Modi explicabo assumenda eveniet.Nobis est ducimus et.Pariatur laudantium nostrum sint autem.Magnam magnam sit pariatur occaecati voluptas nobis in.Aut laborum sed voluptatem similique sed placeat.Id unde ut laboriosam sit.Labore saepe quis dolorum.Non dicta et nostrum debitis ullam molestias.Voluptatem velit adipisci.Ex quasi repellat praesentium et nihil.Totam ut nisi earum.Quia', 'D:\ARad\cloud-service-provider\cloud-api\cloud\.\images\organization\organization 3.jpg', false);
insert into organizations(id, name, description, logo, archived) values (4, '4: Chaozu', 'Cupiditate totam debitis.Ut fuga esse aut incidunt inventore.Facere est ullam et.Aut in modi error laboriosam et fugiat non.Sit porro ut amet expedita.Cum et quasi in ut.Hic voluptatem magni nostrum.Dolor ab harum praesentium exercitationem eaque nulla quas.Corrupti non eligendi.Repellat enim fuga sed labore aut.Iusto dolorem consectetur ut ut animi quam.Blanditiis ab voluptatem.Eligendi quos quis illum.Aut quas asperiores quia enim.Minima facere ratione.Voluptas velit accusamus autem.Corporis qui eum reprehenderit.Sed porro quaerat occaecati quis.Ipsa aperiam est dolorem tempore molestiae.Expedita ea aliquam in ea sunt et.Sunt veniam distinctio quas.Sed et maxime consequuntur doloribus earum atque nisi.Et eos sit.Vel modi aspernatur natus qui sit.Amet eligendi vitae qui.Molestiae est qui soluta et et qui voluptate.Enim vitae cupiditate minus sit occaecati dicta.Repudiandae perspiciatis non est.Aperiam iusto dolorem.Autem cupiditate aspernatur laborum suscipit sequi.Labore sed nihil.Qu', 'D:\ARad\cloud-service-provider\cloud-api\cloud\.\images\organization\organization 4.jpg', false);
insert into organizations(id, name, description, logo, archived) values (5, '5: Li Shenlong', 'Facilis illum quia ex ea.Consequatur ipsum mollitia.Natus dolorem id quia consequatur.Illum fuga nemo ipsa.Aliquid et sunt molestiae voluptates assumenda sed.Ratione quis autem.Aut maiores ut consectetur asperiores vero omnis.Saepe voluptatem eum amet sequi deleniti quia ut.Minima repudiandae autem hic necessitatibus.Porro inventore ducimus reprehenderit.Ut voluptatem magnam perferendis impedit quasi quidem modi.Et qui totam et eius et amet.Nesciunt error repellendus ex officia ut error.Culpa quas quae et.Sunt dolor fugiat natus hic consequatur nihil.Quaerat magni ducimus amet laudantium molestias non et.Odit sequi quo maxime.Dignissimos dignissimos ab.Debitis culpa fugiat autem.Voluptas alias fugiat rem facere reiciendis cum.Molestias dolorum suscipit necessitatibus et debitis.Iure possimus accusantium.Et iure repellendus fugit nemo.Nesciunt repellendus et voluptatem doloribus.Libero expedita quis provident eaque omnis velit officiis.Perspiciatis sit nam qui ullam tempora rerum.Offici', 'D:\ARad\cloud-service-provider\cloud-api\cloud\.\images\organization\organization 5.jpg', false);
--------------------------------------------------------------------------------------------------------------------------------------------------------------------------------------------------------
--------------------------------------------------------------------------------------------------------------------------------------------------------------------------------------------------------

--------------------------------------------------------------------------------------------------------------------------------------------------------------------------------------------------------
------------------------------------------------------------------------------------- Altering organization_id_seq -------------------------------------------------------------------------------------
alter sequence organization_id_seq restart with 6;
--------------------------------------------------------------------------------------------------------------------------------------------------------------------------------------------------------
--------------------------------------------------------------------------------------------------------------------------------------------------------------------------------------------------------

--------------------------------------------------------------------------------------------------------------------------------------------------------------------------------------------------------
------------------------------------------------------------------------------------------- inserting roles --------------------------------------------------------------------------------------------
insert into roles (id, name) values (1, 'ROLE_SUPER_ADMIN');
insert into roles (id, name) values (2, 'ROLE_ADMIN');
insert into roles (id, name) values (3, 'ROLE_USER');
--------------------------------------------------------------------------------------------------------------------------------------------------------------------------------------------------------
--------------------------------------------------------------------------------------------------------------------------------------------------------------------------------------------------------

--------------------------------------------------------------------------------------------------------------------------------------------------------------------------------------------------------
----------------------------------------------------------------------------------------- Altering role_id_seq -----------------------------------------------------------------------------------------
alter sequence role_id_seq restart with 4;
--------------------------------------------------------------------------------------------------------------------------------------------------------------------------------------------------------
--------------------------------------------------------------------------------------------------------------------------------------------------------------------------------------------------------

--------------------------------------------------------------------------------------------------------------------------------------------------------------------------------------------------------
------------------------------------------------------------------------------------------- inserting users --------------------------------------------------------------------------------------------
insert into users(id, name, surname, email, username, password, archived, role_id, organization_id) values (1, 'Emerita', 'Gorczany', 'superadmin1@gmail.com', 'superadmin1', '$2a$10$JCYrt8QGHg4suBXWiRgjKu93h5DCq3yFDXMDsTY/Itkgeu3h3pCE6', false, 1, null);
insert into users(id, name, surname, email, username, password, archived, role_id, organization_id) values (2, 'Ngan', 'Swaniawski', 'superadmin2@gmail.com', 'superadmin2', '$2a$10$JCYrt8QGHg4suBXWiRgjKu93h5DCq3yFDXMDsTY/Itkgeu3h3pCE6', false, 1, null);
insert into users(id, name, surname, email, username, password, archived, role_id, organization_id) values (3, 'Johnnie', 'Rowe', 'superadmin3@gmail.com', 'superadmin3', '$2a$10$JCYrt8QGHg4suBXWiRgjKu93h5DCq3yFDXMDsTY/Itkgeu3h3pCE6', false, 1, null);
insert into users(id, name, surname, email, username, password, archived, role_id, organization_id) values (4, 'Pat', 'Gottlieb', 'superadmin4@gmail.com', 'superadmin4', '$2a$10$JCYrt8QGHg4suBXWiRgjKu93h5DCq3yFDXMDsTY/Itkgeu3h3pCE6', false, 1, null);
insert into users(id, name, surname, email, username, password, archived, role_id, organization_id) values (5, 'Madonna', 'Kassulke', 'superadmin5@gmail.com', 'superadmin5', '$2a$10$JCYrt8QGHg4suBXWiRgjKu93h5DCq3yFDXMDsTY/Itkgeu3h3pCE6', false, 1, null);
insert into users(id, name, surname, email, username, password, archived, role_id, organization_id) values (6, 'Kurtis', 'Krajcik', 'admin1@gmail.com', 'admin1', '$2a$10$JCYrt8QGHg4suBXWiRgjKu93h5DCq3yFDXMDsTY/Itkgeu3h3pCE6', false, 2, 1);
insert into users(id, name, surname, email, username, password, archived, role_id, organization_id) values (7, 'Korey', 'Sauer', 'admin2@gmail.com', 'admin2', '$2a$10$JCYrt8QGHg4suBXWiRgjKu93h5DCq3yFDXMDsTY/Itkgeu3h3pCE6', false, 2, 1);
insert into users(id, name, surname, email, username, password, archived, role_id, organization_id) values (8, 'Leisha', 'Lebsack', 'admin3@gmail.com', 'admin3', '$2a$10$JCYrt8QGHg4suBXWiRgjKu93h5DCq3yFDXMDsTY/Itkgeu3h3pCE6', false, 2, 1);
insert into users(id, name, surname, email, username, password, archived, role_id, organization_id) values (9, 'Lucila', 'Gutmann', 'admin4@gmail.com', 'admin4', '$2a$10$JCYrt8QGHg4suBXWiRgjKu93h5DCq3yFDXMDsTY/Itkgeu3h3pCE6', false, 2, 1);
insert into users(id, name, surname, email, username, password, archived, role_id, organization_id) values (10, 'Johnathan', 'Homenick', 'admin5@gmail.com', 'admin5', '$2a$10$JCYrt8QGHg4suBXWiRgjKu93h5DCq3yFDXMDsTY/Itkgeu3h3pCE6', false, 2, 1);
insert into users(id, name, surname, email, username, password, archived, role_id, organization_id) values (11, 'Billy', 'Marvin', 'admin6@gmail.com', 'admin6', '$2a$10$JCYrt8QGHg4suBXWiRgjKu93h5DCq3yFDXMDsTY/Itkgeu3h3pCE6', false, 2, 2);
insert into users(id, name, surname, email, username, password, archived, role_id, organization_id) values (12, 'Myrle', 'Runolfsson', 'admin7@gmail.com', 'admin7', '$2a$10$JCYrt8QGHg4suBXWiRgjKu93h5DCq3yFDXMDsTY/Itkgeu3h3pCE6', false, 2, 2);
insert into users(id, name, surname, email, username, password, archived, role_id, organization_id) values (13, 'Thurman', 'Kuhn', 'admin8@gmail.com', 'admin8', '$2a$10$JCYrt8QGHg4suBXWiRgjKu93h5DCq3yFDXMDsTY/Itkgeu3h3pCE6', false, 2, 2);
insert into users(id, name, surname, email, username, password, archived, role_id, organization_id) values (14, 'Nikia', 'Hayes', 'admin9@gmail.com', 'admin9', '$2a$10$JCYrt8QGHg4suBXWiRgjKu93h5DCq3yFDXMDsTY/Itkgeu3h3pCE6', false, 2, 2);
insert into users(id, name, surname, email, username, password, archived, role_id, organization_id) values (15, 'Brendan', 'Gleason', 'admin10@gmail.com', 'admin10', '$2a$10$JCYrt8QGHg4suBXWiRgjKu93h5DCq3yFDXMDsTY/Itkgeu3h3pCE6', false, 2, 2);
insert into users(id, name, surname, email, username, password, archived, role_id, organization_id) values (16, 'Shirl', 'Tillman', 'admin11@gmail.com', 'admin11', '$2a$10$JCYrt8QGHg4suBXWiRgjKu93h5DCq3yFDXMDsTY/Itkgeu3h3pCE6', false, 2, 3);
insert into users(id, name, surname, email, username, password, archived, role_id, organization_id) values (17, 'Nolan', 'Treutel', 'admin12@gmail.com', 'admin12', '$2a$10$JCYrt8QGHg4suBXWiRgjKu93h5DCq3yFDXMDsTY/Itkgeu3h3pCE6', false, 2, 3);
insert into users(id, name, surname, email, username, password, archived, role_id, organization_id) values (18, 'Terence', 'Farrell', 'admin13@gmail.com', 'admin13', '$2a$10$JCYrt8QGHg4suBXWiRgjKu93h5DCq3yFDXMDsTY/Itkgeu3h3pCE6', false, 2, 3);
insert into users(id, name, surname, email, username, password, archived, role_id, organization_id) values (19, 'Norman', 'Cole', 'admin14@gmail.com', 'admin14', '$2a$10$JCYrt8QGHg4suBXWiRgjKu93h5DCq3yFDXMDsTY/Itkgeu3h3pCE6', false, 2, 3);
insert into users(id, name, surname, email, username, password, archived, role_id, organization_id) values (20, 'Warren', 'Powlowski', 'admin15@gmail.com', 'admin15', '$2a$10$JCYrt8QGHg4suBXWiRgjKu93h5DCq3yFDXMDsTY/Itkgeu3h3pCE6', false, 2, 3);
insert into users(id, name, surname, email, username, password, archived, role_id, organization_id) values (21, 'Marlin', 'Bruen', 'admin16@gmail.com', 'admin16', '$2a$10$JCYrt8QGHg4suBXWiRgjKu93h5DCq3yFDXMDsTY/Itkgeu3h3pCE6', false, 2, 4);
insert into users(id, name, surname, email, username, password, archived, role_id, organization_id) values (22, 'Edison', 'Sporer', 'admin17@gmail.com', 'admin17', '$2a$10$JCYrt8QGHg4suBXWiRgjKu93h5DCq3yFDXMDsTY/Itkgeu3h3pCE6', false, 2, 4);
insert into users(id, name, surname, email, username, password, archived, role_id, organization_id) values (23, 'Rueben', 'Waelchi', 'admin18@gmail.com', 'admin18', '$2a$10$JCYrt8QGHg4suBXWiRgjKu93h5DCq3yFDXMDsTY/Itkgeu3h3pCE6', false, 2, 4);
insert into users(id, name, surname, email, username, password, archived, role_id, organization_id) values (24, 'Sydney', 'Dach', 'admin19@gmail.com', 'admin19', '$2a$10$JCYrt8QGHg4suBXWiRgjKu93h5DCq3yFDXMDsTY/Itkgeu3h3pCE6', false, 2, 4);
insert into users(id, name, surname, email, username, password, archived, role_id, organization_id) values (25, 'Kathleen', 'Kutch', 'admin20@gmail.com', 'admin20', '$2a$10$JCYrt8QGHg4suBXWiRgjKu93h5DCq3yFDXMDsTY/Itkgeu3h3pCE6', false, 2, 4);
insert into users(id, name, surname, email, username, password, archived, role_id, organization_id) values (26, 'Shyla', 'Swift', 'admin21@gmail.com', 'admin21', '$2a$10$JCYrt8QGHg4suBXWiRgjKu93h5DCq3yFDXMDsTY/Itkgeu3h3pCE6', false, 2, 5);
insert into users(id, name, surname, email, username, password, archived, role_id, organization_id) values (27, 'Terrell', 'Braun', 'admin22@gmail.com', 'admin22', '$2a$10$JCYrt8QGHg4suBXWiRgjKu93h5DCq3yFDXMDsTY/Itkgeu3h3pCE6', false, 2, 5);
insert into users(id, name, surname, email, username, password, archived, role_id, organization_id) values (28, 'Kirk', 'Thiel', 'admin23@gmail.com', 'admin23', '$2a$10$JCYrt8QGHg4suBXWiRgjKu93h5DCq3yFDXMDsTY/Itkgeu3h3pCE6', false, 2, 5);
insert into users(id, name, surname, email, username, password, archived, role_id, organization_id) values (29, 'Darcey', 'Johnson', 'admin24@gmail.com', 'admin24', '$2a$10$JCYrt8QGHg4suBXWiRgjKu93h5DCq3yFDXMDsTY/Itkgeu3h3pCE6', false, 2, 5);
insert into users(id, name, surname, email, username, password, archived, role_id, organization_id) values (30, 'Theo', 'Prohaska', 'admin25@gmail.com', 'admin25', '$2a$10$JCYrt8QGHg4suBXWiRgjKu93h5DCq3yFDXMDsTY/Itkgeu3h3pCE6', false, 2, 5);
insert into users(id, name, surname, email, username, password, archived, role_id, organization_id) values (31, 'Candra', 'Stehr', 'user1@gmail.com', 'user1', '$2a$10$JCYrt8QGHg4suBXWiRgjKu93h5DCq3yFDXMDsTY/Itkgeu3h3pCE6', false, 3, 1);
insert into users(id, name, surname, email, username, password, archived, role_id, organization_id) values (32, 'Kraig', 'Harber', 'user2@gmail.com', 'user2', '$2a$10$JCYrt8QGHg4suBXWiRgjKu93h5DCq3yFDXMDsTY/Itkgeu3h3pCE6', false, 3, 1);
insert into users(id, name, surname, email, username, password, archived, role_id, organization_id) values (33, 'Raymonde', 'Kerluke', 'user3@gmail.com', 'user3', '$2a$10$JCYrt8QGHg4suBXWiRgjKu93h5DCq3yFDXMDsTY/Itkgeu3h3pCE6', false, 3, 1);
insert into users(id, name, surname, email, username, password, archived, role_id, organization_id) values (34, 'Sylvester', 'Heller', 'user4@gmail.com', 'user4', '$2a$10$JCYrt8QGHg4suBXWiRgjKu93h5DCq3yFDXMDsTY/Itkgeu3h3pCE6', false, 3, 1);
insert into users(id, name, surname, email, username, password, archived, role_id, organization_id) values (35, 'Patria', 'Turcotte', 'user5@gmail.com', 'user5', '$2a$10$JCYrt8QGHg4suBXWiRgjKu93h5DCq3yFDXMDsTY/Itkgeu3h3pCE6', false, 3, 1);
insert into users(id, name, surname, email, username, password, archived, role_id, organization_id) values (36, 'Rocio', 'Reinger', 'user6@gmail.com', 'user6', '$2a$10$JCYrt8QGHg4suBXWiRgjKu93h5DCq3yFDXMDsTY/Itkgeu3h3pCE6', false, 3, 1);
insert into users(id, name, surname, email, username, password, archived, role_id, organization_id) values (37, 'Stacy', 'Turcotte', 'user7@gmail.com', 'user7', '$2a$10$JCYrt8QGHg4suBXWiRgjKu93h5DCq3yFDXMDsTY/Itkgeu3h3pCE6', false, 3, 1);
insert into users(id, name, surname, email, username, password, archived, role_id, organization_id) values (38, 'Dania', 'Will', 'user8@gmail.com', 'user8', '$2a$10$JCYrt8QGHg4suBXWiRgjKu93h5DCq3yFDXMDsTY/Itkgeu3h3pCE6', false, 3, 1);
insert into users(id, name, surname, email, username, password, archived, role_id, organization_id) values (39, 'Emmitt', 'Schoen', 'user9@gmail.com', 'user9', '$2a$10$JCYrt8QGHg4suBXWiRgjKu93h5DCq3yFDXMDsTY/Itkgeu3h3pCE6', false, 3, 1);
insert into users(id, name, surname, email, username, password, archived, role_id, organization_id) values (40, 'Mimi', 'Romaguera', 'user10@gmail.com', 'user10', '$2a$10$JCYrt8QGHg4suBXWiRgjKu93h5DCq3yFDXMDsTY/Itkgeu3h3pCE6', false, 3, 1);
insert into users(id, name, surname, email, username, password, archived, role_id, organization_id) values (41, 'Annamaria', 'Rolfson', 'user11@gmail.com', 'user11', '$2a$10$JCYrt8QGHg4suBXWiRgjKu93h5DCq3yFDXMDsTY/Itkgeu3h3pCE6', false, 3, 2);
insert into users(id, name, surname, email, username, password, archived, role_id, organization_id) values (42, 'Zofia', 'Schuster', 'user12@gmail.com', 'user12', '$2a$10$JCYrt8QGHg4suBXWiRgjKu93h5DCq3yFDXMDsTY/Itkgeu3h3pCE6', false, 3, 2);
insert into users(id, name, surname, email, username, password, archived, role_id, organization_id) values (43, 'Therese', 'Rau', 'user13@gmail.com', 'user13', '$2a$10$JCYrt8QGHg4suBXWiRgjKu93h5DCq3yFDXMDsTY/Itkgeu3h3pCE6', false, 3, 2);
insert into users(id, name, surname, email, username, password, archived, role_id, organization_id) values (44, 'Barton', 'Bradtke', 'user14@gmail.com', 'user14', '$2a$10$JCYrt8QGHg4suBXWiRgjKu93h5DCq3yFDXMDsTY/Itkgeu3h3pCE6', false, 3, 2);
insert into users(id, name, surname, email, username, password, archived, role_id, organization_id) values (45, 'Nena', 'Hackett', 'user15@gmail.com', 'user15', '$2a$10$JCYrt8QGHg4suBXWiRgjKu93h5DCq3yFDXMDsTY/Itkgeu3h3pCE6', false, 3, 2);
insert into users(id, name, surname, email, username, password, archived, role_id, organization_id) values (46, 'Claribel', 'Brown', 'user16@gmail.com', 'user16', '$2a$10$JCYrt8QGHg4suBXWiRgjKu93h5DCq3yFDXMDsTY/Itkgeu3h3pCE6', false, 3, 2);
insert into users(id, name, surname, email, username, password, archived, role_id, organization_id) values (47, 'Lynn', 'Schamberger', 'user17@gmail.com', 'user17', '$2a$10$JCYrt8QGHg4suBXWiRgjKu93h5DCq3yFDXMDsTY/Itkgeu3h3pCE6', false, 3, 2);
insert into users(id, name, surname, email, username, password, archived, role_id, organization_id) values (48, 'Weldon', 'Tromp', 'user18@gmail.com', 'user18', '$2a$10$JCYrt8QGHg4suBXWiRgjKu93h5DCq3yFDXMDsTY/Itkgeu3h3pCE6', false, 3, 2);
insert into users(id, name, surname, email, username, password, archived, role_id, organization_id) values (49, 'Sixta', 'Schroeder', 'user19@gmail.com', 'user19', '$2a$10$JCYrt8QGHg4suBXWiRgjKu93h5DCq3yFDXMDsTY/Itkgeu3h3pCE6', false, 3, 2);
insert into users(id, name, surname, email, username, password, archived, role_id, organization_id) values (50, 'Anthony', 'Mante', 'user20@gmail.com', 'user20', '$2a$10$JCYrt8QGHg4suBXWiRgjKu93h5DCq3yFDXMDsTY/Itkgeu3h3pCE6', false, 3, 2);
insert into users(id, name, surname, email, username, password, archived, role_id, organization_id) values (51, 'Jamison', 'Hagenes', 'user21@gmail.com', 'user21', '$2a$10$JCYrt8QGHg4suBXWiRgjKu93h5DCq3yFDXMDsTY/Itkgeu3h3pCE6', false, 3, 3);
insert into users(id, name, surname, email, username, password, archived, role_id, organization_id) values (52, 'Barney', 'Connelly', 'user22@gmail.com', 'user22', '$2a$10$JCYrt8QGHg4suBXWiRgjKu93h5DCq3yFDXMDsTY/Itkgeu3h3pCE6', false, 3, 3);
insert into users(id, name, surname, email, username, password, archived, role_id, organization_id) values (53, 'Georgiana', 'Lueilwitz', 'user23@gmail.com', 'user23', '$2a$10$JCYrt8QGHg4suBXWiRgjKu93h5DCq3yFDXMDsTY/Itkgeu3h3pCE6', false, 3, 3);
insert into users(id, name, surname, email, username, password, archived, role_id, organization_id) values (54, 'Aline', 'Pfeffer', 'user24@gmail.com', 'user24', '$2a$10$JCYrt8QGHg4suBXWiRgjKu93h5DCq3yFDXMDsTY/Itkgeu3h3pCE6', false, 3, 3);
insert into users(id, name, surname, email, username, password, archived, role_id, organization_id) values (55, 'Julio', 'Veum', 'user25@gmail.com', 'user25', '$2a$10$JCYrt8QGHg4suBXWiRgjKu93h5DCq3yFDXMDsTY/Itkgeu3h3pCE6', false, 3, 3);
insert into users(id, name, surname, email, username, password, archived, role_id, organization_id) values (56, 'Cyrus', 'Wilderman', 'user26@gmail.com', 'user26', '$2a$10$JCYrt8QGHg4suBXWiRgjKu93h5DCq3yFDXMDsTY/Itkgeu3h3pCE6', false, 3, 3);
insert into users(id, name, surname, email, username, password, archived, role_id, organization_id) values (57, 'Delois', 'Sipes', 'user27@gmail.com', 'user27', '$2a$10$JCYrt8QGHg4suBXWiRgjKu93h5DCq3yFDXMDsTY/Itkgeu3h3pCE6', false, 3, 3);
insert into users(id, name, surname, email, username, password, archived, role_id, organization_id) values (58, 'Vivan', 'Lueilwitz', 'user28@gmail.com', 'user28', '$2a$10$JCYrt8QGHg4suBXWiRgjKu93h5DCq3yFDXMDsTY/Itkgeu3h3pCE6', false, 3, 3);
insert into users(id, name, surname, email, username, password, archived, role_id, organization_id) values (59, 'Gonzalo', 'McClure', 'user29@gmail.com', 'user29', '$2a$10$JCYrt8QGHg4suBXWiRgjKu93h5DCq3yFDXMDsTY/Itkgeu3h3pCE6', false, 3, 3);
insert into users(id, name, surname, email, username, password, archived, role_id, organization_id) values (60, 'Rafaela', 'Hagenes', 'user30@gmail.com', 'user30', '$2a$10$JCYrt8QGHg4suBXWiRgjKu93h5DCq3yFDXMDsTY/Itkgeu3h3pCE6', false, 3, 3);
insert into users(id, name, surname, email, username, password, archived, role_id, organization_id) values (61, 'Everette', 'Lynch', 'user31@gmail.com', 'user31', '$2a$10$JCYrt8QGHg4suBXWiRgjKu93h5DCq3yFDXMDsTY/Itkgeu3h3pCE6', false, 3, 4);
insert into users(id, name, surname, email, username, password, archived, role_id, organization_id) values (62, 'Nicky', 'Lockman', 'user32@gmail.com', 'user32', '$2a$10$JCYrt8QGHg4suBXWiRgjKu93h5DCq3yFDXMDsTY/Itkgeu3h3pCE6', false, 3, 4);
insert into users(id, name, surname, email, username, password, archived, role_id, organization_id) values (63, 'Sharice', 'Torphy', 'user33@gmail.com', 'user33', '$2a$10$JCYrt8QGHg4suBXWiRgjKu93h5DCq3yFDXMDsTY/Itkgeu3h3pCE6', false, 3, 4);
insert into users(id, name, surname, email, username, password, archived, role_id, organization_id) values (64, 'Lupe', 'Beatty', 'user34@gmail.com', 'user34', '$2a$10$JCYrt8QGHg4suBXWiRgjKu93h5DCq3yFDXMDsTY/Itkgeu3h3pCE6', false, 3, 4);
insert into users(id, name, surname, email, username, password, archived, role_id, organization_id) values (65, 'Ardelia', 'Pacocha', 'user35@gmail.com', 'user35', '$2a$10$JCYrt8QGHg4suBXWiRgjKu93h5DCq3yFDXMDsTY/Itkgeu3h3pCE6', false, 3, 4);
insert into users(id, name, surname, email, username, password, archived, role_id, organization_id) values (66, 'Alisha', 'McCullough', 'user36@gmail.com', 'user36', '$2a$10$JCYrt8QGHg4suBXWiRgjKu93h5DCq3yFDXMDsTY/Itkgeu3h3pCE6', false, 3, 4);
insert into users(id, name, surname, email, username, password, archived, role_id, organization_id) values (67, 'Emmie', 'Marvin', 'user37@gmail.com', 'user37', '$2a$10$JCYrt8QGHg4suBXWiRgjKu93h5DCq3yFDXMDsTY/Itkgeu3h3pCE6', false, 3, 4);
insert into users(id, name, surname, email, username, password, archived, role_id, organization_id) values (68, 'Jerry', 'Glover', 'user38@gmail.com', 'user38', '$2a$10$JCYrt8QGHg4suBXWiRgjKu93h5DCq3yFDXMDsTY/Itkgeu3h3pCE6', false, 3, 4);
insert into users(id, name, surname, email, username, password, archived, role_id, organization_id) values (69, 'Twanda', 'Howell', 'user39@gmail.com', 'user39', '$2a$10$JCYrt8QGHg4suBXWiRgjKu93h5DCq3yFDXMDsTY/Itkgeu3h3pCE6', false, 3, 4);
insert into users(id, name, surname, email, username, password, archived, role_id, organization_id) values (70, 'Pilar', 'Abshire', 'user40@gmail.com', 'user40', '$2a$10$JCYrt8QGHg4suBXWiRgjKu93h5DCq3yFDXMDsTY/Itkgeu3h3pCE6', false, 3, 4);
insert into users(id, name, surname, email, username, password, archived, role_id, organization_id) values (71, 'Logan', 'Shields', 'user41@gmail.com', 'user41', '$2a$10$JCYrt8QGHg4suBXWiRgjKu93h5DCq3yFDXMDsTY/Itkgeu3h3pCE6', false, 3, 5);
insert into users(id, name, surname, email, username, password, archived, role_id, organization_id) values (72, 'Hae', 'Hammes', 'user42@gmail.com', 'user42', '$2a$10$JCYrt8QGHg4suBXWiRgjKu93h5DCq3yFDXMDsTY/Itkgeu3h3pCE6', false, 3, 5);
insert into users(id, name, surname, email, username, password, archived, role_id, organization_id) values (73, 'Tara', 'Brown', 'user43@gmail.com', 'user43', '$2a$10$JCYrt8QGHg4suBXWiRgjKu93h5DCq3yFDXMDsTY/Itkgeu3h3pCE6', false, 3, 5);
insert into users(id, name, surname, email, username, password, archived, role_id, organization_id) values (74, 'Valentin', 'Casper', 'user44@gmail.com', 'user44', '$2a$10$JCYrt8QGHg4suBXWiRgjKu93h5DCq3yFDXMDsTY/Itkgeu3h3pCE6', false, 3, 5);
insert into users(id, name, surname, email, username, password, archived, role_id, organization_id) values (75, 'Darin', 'Williamson', 'user45@gmail.com', 'user45', '$2a$10$JCYrt8QGHg4suBXWiRgjKu93h5DCq3yFDXMDsTY/Itkgeu3h3pCE6', false, 3, 5);
insert into users(id, name, surname, email, username, password, archived, role_id, organization_id) values (76, 'Neil', 'Collins', 'user46@gmail.com', 'user46', '$2a$10$JCYrt8QGHg4suBXWiRgjKu93h5DCq3yFDXMDsTY/Itkgeu3h3pCE6', false, 3, 5);
insert into users(id, name, surname, email, username, password, archived, role_id, organization_id) values (77, 'Asia', 'Hilll', 'user47@gmail.com', 'user47', '$2a$10$JCYrt8QGHg4suBXWiRgjKu93h5DCq3yFDXMDsTY/Itkgeu3h3pCE6', false, 3, 5);
insert into users(id, name, surname, email, username, password, archived, role_id, organization_id) values (78, 'Annice', 'McCullough', 'user48@gmail.com', 'user48', '$2a$10$JCYrt8QGHg4suBXWiRgjKu93h5DCq3yFDXMDsTY/Itkgeu3h3pCE6', false, 3, 5);
insert into users(id, name, surname, email, username, password, archived, role_id, organization_id) values (79, 'Scottie', 'Runolfsdottir', 'user49@gmail.com', 'user49', '$2a$10$JCYrt8QGHg4suBXWiRgjKu93h5DCq3yFDXMDsTY/Itkgeu3h3pCE6', false, 3, 5);
insert into users(id, name, surname, email, username, password, archived, role_id, organization_id) values (80, 'Waldo', 'Lueilwitz', 'user50@gmail.com', 'user50', '$2a$10$JCYrt8QGHg4suBXWiRgjKu93h5DCq3yFDXMDsTY/Itkgeu3h3pCE6', false, 3, 5);
--------------------------------------------------------------------------------------------------------------------------------------------------------------------------------------------------------
--------------------------------------------------------------------------------------------------------------------------------------------------------------------------------------------------------

--------------------------------------------------------------------------------------------------------------------------------------------------------------------------------------------------------
----------------------------------------------------------------------------------------- Altering user_id_seq -----------------------------------------------------------------------------------------
alter sequence user_id_seq restart with 81;
--------------------------------------------------------------------------------------------------------------------------------------------------------------------------------------------------------
--------------------------------------------------------------------------------------------------------------------------------------------------------------------------------------------------------

--------------------------------------------------------------------------------------------------------------------------------------------------------------------------------------------------------
----------------------------------------------------------------------------------------- inserting categories -----------------------------------------------------------------------------------------
insert into categories(id, name, cpu, ram, gpu, archived) values (1, '1: Gap of Rohan', 1, 2, 0, false);
insert into categories(id, name, cpu, ram, gpu, archived) values (2, '2: The Void', 1, 2, 1, false);
insert into categories(id, name, cpu, ram, gpu, archived) values (3, '3: Enchanted Isles', 1, 4, 0, false);
insert into categories(id, name, cpu, ram, gpu, archived) values (4, '4: Luthany', 1, 4, 1, false);
insert into categories(id, name, cpu, ram, gpu, archived) values (5, '5: Rath Dínen', 2, 2, 0, false);
insert into categories(id, name, cpu, ram, gpu, archived) values (6, '6: Tol Brandir', 2, 2, 1, false);
insert into categories(id, name, cpu, ram, gpu, archived) values (7, '7: Sarn Ford', 2, 4, 2, false);
insert into categories(id, name, cpu, ram, gpu, archived) values (8, '8: Field of Celebrant', 2, 8, 2, false);
insert into categories(id, name, cpu, ram, gpu, archived) values (9, '9: Utumno', 4, 2, 2, false);
insert into categories(id, name, cpu, ram, gpu, archived) values (10, '10: Falls of Rauros', 4, 4, 2, false);
insert into categories(id, name, cpu, ram, gpu, archived) values (11, '11: Sarn Ford', 4, 8, 4, false);
insert into categories(id, name, cpu, ram, gpu, archived) values (12, '12: Tol-in-Gaurhoth', 4, 16, 4, false);
insert into categories(id, name, cpu, ram, gpu, archived) values (13, '13: Crack of Doom', 8, 4, 2, false);
insert into categories(id, name, cpu, ram, gpu, archived) values (14, '14: Luthany', 8, 8, 4, false);
insert into categories(id, name, cpu, ram, gpu, archived) values (15, '15: East Road', 8, 16, 8, false);
insert into categories(id, name, cpu, ram, gpu, archived) values (16, '16: Barad-dûr', 8, 32, 8, false);
insert into categories(id, name, cpu, ram, gpu, archived) values (17, '17: Old Ford', 16, 8, 4, false);
insert into categories(id, name, cpu, ram, gpu, archived) values (18, '18: Isenmouthe', 16, 16, 4, false);
insert into categories(id, name, cpu, ram, gpu, archived) values (19, '19: Tol Galen', 16, 32, 8, false);
insert into categories(id, name, cpu, ram, gpu, archived) values (20, '20: Isenmouthe', 16, 64, 8, false);
insert into categories(id, name, cpu, ram, gpu, archived) values (21, '21: Regions of the Shire', 16, 128, 16, false);
insert into categories(id, name, cpu, ram, gpu, archived) values (22, '22: Old Forest', 32, 16, 8, false);
insert into categories(id, name, cpu, ram, gpu, archived) values (23, '23: Helm''s Deep', 32, 32, 8, false);
insert into categories(id, name, cpu, ram, gpu, archived) values (24, '24: Ilmen', 32, 64, 16, false);
insert into categories(id, name, cpu, ram, gpu, archived) values (25, '25: Field of Celebrant', 32, 128, 16, false);
--------------------------------------------------------------------------------------------------------------------------------------------------------------------------------------------------------
--------------------------------------------------------------------------------------------------------------------------------------------------------------------------------------------------------

--------------------------------------------------------------------------------------------------------------------------------------------------------------------------------------------------------
--------------------------------------------------------------------------------------- Altering category_id_seq ---------------------------------------------------------------------------------------
alter sequence category_id_seq restart with 26;
--------------------------------------------------------------------------------------------------------------------------------------------------------------------------------------------------------
--------------------------------------------------------------------------------------------------------------------------------------------------------------------------------------------------------

--------------------------------------------------------------------------------------------------------------------------------------------------------------------------------------------------------
------------------------------------------------------------------------------------------ inserting machines ------------------------------------------------------------------------------------------
insert into virtual_machines(id, name, archived, organization_id, category_id) values (1, '1: Treebeard', false, 1, 1);
insert into virtual_machines(id, name, archived, organization_id, category_id) values (2, '2: Shadowfax', false, 1, 2);
insert into virtual_machines(id, name, archived, organization_id, category_id) values (3, '3: Frodo Baggins', false, 1, 3);
insert into virtual_machines(id, name, archived, organization_id, category_id) values (4, '4: Boromir', false, 1, 4);
insert into virtual_machines(id, name, archived, organization_id, category_id) values (5, '5: Gollum', false, 1, 5);
insert into virtual_machines(id, name, archived, organization_id, category_id) values (6, '6: Meriadoc Brandybuck', false, 1, 6);
insert into virtual_machines(id, name, archived, organization_id, category_id) values (7, '7: Quickbeam', false, 1, 7);
insert into virtual_machines(id, name, archived, organization_id, category_id) values (8, '8: Faramir', false, 1, 8);
insert into virtual_machines(id, name, archived, organization_id, category_id) values (9, '9: Treebeard', false, 1, 9);
insert into virtual_machines(id, name, archived, organization_id, category_id) values (10, '10: Samwise Gamgee', false, 1, 10);
insert into virtual_machines(id, name, archived, organization_id, category_id) values (11, '11: Denethor', false, 1, 11);
insert into virtual_machines(id, name, archived, organization_id, category_id) values (12, '12: Quickbeam', false, 1, 12);
insert into virtual_machines(id, name, archived, organization_id, category_id) values (13, '13: Théoden', false, 1, 13);
insert into virtual_machines(id, name, archived, organization_id, category_id) values (14, '14: Tom Bombadil', false, 1, 14);
insert into virtual_machines(id, name, archived, organization_id, category_id) values (15, '15: Treebeard', false, 1, 15);
insert into virtual_machines(id, name, archived, organization_id, category_id) values (16, '16: Arwen Evenstar', false, 1, 16);
insert into virtual_machines(id, name, archived, organization_id, category_id) values (17, '17: Éowyn', false, 1, 17);
insert into virtual_machines(id, name, archived, organization_id, category_id) values (18, '18: Beregond', false, 1, 18);
insert into virtual_machines(id, name, archived, organization_id, category_id) values (19, '19: Quickbeam', false, 1, 19);
insert into virtual_machines(id, name, archived, organization_id, category_id) values (20, '20: Bilbo Baggins', false, 1, 20);
insert into virtual_machines(id, name, archived, organization_id, category_id) values (21, '21: Grìma Wormtongue', false, 1, 21);
insert into virtual_machines(id, name, archived, organization_id, category_id) values (22, '22: Bilbo Baggins', false, 1, 22);
insert into virtual_machines(id, name, archived, organization_id, category_id) values (23, '23: Quickbeam', false, 1, 23);
insert into virtual_machines(id, name, archived, organization_id, category_id) values (24, '24: Boromir', false, 1, 24);
insert into virtual_machines(id, name, archived, organization_id, category_id) values (25, '25: Treebeard', false, 1, 25);
insert into virtual_machines(id, name, archived, organization_id, category_id) values (26, '26: Samwise Gamgee', false, 1, 1);
insert into virtual_machines(id, name, archived, organization_id, category_id) values (27, '27: Samwise Gamgee', false, 1, 2);
insert into virtual_machines(id, name, archived, organization_id, category_id) values (28, '28: Barliman Butterbur', false, 1, 3);
insert into virtual_machines(id, name, archived, organization_id, category_id) values (29, '29: Bilbo Baggins', false, 1, 4);
insert into virtual_machines(id, name, archived, organization_id, category_id) values (30, '30: Aragorn', false, 1, 5);
insert into virtual_machines(id, name, archived, organization_id, category_id) values (31, '31: Éomer', false, 1, 6);
insert into virtual_machines(id, name, archived, organization_id, category_id) values (32, '32: Arwen Evenstar', false, 1, 7);
insert into virtual_machines(id, name, archived, organization_id, category_id) values (33, '33: Éomer', false, 1, 8);
insert into virtual_machines(id, name, archived, organization_id, category_id) values (34, '34: Saruman the White', false, 1, 9);
insert into virtual_machines(id, name, archived, organization_id, category_id) values (35, '35: Legolas', false, 1, 10);
insert into virtual_machines(id, name, archived, organization_id, category_id) values (36, '36: Bilbo Baggins', false, 1, 11);
insert into virtual_machines(id, name, archived, organization_id, category_id) values (37, '37: Faramir', false, 1, 12);
insert into virtual_machines(id, name, archived, organization_id, category_id) values (38, '38: Meriadoc Brandybuck', false, 1, 13);
insert into virtual_machines(id, name, archived, organization_id, category_id) values (39, '39: Faramir', false, 1, 14);
insert into virtual_machines(id, name, archived, organization_id, category_id) values (40, '40: Gollum', false, 1, 15);
insert into virtual_machines(id, name, archived, organization_id, category_id) values (41, '41: Quickbeam', false, 1, 16);
insert into virtual_machines(id, name, archived, organization_id, category_id) values (42, '42: Shelob', false, 1, 17);
insert into virtual_machines(id, name, archived, organization_id, category_id) values (43, '43: Samwise Gamgee', false, 1, 18);
insert into virtual_machines(id, name, archived, organization_id, category_id) values (44, '44: Gandalf the Grey', false, 1, 19);
insert into virtual_machines(id, name, archived, organization_id, category_id) values (45, '45: Legolas', false, 1, 20);
insert into virtual_machines(id, name, archived, organization_id, category_id) values (46, '46: Samwise Gamgee', false, 1, 21);
insert into virtual_machines(id, name, archived, organization_id, category_id) values (47, '47: Elrond', false, 1, 22);
insert into virtual_machines(id, name, archived, organization_id, category_id) values (48, '48: Peregrin Took', false, 1, 23);
insert into virtual_machines(id, name, archived, organization_id, category_id) values (49, '49: Peregrin Took', false, 1, 24);
insert into virtual_machines(id, name, archived, organization_id, category_id) values (50, '50: Gimli', false, 1, 25);
insert into virtual_machines(id, name, archived, organization_id, category_id) values (51, '51: Shadowfax', false, 1, 1);
insert into virtual_machines(id, name, archived, organization_id, category_id) values (52, '52: Gandalf the Grey', false, 1, 2);
insert into virtual_machines(id, name, archived, organization_id, category_id) values (53, '53: Shelob', false, 1, 3);
insert into virtual_machines(id, name, archived, organization_id, category_id) values (54, '54: Shadowfax', false, 1, 4);
insert into virtual_machines(id, name, archived, organization_id, category_id) values (55, '55: Boromir', false, 1, 5);
insert into virtual_machines(id, name, archived, organization_id, category_id) values (56, '56: Barliman Butterbur', false, 1, 6);
insert into virtual_machines(id, name, archived, organization_id, category_id) values (57, '57: Bilbo Baggins', false, 1, 7);
insert into virtual_machines(id, name, archived, organization_id, category_id) values (58, '58: Glorfindel', false, 1, 8);
insert into virtual_machines(id, name, archived, organization_id, category_id) values (59, '59: Shelob', false, 1, 9);
insert into virtual_machines(id, name, archived, organization_id, category_id) values (60, '60: Legolas', false, 1, 10);
insert into virtual_machines(id, name, archived, organization_id, category_id) values (61, '61: Tom Bombadil', false, 1, 11);
insert into virtual_machines(id, name, archived, organization_id, category_id) values (62, '62: Beregond', false, 1, 12);
insert into virtual_machines(id, name, archived, organization_id, category_id) values (63, '63: Frodo Baggins', false, 1, 13);
insert into virtual_machines(id, name, archived, organization_id, category_id) values (64, '64: Éomer', false, 1, 14);
insert into virtual_machines(id, name, archived, organization_id, category_id) values (65, '65: Gandalf the Grey', false, 1, 15);
insert into virtual_machines(id, name, archived, organization_id, category_id) values (66, '66: Denethor', false, 1, 16);
insert into virtual_machines(id, name, archived, organization_id, category_id) values (67, '67: Shadowfax', false, 1, 17);
insert into virtual_machines(id, name, archived, organization_id, category_id) values (68, '68: Faramir', false, 1, 18);
insert into virtual_machines(id, name, archived, organization_id, category_id) values (69, '69: Barliman Butterbur', false, 1, 19);
insert into virtual_machines(id, name, archived, organization_id, category_id) values (70, '70: Galadriel', false, 1, 20);
insert into virtual_machines(id, name, archived, organization_id, category_id) values (71, '71: Beregond', false, 1, 21);
insert into virtual_machines(id, name, archived, organization_id, category_id) values (72, '72: Gollum', false, 1, 22);
insert into virtual_machines(id, name, archived, organization_id, category_id) values (73, '73: Arwen Evenstar', false, 1, 23);
insert into virtual_machines(id, name, archived, organization_id, category_id) values (74, '74: Glorfindel', false, 1, 24);
insert into virtual_machines(id, name, archived, organization_id, category_id) values (75, '75: Tom Bombadil', false, 1, 25);
insert into virtual_machines(id, name, archived, organization_id, category_id) values (76, '76: Boromir', false, 1, 1);
insert into virtual_machines(id, name, archived, organization_id, category_id) values (77, '77: Bilbo Baggins', false, 1, 2);
insert into virtual_machines(id, name, archived, organization_id, category_id) values (78, '78: Beregond', false, 1, 3);
insert into virtual_machines(id, name, archived, organization_id, category_id) values (79, '79: Gimli', false, 1, 4);
insert into virtual_machines(id, name, archived, organization_id, category_id) values (80, '80: Legolas', false, 1, 5);
insert into virtual_machines(id, name, archived, organization_id, category_id) values (81, '81: Gollum', false, 1, 6);
insert into virtual_machines(id, name, archived, organization_id, category_id) values (82, '82: Quickbeam', false, 1, 7);
insert into virtual_machines(id, name, archived, organization_id, category_id) values (83, '83: Galadriel', false, 1, 8);
insert into virtual_machines(id, name, archived, organization_id, category_id) values (84, '84: Samwise Gamgee', false, 1, 9);
insert into virtual_machines(id, name, archived, organization_id, category_id) values (85, '85: Théoden', false, 1, 10);
insert into virtual_machines(id, name, archived, organization_id, category_id) values (86, '86: Beregond', false, 1, 11);
insert into virtual_machines(id, name, archived, organization_id, category_id) values (87, '87: Meriadoc Brandybuck', false, 1, 12);
insert into virtual_machines(id, name, archived, organization_id, category_id) values (88, '88: Tom Bombadil', false, 1, 13);
insert into virtual_machines(id, name, archived, organization_id, category_id) values (89, '89: Shelob', false, 1, 14);
insert into virtual_machines(id, name, archived, organization_id, category_id) values (90, '90: Théoden', false, 1, 15);
insert into virtual_machines(id, name, archived, organization_id, category_id) values (91, '91: Glorfindel', false, 1, 16);
insert into virtual_machines(id, name, archived, organization_id, category_id) values (92, '92: Gollum', false, 1, 17);
insert into virtual_machines(id, name, archived, organization_id, category_id) values (93, '93: Quickbeam', false, 1, 18);
insert into virtual_machines(id, name, archived, organization_id, category_id) values (94, '94: Théoden', false, 1, 19);
insert into virtual_machines(id, name, archived, organization_id, category_id) values (95, '95: Théoden', false, 1, 20);
insert into virtual_machines(id, name, archived, organization_id, category_id) values (96, '96: Sauron', false, 1, 21);
insert into virtual_machines(id, name, archived, organization_id, category_id) values (97, '97: Meriadoc Brandybuck', false, 1, 22);
insert into virtual_machines(id, name, archived, organization_id, category_id) values (98, '98: Gandalf the Grey', false, 1, 23);
insert into virtual_machines(id, name, archived, organization_id, category_id) values (99, '99: Éowyn', false, 1, 24);
insert into virtual_machines(id, name, archived, organization_id, category_id) values (100, '100: Éomer', false, 1, 25);
insert into virtual_machines(id, name, archived, organization_id, category_id) values (101, '101: Beregond', false, 1, 1);
insert into virtual_machines(id, name, archived, organization_id, category_id) values (102, '102: Elrond', false, 1, 2);
insert into virtual_machines(id, name, archived, organization_id, category_id) values (103, '103: Meriadoc Brandybuck', false, 1, 3);
insert into virtual_machines(id, name, archived, organization_id, category_id) values (104, '104: Quickbeam', false, 1, 4);
insert into virtual_machines(id, name, archived, organization_id, category_id) values (105, '105: Galadriel', false, 1, 5);
insert into virtual_machines(id, name, archived, organization_id, category_id) values (106, '106: Shadowfax', false, 1, 6);
insert into virtual_machines(id, name, archived, organization_id, category_id) values (107, '107: Treebeard', false, 1, 7);
insert into virtual_machines(id, name, archived, organization_id, category_id) values (108, '108: Tom Bombadil', false, 1, 8);
insert into virtual_machines(id, name, archived, organization_id, category_id) values (109, '109: Éomer', false, 1, 9);
insert into virtual_machines(id, name, archived, organization_id, category_id) values (110, '110: Grìma Wormtongue', false, 1, 10);
insert into virtual_machines(id, name, archived, organization_id, category_id) values (111, '111: Éowyn', false, 1, 11);
insert into virtual_machines(id, name, archived, organization_id, category_id) values (112, '112: Grìma Wormtongue', false, 1, 12);
insert into virtual_machines(id, name, archived, organization_id, category_id) values (113, '113: Faramir', false, 1, 13);
insert into virtual_machines(id, name, archived, organization_id, category_id) values (114, '114: Grìma Wormtongue', false, 1, 14);
insert into virtual_machines(id, name, archived, organization_id, category_id) values (115, '115: Gollum', false, 1, 15);
insert into virtual_machines(id, name, archived, organization_id, category_id) values (116, '116: Shelob', false, 1, 16);
insert into virtual_machines(id, name, archived, organization_id, category_id) values (117, '117: Arwen Evenstar', false, 1, 17);
insert into virtual_machines(id, name, archived, organization_id, category_id) values (118, '118: Gollum', false, 1, 18);
insert into virtual_machines(id, name, archived, organization_id, category_id) values (119, '119: Gandalf the Grey', false, 1, 19);
insert into virtual_machines(id, name, archived, organization_id, category_id) values (120, '120: Grìma Wormtongue', false, 1, 20);
insert into virtual_machines(id, name, archived, organization_id, category_id) values (121, '121: Gimli', false, 1, 21);
insert into virtual_machines(id, name, archived, organization_id, category_id) values (122, '122: Legolas', false, 1, 22);
insert into virtual_machines(id, name, archived, organization_id, category_id) values (123, '123: Frodo Baggins', false, 1, 23);
insert into virtual_machines(id, name, archived, organization_id, category_id) values (124, '124: Aragorn', false, 1, 24);
insert into virtual_machines(id, name, archived, organization_id, category_id) values (125, '125: Frodo Baggins', false, 1, 25);
insert into virtual_machines(id, name, archived, organization_id, category_id) values (126, '126: Elrond', false, 1, 1);
insert into virtual_machines(id, name, archived, organization_id, category_id) values (127, '127: Arwen Evenstar', false, 1, 2);
insert into virtual_machines(id, name, archived, organization_id, category_id) values (128, '128: Shadowfax', false, 1, 3);
insert into virtual_machines(id, name, archived, organization_id, category_id) values (129, '129: Shadowfax', false, 1, 4);
insert into virtual_machines(id, name, archived, organization_id, category_id) values (130, '130: Meriadoc Brandybuck', false, 1, 5);
insert into virtual_machines(id, name, archived, organization_id, category_id) values (131, '131: Bilbo Baggins', false, 1, 6);
insert into virtual_machines(id, name, archived, organization_id, category_id) values (132, '132: Quickbeam', false, 1, 7);
insert into virtual_machines(id, name, archived, organization_id, category_id) values (133, '133: Meriadoc Brandybuck', false, 1, 8);
insert into virtual_machines(id, name, archived, organization_id, category_id) values (134, '134: Legolas', false, 1, 9);
insert into virtual_machines(id, name, archived, organization_id, category_id) values (135, '135: Aragorn', false, 1, 10);
insert into virtual_machines(id, name, archived, organization_id, category_id) values (136, '136: Éowyn', false, 1, 11);
insert into virtual_machines(id, name, archived, organization_id, category_id) values (137, '137: Elrond', false, 1, 12);
insert into virtual_machines(id, name, archived, organization_id, category_id) values (138, '138: Peregrin Took', false, 1, 13);
insert into virtual_machines(id, name, archived, organization_id, category_id) values (139, '139: Frodo Baggins', false, 1, 14);
insert into virtual_machines(id, name, archived, organization_id, category_id) values (140, '140: Shelob', false, 1, 15);
insert into virtual_machines(id, name, archived, organization_id, category_id) values (141, '141: Aragorn', false, 1, 16);
insert into virtual_machines(id, name, archived, organization_id, category_id) values (142, '142: Quickbeam', false, 1, 17);
insert into virtual_machines(id, name, archived, organization_id, category_id) values (143, '143: Éowyn', false, 1, 18);
insert into virtual_machines(id, name, archived, organization_id, category_id) values (144, '144: Sauron', false, 1, 19);
insert into virtual_machines(id, name, archived, organization_id, category_id) values (145, '145: Quickbeam', false, 1, 20);
insert into virtual_machines(id, name, archived, organization_id, category_id) values (146, '146: Sauron', false, 1, 21);
insert into virtual_machines(id, name, archived, organization_id, category_id) values (147, '147: Barliman Butterbur', false, 1, 22);
insert into virtual_machines(id, name, archived, organization_id, category_id) values (148, '148: Sauron', false, 1, 23);
insert into virtual_machines(id, name, archived, organization_id, category_id) values (149, '149: Gollum', false, 1, 24);
insert into virtual_machines(id, name, archived, organization_id, category_id) values (150, '150: Barliman Butterbur', false, 1, 25);
insert into virtual_machines(id, name, archived, organization_id, category_id) values (151, '151: Gollum', false, 1, 1);
insert into virtual_machines(id, name, archived, organization_id, category_id) values (152, '152: Legolas', false, 1, 2);
insert into virtual_machines(id, name, archived, organization_id, category_id) values (153, '153: Saruman the White', false, 1, 3);
insert into virtual_machines(id, name, archived, organization_id, category_id) values (154, '154: Faramir', false, 1, 4);
insert into virtual_machines(id, name, archived, organization_id, category_id) values (155, '155: Aragorn', false, 1, 5);
insert into virtual_machines(id, name, archived, organization_id, category_id) values (156, '156: Éowyn', false, 1, 6);
insert into virtual_machines(id, name, archived, organization_id, category_id) values (157, '157: Gandalf the Grey', false, 1, 7);
insert into virtual_machines(id, name, archived, organization_id, category_id) values (158, '158: Quickbeam', false, 1, 8);
insert into virtual_machines(id, name, archived, organization_id, category_id) values (159, '159: Galadriel', false, 1, 9);
insert into virtual_machines(id, name, archived, organization_id, category_id) values (160, '160: Sauron', false, 1, 10);
insert into virtual_machines(id, name, archived, organization_id, category_id) values (161, '161: Boromir', false, 1, 11);
insert into virtual_machines(id, name, archived, organization_id, category_id) values (162, '162: Saruman the White', false, 1, 12);
insert into virtual_machines(id, name, archived, organization_id, category_id) values (163, '163: Gandalf the Grey', false, 1, 13);
insert into virtual_machines(id, name, archived, organization_id, category_id) values (164, '164: Tom Bombadil', false, 1, 14);
insert into virtual_machines(id, name, archived, organization_id, category_id) values (165, '165: Shadowfax', false, 1, 15);
insert into virtual_machines(id, name, archived, organization_id, category_id) values (166, '166: Gandalf the Grey', false, 1, 16);
insert into virtual_machines(id, name, archived, organization_id, category_id) values (167, '167: Éowyn', false, 1, 17);
insert into virtual_machines(id, name, archived, organization_id, category_id) values (168, '168: Frodo Baggins', false, 1, 18);
insert into virtual_machines(id, name, archived, organization_id, category_id) values (169, '169: Galadriel', false, 1, 19);
insert into virtual_machines(id, name, archived, organization_id, category_id) values (170, '170: Gandalf the Grey', false, 1, 20);
insert into virtual_machines(id, name, archived, organization_id, category_id) values (171, '171: Frodo Baggins', false, 1, 21);
insert into virtual_machines(id, name, archived, organization_id, category_id) values (172, '172: Beregond', false, 1, 22);
insert into virtual_machines(id, name, archived, organization_id, category_id) values (173, '173: Denethor', false, 1, 23);
insert into virtual_machines(id, name, archived, organization_id, category_id) values (174, '174: Gimli', false, 1, 24);
insert into virtual_machines(id, name, archived, organization_id, category_id) values (175, '175: Galadriel', false, 1, 25);
insert into virtual_machines(id, name, archived, organization_id, category_id) values (176, '176: Beregond', false, 1, 1);
insert into virtual_machines(id, name, archived, organization_id, category_id) values (177, '177: Galadriel', false, 1, 2);
insert into virtual_machines(id, name, archived, organization_id, category_id) values (178, '178: Sauron', false, 1, 3);
insert into virtual_machines(id, name, archived, organization_id, category_id) values (179, '179: Aragorn', false, 1, 4);
insert into virtual_machines(id, name, archived, organization_id, category_id) values (180, '180: Sauron', false, 1, 5);
insert into virtual_machines(id, name, archived, organization_id, category_id) values (181, '181: Grìma Wormtongue', false, 1, 6);
insert into virtual_machines(id, name, archived, organization_id, category_id) values (182, '182: Treebeard', false, 1, 7);
insert into virtual_machines(id, name, archived, organization_id, category_id) values (183, '183: Gandalf the Grey', false, 1, 8);
insert into virtual_machines(id, name, archived, organization_id, category_id) values (184, '184: Aragorn', false, 1, 9);
insert into virtual_machines(id, name, archived, organization_id, category_id) values (185, '185: Glorfindel', false, 1, 10);
insert into virtual_machines(id, name, archived, organization_id, category_id) values (186, '186: Arwen Evenstar', false, 1, 11);
insert into virtual_machines(id, name, archived, organization_id, category_id) values (187, '187: Shadowfax', false, 1, 12);
insert into virtual_machines(id, name, archived, organization_id, category_id) values (188, '188: Aragorn', false, 1, 13);
insert into virtual_machines(id, name, archived, organization_id, category_id) values (189, '189: Arwen Evenstar', false, 1, 14);
insert into virtual_machines(id, name, archived, organization_id, category_id) values (190, '190: Samwise Gamgee', false, 1, 15);
insert into virtual_machines(id, name, archived, organization_id, category_id) values (191, '191: Saruman the White', false, 1, 16);
insert into virtual_machines(id, name, archived, organization_id, category_id) values (192, '192: Faramir', false, 1, 17);
insert into virtual_machines(id, name, archived, organization_id, category_id) values (193, '193: Elrond', false, 1, 18);
insert into virtual_machines(id, name, archived, organization_id, category_id) values (194, '194: Gandalf the Grey', false, 1, 19);
insert into virtual_machines(id, name, archived, organization_id, category_id) values (195, '195: Quickbeam', false, 1, 20);
insert into virtual_machines(id, name, archived, organization_id, category_id) values (196, '196: Denethor', false, 1, 21);
insert into virtual_machines(id, name, archived, organization_id, category_id) values (197, '197: Elrond', false, 1, 22);
insert into virtual_machines(id, name, archived, organization_id, category_id) values (198, '198: Éowyn', false, 1, 23);
insert into virtual_machines(id, name, archived, organization_id, category_id) values (199, '199: Grìma Wormtongue', false, 1, 24);
insert into virtual_machines(id, name, archived, organization_id, category_id) values (200, '200: Legolas', false, 1, 25);
insert into virtual_machines(id, name, archived, organization_id, category_id) values (201, '201: Glorfindel', false, 2, 1);
insert into virtual_machines(id, name, archived, organization_id, category_id) values (202, '202: Treebeard', false, 2, 2);
insert into virtual_machines(id, name, archived, organization_id, category_id) values (203, '203: Aragorn', false, 2, 3);
insert into virtual_machines(id, name, archived, organization_id, category_id) values (204, '204: Frodo Baggins', false, 2, 4);
insert into virtual_machines(id, name, archived, organization_id, category_id) values (205, '205: Beregond', false, 2, 5);
insert into virtual_machines(id, name, archived, organization_id, category_id) values (206, '206: Gimli', false, 2, 6);
insert into virtual_machines(id, name, archived, organization_id, category_id) values (207, '207: Tom Bombadil', false, 2, 7);
insert into virtual_machines(id, name, archived, organization_id, category_id) values (208, '208: Sauron', false, 2, 8);
insert into virtual_machines(id, name, archived, organization_id, category_id) values (209, '209: Glorfindel', false, 2, 9);
insert into virtual_machines(id, name, archived, organization_id, category_id) values (210, '210: Legolas', false, 2, 10);
insert into virtual_machines(id, name, archived, organization_id, category_id) values (211, '211: Frodo Baggins', false, 2, 11);
insert into virtual_machines(id, name, archived, organization_id, category_id) values (212, '212: Boromir', false, 2, 12);
insert into virtual_machines(id, name, archived, organization_id, category_id) values (213, '213: Denethor', false, 2, 13);
insert into virtual_machines(id, name, archived, organization_id, category_id) values (214, '214: Barliman Butterbur', false, 2, 14);
insert into virtual_machines(id, name, archived, organization_id, category_id) values (215, '215: Shelob', false, 2, 15);
insert into virtual_machines(id, name, archived, organization_id, category_id) values (216, '216: Éowyn', false, 2, 16);
insert into virtual_machines(id, name, archived, organization_id, category_id) values (217, '217: Théoden', false, 2, 17);
insert into virtual_machines(id, name, archived, organization_id, category_id) values (218, '218: Beregond', false, 2, 18);
insert into virtual_machines(id, name, archived, organization_id, category_id) values (219, '219: Gimli', false, 2, 19);
insert into virtual_machines(id, name, archived, organization_id, category_id) values (220, '220: Aragorn', false, 2, 20);
insert into virtual_machines(id, name, archived, organization_id, category_id) values (221, '221: Shadowfax', false, 2, 21);
insert into virtual_machines(id, name, archived, organization_id, category_id) values (222, '222: Saruman the White', false, 2, 22);
insert into virtual_machines(id, name, archived, organization_id, category_id) values (223, '223: Arwen Evenstar', false, 2, 23);
insert into virtual_machines(id, name, archived, organization_id, category_id) values (224, '224: Éowyn', false, 2, 24);
insert into virtual_machines(id, name, archived, organization_id, category_id) values (225, '225: Bilbo Baggins', false, 2, 25);
insert into virtual_machines(id, name, archived, organization_id, category_id) values (226, '226: Shadowfax', false, 2, 1);
insert into virtual_machines(id, name, archived, organization_id, category_id) values (227, '227: Éomer', false, 2, 2);
insert into virtual_machines(id, name, archived, organization_id, category_id) values (228, '228: Galadriel', false, 2, 3);
insert into virtual_machines(id, name, archived, organization_id, category_id) values (229, '229: Legolas', false, 2, 4);
insert into virtual_machines(id, name, archived, organization_id, category_id) values (230, '230: Boromir', false, 2, 5);
insert into virtual_machines(id, name, archived, organization_id, category_id) values (231, '231: Éowyn', false, 2, 6);
insert into virtual_machines(id, name, archived, organization_id, category_id) values (232, '232: Aragorn', false, 2, 7);
insert into virtual_machines(id, name, archived, organization_id, category_id) values (233, '233: Tom Bombadil', false, 2, 8);
insert into virtual_machines(id, name, archived, organization_id, category_id) values (234, '234: Grìma Wormtongue', false, 2, 9);
insert into virtual_machines(id, name, archived, organization_id, category_id) values (235, '235: Gollum', false, 2, 10);
insert into virtual_machines(id, name, archived, organization_id, category_id) values (236, '236: Aragorn', false, 2, 11);
insert into virtual_machines(id, name, archived, organization_id, category_id) values (237, '237: Shelob', false, 2, 12);
insert into virtual_machines(id, name, archived, organization_id, category_id) values (238, '238: Denethor', false, 2, 13);
insert into virtual_machines(id, name, archived, organization_id, category_id) values (239, '239: Denethor', false, 2, 14);
insert into virtual_machines(id, name, archived, organization_id, category_id) values (240, '240: Gollum', false, 2, 15);
insert into virtual_machines(id, name, archived, organization_id, category_id) values (241, '241: Peregrin Took', false, 2, 16);
insert into virtual_machines(id, name, archived, organization_id, category_id) values (242, '242: Saruman the White', false, 2, 17);
insert into virtual_machines(id, name, archived, organization_id, category_id) values (243, '243: Beregond', false, 2, 18);
insert into virtual_machines(id, name, archived, organization_id, category_id) values (244, '244: Meriadoc Brandybuck', false, 2, 19);
insert into virtual_machines(id, name, archived, organization_id, category_id) values (245, '245: Elrond', false, 2, 20);
insert into virtual_machines(id, name, archived, organization_id, category_id) values (246, '246: Samwise Gamgee', false, 2, 21);
insert into virtual_machines(id, name, archived, organization_id, category_id) values (247, '247: Denethor', false, 2, 22);
insert into virtual_machines(id, name, archived, organization_id, category_id) values (248, '248: Éowyn', false, 2, 23);
insert into virtual_machines(id, name, archived, organization_id, category_id) values (249, '249: Meriadoc Brandybuck', false, 2, 24);
insert into virtual_machines(id, name, archived, organization_id, category_id) values (250, '250: Boromir', false, 2, 25);
insert into virtual_machines(id, name, archived, organization_id, category_id) values (251, '251: Saruman the White', false, 2, 1);
insert into virtual_machines(id, name, archived, organization_id, category_id) values (252, '252: Théoden', false, 2, 2);
insert into virtual_machines(id, name, archived, organization_id, category_id) values (253, '253: Shelob', false, 2, 3);
insert into virtual_machines(id, name, archived, organization_id, category_id) values (254, '254: Denethor', false, 2, 4);
insert into virtual_machines(id, name, archived, organization_id, category_id) values (255, '255: Elrond', false, 2, 5);
insert into virtual_machines(id, name, archived, organization_id, category_id) values (256, '256: Denethor', false, 2, 6);
insert into virtual_machines(id, name, archived, organization_id, category_id) values (257, '257: Grìma Wormtongue', false, 2, 7);
insert into virtual_machines(id, name, archived, organization_id, category_id) values (258, '258: Boromir', false, 2, 8);
insert into virtual_machines(id, name, archived, organization_id, category_id) values (259, '259: Quickbeam', false, 2, 9);
insert into virtual_machines(id, name, archived, organization_id, category_id) values (260, '260: Tom Bombadil', false, 2, 10);
insert into virtual_machines(id, name, archived, organization_id, category_id) values (261, '261: Frodo Baggins', false, 2, 11);
insert into virtual_machines(id, name, archived, organization_id, category_id) values (262, '262: Gimli', false, 2, 12);
insert into virtual_machines(id, name, archived, organization_id, category_id) values (263, '263: Frodo Baggins', false, 2, 13);
insert into virtual_machines(id, name, archived, organization_id, category_id) values (264, '264: Shelob', false, 2, 14);
insert into virtual_machines(id, name, archived, organization_id, category_id) values (265, '265: Tom Bombadil', false, 2, 15);
insert into virtual_machines(id, name, archived, organization_id, category_id) values (266, '266: Frodo Baggins', false, 2, 16);
insert into virtual_machines(id, name, archived, organization_id, category_id) values (267, '267: Gimli', false, 2, 17);
insert into virtual_machines(id, name, archived, organization_id, category_id) values (268, '268: Frodo Baggins', false, 2, 18);
insert into virtual_machines(id, name, archived, organization_id, category_id) values (269, '269: Bilbo Baggins', false, 2, 19);
insert into virtual_machines(id, name, archived, organization_id, category_id) values (270, '270: Gandalf the Grey', false, 2, 20);
insert into virtual_machines(id, name, archived, organization_id, category_id) values (271, '271: Aragorn', false, 2, 21);
insert into virtual_machines(id, name, archived, organization_id, category_id) values (272, '272: Treebeard', false, 2, 22);
insert into virtual_machines(id, name, archived, organization_id, category_id) values (273, '273: Denethor', false, 2, 23);
insert into virtual_machines(id, name, archived, organization_id, category_id) values (274, '274: Treebeard', false, 2, 24);
insert into virtual_machines(id, name, archived, organization_id, category_id) values (275, '275: Aragorn', false, 2, 25);
insert into virtual_machines(id, name, archived, organization_id, category_id) values (276, '276: Samwise Gamgee', false, 2, 1);
insert into virtual_machines(id, name, archived, organization_id, category_id) values (277, '277: Éowyn', false, 2, 2);
insert into virtual_machines(id, name, archived, organization_id, category_id) values (278, '278: Gollum', false, 2, 3);
insert into virtual_machines(id, name, archived, organization_id, category_id) values (279, '279: Beregond', false, 2, 4);
insert into virtual_machines(id, name, archived, organization_id, category_id) values (280, '280: Denethor', false, 2, 5);
insert into virtual_machines(id, name, archived, organization_id, category_id) values (281, '281: Treebeard', false, 2, 6);
insert into virtual_machines(id, name, archived, organization_id, category_id) values (282, '282: Beregond', false, 2, 7);
insert into virtual_machines(id, name, archived, organization_id, category_id) values (283, '283: Legolas', false, 2, 8);
insert into virtual_machines(id, name, archived, organization_id, category_id) values (284, '284: Gollum', false, 2, 9);
insert into virtual_machines(id, name, archived, organization_id, category_id) values (285, '285: Aragorn', false, 2, 10);
insert into virtual_machines(id, name, archived, organization_id, category_id) values (286, '286: Gollum', false, 2, 11);
insert into virtual_machines(id, name, archived, organization_id, category_id) values (287, '287: Gollum', false, 2, 12);
insert into virtual_machines(id, name, archived, organization_id, category_id) values (288, '288: Glorfindel', false, 2, 13);
insert into virtual_machines(id, name, archived, organization_id, category_id) values (289, '289: Boromir', false, 2, 14);
insert into virtual_machines(id, name, archived, organization_id, category_id) values (290, '290: Denethor', false, 2, 15);
insert into virtual_machines(id, name, archived, organization_id, category_id) values (291, '291: Frodo Baggins', false, 2, 16);
insert into virtual_machines(id, name, archived, organization_id, category_id) values (292, '292: Beregond', false, 2, 17);
insert into virtual_machines(id, name, archived, organization_id, category_id) values (293, '293: Denethor', false, 2, 18);
insert into virtual_machines(id, name, archived, organization_id, category_id) values (294, '294: Sauron', false, 2, 19);
insert into virtual_machines(id, name, archived, organization_id, category_id) values (295, '295: Peregrin Took', false, 2, 20);
insert into virtual_machines(id, name, archived, organization_id, category_id) values (296, '296: Frodo Baggins', false, 2, 21);
insert into virtual_machines(id, name, archived, organization_id, category_id) values (297, '297: Gandalf the Grey', false, 2, 22);
insert into virtual_machines(id, name, archived, organization_id, category_id) values (298, '298: Elrond', false, 2, 23);
insert into virtual_machines(id, name, archived, organization_id, category_id) values (299, '299: Sauron', false, 2, 24);
insert into virtual_machines(id, name, archived, organization_id, category_id) values (300, '300: Bilbo Baggins', false, 2, 25);
insert into virtual_machines(id, name, archived, organization_id, category_id) values (301, '301: Boromir', false, 2, 1);
insert into virtual_machines(id, name, archived, organization_id, category_id) values (302, '302: Quickbeam', false, 2, 2);
insert into virtual_machines(id, name, archived, organization_id, category_id) values (303, '303: Boromir', false, 2, 3);
insert into virtual_machines(id, name, archived, organization_id, category_id) values (304, '304: Boromir', false, 2, 4);
insert into virtual_machines(id, name, archived, organization_id, category_id) values (305, '305: Beregond', false, 2, 5);
insert into virtual_machines(id, name, archived, organization_id, category_id) values (306, '306: Grìma Wormtongue', false, 2, 6);
insert into virtual_machines(id, name, archived, organization_id, category_id) values (307, '307: Meriadoc Brandybuck', false, 2, 7);
insert into virtual_machines(id, name, archived, organization_id, category_id) values (308, '308: Frodo Baggins', false, 2, 8);
insert into virtual_machines(id, name, archived, organization_id, category_id) values (309, '309: Frodo Baggins', false, 2, 9);
insert into virtual_machines(id, name, archived, organization_id, category_id) values (310, '310: Samwise Gamgee', false, 2, 10);
insert into virtual_machines(id, name, archived, organization_id, category_id) values (311, '311: Boromir', false, 2, 11);
insert into virtual_machines(id, name, archived, organization_id, category_id) values (312, '312: Théoden', false, 2, 12);
insert into virtual_machines(id, name, archived, organization_id, category_id) values (313, '313: Treebeard', false, 2, 13);
insert into virtual_machines(id, name, archived, organization_id, category_id) values (314, '314: Beregond', false, 2, 14);
insert into virtual_machines(id, name, archived, organization_id, category_id) values (315, '315: Barliman Butterbur', false, 2, 15);
insert into virtual_machines(id, name, archived, organization_id, category_id) values (316, '316: Quickbeam', false, 2, 16);
insert into virtual_machines(id, name, archived, organization_id, category_id) values (317, '317: Glorfindel', false, 2, 17);
insert into virtual_machines(id, name, archived, organization_id, category_id) values (318, '318: Legolas', false, 2, 18);
insert into virtual_machines(id, name, archived, organization_id, category_id) values (319, '319: Tom Bombadil', false, 2, 19);
insert into virtual_machines(id, name, archived, organization_id, category_id) values (320, '320: Éowyn', false, 2, 20);
insert into virtual_machines(id, name, archived, organization_id, category_id) values (321, '321: Gandalf the Grey', false, 2, 21);
insert into virtual_machines(id, name, archived, organization_id, category_id) values (322, '322: Éomer', false, 2, 22);
insert into virtual_machines(id, name, archived, organization_id, category_id) values (323, '323: Treebeard', false, 2, 23);
insert into virtual_machines(id, name, archived, organization_id, category_id) values (324, '324: Éowyn', false, 2, 24);
insert into virtual_machines(id, name, archived, organization_id, category_id) values (325, '325: Gandalf the Grey', false, 2, 25);
insert into virtual_machines(id, name, archived, organization_id, category_id) values (326, '326: Glorfindel', false, 2, 1);
insert into virtual_machines(id, name, archived, organization_id, category_id) values (327, '327: Aragorn', false, 2, 2);
insert into virtual_machines(id, name, archived, organization_id, category_id) values (328, '328: Elrond', false, 2, 3);
insert into virtual_machines(id, name, archived, organization_id, category_id) values (329, '329: Éomer', false, 2, 4);
insert into virtual_machines(id, name, archived, organization_id, category_id) values (330, '330: Gandalf the Grey', false, 2, 5);
insert into virtual_machines(id, name, archived, organization_id, category_id) values (331, '331: Tom Bombadil', false, 2, 6);
insert into virtual_machines(id, name, archived, organization_id, category_id) values (332, '332: Shadowfax', false, 2, 7);
insert into virtual_machines(id, name, archived, organization_id, category_id) values (333, '333: Aragorn', false, 2, 8);
insert into virtual_machines(id, name, archived, organization_id, category_id) values (334, '334: Sauron', false, 2, 9);
insert into virtual_machines(id, name, archived, organization_id, category_id) values (335, '335: Grìma Wormtongue', false, 2, 10);
insert into virtual_machines(id, name, archived, organization_id, category_id) values (336, '336: Aragorn', false, 2, 11);
insert into virtual_machines(id, name, archived, organization_id, category_id) values (337, '337: Tom Bombadil', false, 2, 12);
insert into virtual_machines(id, name, archived, organization_id, category_id) values (338, '338: Shadowfax', false, 2, 13);
insert into virtual_machines(id, name, archived, organization_id, category_id) values (339, '339: Peregrin Took', false, 2, 14);
insert into virtual_machines(id, name, archived, organization_id, category_id) values (340, '340: Galadriel', false, 2, 15);
insert into virtual_machines(id, name, archived, organization_id, category_id) values (341, '341: Gandalf the Grey', false, 2, 16);
insert into virtual_machines(id, name, archived, organization_id, category_id) values (342, '342: Denethor', false, 2, 17);
insert into virtual_machines(id, name, archived, organization_id, category_id) values (343, '343: Bilbo Baggins', false, 2, 18);
insert into virtual_machines(id, name, archived, organization_id, category_id) values (344, '344: Beregond', false, 2, 19);
insert into virtual_machines(id, name, archived, organization_id, category_id) values (345, '345: Sauron', false, 2, 20);
insert into virtual_machines(id, name, archived, organization_id, category_id) values (346, '346: Samwise Gamgee', false, 2, 21);
insert into virtual_machines(id, name, archived, organization_id, category_id) values (347, '347: Aragorn', false, 2, 22);
insert into virtual_machines(id, name, archived, organization_id, category_id) values (348, '348: Faramir', false, 2, 23);
insert into virtual_machines(id, name, archived, organization_id, category_id) values (349, '349: Gandalf the Grey', false, 2, 24);
insert into virtual_machines(id, name, archived, organization_id, category_id) values (350, '350: Shadowfax', false, 2, 25);
insert into virtual_machines(id, name, archived, organization_id, category_id) values (351, '351: Elrond', false, 2, 1);
insert into virtual_machines(id, name, archived, organization_id, category_id) values (352, '352: Elrond', false, 2, 2);
insert into virtual_machines(id, name, archived, organization_id, category_id) values (353, '353: Éowyn', false, 2, 3);
insert into virtual_machines(id, name, archived, organization_id, category_id) values (354, '354: Treebeard', false, 2, 4);
insert into virtual_machines(id, name, archived, organization_id, category_id) values (355, '355: Gimli', false, 2, 5);
insert into virtual_machines(id, name, archived, organization_id, category_id) values (356, '356: Gimli', false, 2, 6);
insert into virtual_machines(id, name, archived, organization_id, category_id) values (357, '357: Théoden', false, 2, 7);
insert into virtual_machines(id, name, archived, organization_id, category_id) values (358, '358: Éomer', false, 2, 8);
insert into virtual_machines(id, name, archived, organization_id, category_id) values (359, '359: Shelob', false, 2, 9);
insert into virtual_machines(id, name, archived, organization_id, category_id) values (360, '360: Théoden', false, 2, 10);
insert into virtual_machines(id, name, archived, organization_id, category_id) values (361, '361: Treebeard', false, 2, 11);
insert into virtual_machines(id, name, archived, organization_id, category_id) values (362, '362: Grìma Wormtongue', false, 2, 12);
insert into virtual_machines(id, name, archived, organization_id, category_id) values (363, '363: Sauron', false, 2, 13);
insert into virtual_machines(id, name, archived, organization_id, category_id) values (364, '364: Denethor', false, 2, 14);
insert into virtual_machines(id, name, archived, organization_id, category_id) values (365, '365: Grìma Wormtongue', false, 2, 15);
insert into virtual_machines(id, name, archived, organization_id, category_id) values (366, '366: Aragorn', false, 2, 16);
insert into virtual_machines(id, name, archived, organization_id, category_id) values (367, '367: Gandalf the Grey', false, 2, 17);
insert into virtual_machines(id, name, archived, organization_id, category_id) values (368, '368: Glorfindel', false, 2, 18);
insert into virtual_machines(id, name, archived, organization_id, category_id) values (369, '369: Elrond', false, 2, 19);
insert into virtual_machines(id, name, archived, organization_id, category_id) values (370, '370: Beregond', false, 2, 20);
insert into virtual_machines(id, name, archived, organization_id, category_id) values (371, '371: Frodo Baggins', false, 2, 21);
insert into virtual_machines(id, name, archived, organization_id, category_id) values (372, '372: Grìma Wormtongue', false, 2, 22);
insert into virtual_machines(id, name, archived, organization_id, category_id) values (373, '373: Bilbo Baggins', false, 2, 23);
insert into virtual_machines(id, name, archived, organization_id, category_id) values (374, '374: Théoden', false, 2, 24);
insert into virtual_machines(id, name, archived, organization_id, category_id) values (375, '375: Boromir', false, 2, 25);
insert into virtual_machines(id, name, archived, organization_id, category_id) values (376, '376: Elrond', false, 2, 1);
insert into virtual_machines(id, name, archived, organization_id, category_id) values (377, '377: Meriadoc Brandybuck', false, 2, 2);
insert into virtual_machines(id, name, archived, organization_id, category_id) values (378, '378: Éomer', false, 2, 3);
insert into virtual_machines(id, name, archived, organization_id, category_id) values (379, '379: Éowyn', false, 2, 4);
insert into virtual_machines(id, name, archived, organization_id, category_id) values (380, '380: Quickbeam', false, 2, 5);
insert into virtual_machines(id, name, archived, organization_id, category_id) values (381, '381: Denethor', false, 2, 6);
insert into virtual_machines(id, name, archived, organization_id, category_id) values (382, '382: Gollum', false, 2, 7);
insert into virtual_machines(id, name, archived, organization_id, category_id) values (383, '383: Legolas', false, 2, 8);
insert into virtual_machines(id, name, archived, organization_id, category_id) values (384, '384: Beregond', false, 2, 9);
insert into virtual_machines(id, name, archived, organization_id, category_id) values (385, '385: Gimli', false, 2, 10);
insert into virtual_machines(id, name, archived, organization_id, category_id) values (386, '386: Éomer', false, 2, 11);
insert into virtual_machines(id, name, archived, organization_id, category_id) values (387, '387: Gollum', false, 2, 12);
insert into virtual_machines(id, name, archived, organization_id, category_id) values (388, '388: Gimli', false, 2, 13);
insert into virtual_machines(id, name, archived, organization_id, category_id) values (389, '389: Galadriel', false, 2, 14);
insert into virtual_machines(id, name, archived, organization_id, category_id) values (390, '390: Denethor', false, 2, 15);
insert into virtual_machines(id, name, archived, organization_id, category_id) values (391, '391: Elrond', false, 2, 16);
insert into virtual_machines(id, name, archived, organization_id, category_id) values (392, '392: Meriadoc Brandybuck', false, 2, 17);
insert into virtual_machines(id, name, archived, organization_id, category_id) values (393, '393: Frodo Baggins', false, 2, 18);
insert into virtual_machines(id, name, archived, organization_id, category_id) values (394, '394: Glorfindel', false, 2, 19);
insert into virtual_machines(id, name, archived, organization_id, category_id) values (395, '395: Samwise Gamgee', false, 2, 20);
insert into virtual_machines(id, name, archived, organization_id, category_id) values (396, '396: Gollum', false, 2, 21);
insert into virtual_machines(id, name, archived, organization_id, category_id) values (397, '397: Peregrin Took', false, 2, 22);
insert into virtual_machines(id, name, archived, organization_id, category_id) values (398, '398: Quickbeam', false, 2, 23);
insert into virtual_machines(id, name, archived, organization_id, category_id) values (399, '399: Denethor', false, 2, 24);
insert into virtual_machines(id, name, archived, organization_id, category_id) values (400, '400: Faramir', false, 2, 25);
insert into virtual_machines(id, name, archived, organization_id, category_id) values (401, '401: Beregond', false, 3, 1);
insert into virtual_machines(id, name, archived, organization_id, category_id) values (402, '402: Aragorn', false, 3, 2);
insert into virtual_machines(id, name, archived, organization_id, category_id) values (403, '403: Denethor', false, 3, 3);
insert into virtual_machines(id, name, archived, organization_id, category_id) values (404, '404: Éomer', false, 3, 4);
insert into virtual_machines(id, name, archived, organization_id, category_id) values (405, '405: Gollum', false, 3, 5);
insert into virtual_machines(id, name, archived, organization_id, category_id) values (406, '406: Treebeard', false, 3, 6);
insert into virtual_machines(id, name, archived, organization_id, category_id) values (407, '407: Grìma Wormtongue', false, 3, 7);
insert into virtual_machines(id, name, archived, organization_id, category_id) values (408, '408: Théoden', false, 3, 8);
insert into virtual_machines(id, name, archived, organization_id, category_id) values (409, '409: Galadriel', false, 3, 9);
insert into virtual_machines(id, name, archived, organization_id, category_id) values (410, '410: Boromir', false, 3, 10);
insert into virtual_machines(id, name, archived, organization_id, category_id) values (411, '411: Legolas', false, 3, 11);
insert into virtual_machines(id, name, archived, organization_id, category_id) values (412, '412: Samwise Gamgee', false, 3, 12);
insert into virtual_machines(id, name, archived, organization_id, category_id) values (413, '413: Boromir', false, 3, 13);
insert into virtual_machines(id, name, archived, organization_id, category_id) values (414, '414: Éowyn', false, 3, 14);
insert into virtual_machines(id, name, archived, organization_id, category_id) values (415, '415: Barliman Butterbur', false, 3, 15);
insert into virtual_machines(id, name, archived, organization_id, category_id) values (416, '416: Shadowfax', false, 3, 16);
insert into virtual_machines(id, name, archived, organization_id, category_id) values (417, '417: Saruman the White', false, 3, 17);
insert into virtual_machines(id, name, archived, organization_id, category_id) values (418, '418: Faramir', false, 3, 18);
insert into virtual_machines(id, name, archived, organization_id, category_id) values (419, '419: Arwen Evenstar', false, 3, 19);
insert into virtual_machines(id, name, archived, organization_id, category_id) values (420, '420: Peregrin Took', false, 3, 20);
insert into virtual_machines(id, name, archived, organization_id, category_id) values (421, '421: Éowyn', false, 3, 21);
insert into virtual_machines(id, name, archived, organization_id, category_id) values (422, '422: Treebeard', false, 3, 22);
insert into virtual_machines(id, name, archived, organization_id, category_id) values (423, '423: Grìma Wormtongue', false, 3, 23);
insert into virtual_machines(id, name, archived, organization_id, category_id) values (424, '424: Tom Bombadil', false, 3, 24);
insert into virtual_machines(id, name, archived, organization_id, category_id) values (425, '425: Quickbeam', false, 3, 25);
insert into virtual_machines(id, name, archived, organization_id, category_id) values (426, '426: Gimli', false, 3, 1);
insert into virtual_machines(id, name, archived, organization_id, category_id) values (427, '427: Sauron', false, 3, 2);
insert into virtual_machines(id, name, archived, organization_id, category_id) values (428, '428: Boromir', false, 3, 3);
insert into virtual_machines(id, name, archived, organization_id, category_id) values (429, '429: Galadriel', false, 3, 4);
insert into virtual_machines(id, name, archived, organization_id, category_id) values (430, '430: Aragorn', false, 3, 5);
insert into virtual_machines(id, name, archived, organization_id, category_id) values (431, '431: Frodo Baggins', false, 3, 6);
insert into virtual_machines(id, name, archived, organization_id, category_id) values (432, '432: Treebeard', false, 3, 7);
insert into virtual_machines(id, name, archived, organization_id, category_id) values (433, '433: Tom Bombadil', false, 3, 8);
insert into virtual_machines(id, name, archived, organization_id, category_id) values (434, '434: Samwise Gamgee', false, 3, 9);
insert into virtual_machines(id, name, archived, organization_id, category_id) values (435, '435: Bilbo Baggins', false, 3, 10);
insert into virtual_machines(id, name, archived, organization_id, category_id) values (436, '436: Aragorn', false, 3, 11);
insert into virtual_machines(id, name, archived, organization_id, category_id) values (437, '437: Samwise Gamgee', false, 3, 12);
insert into virtual_machines(id, name, archived, organization_id, category_id) values (438, '438: Frodo Baggins', false, 3, 13);
insert into virtual_machines(id, name, archived, organization_id, category_id) values (439, '439: Gimli', false, 3, 14);
insert into virtual_machines(id, name, archived, organization_id, category_id) values (440, '440: Quickbeam', false, 3, 15);
insert into virtual_machines(id, name, archived, organization_id, category_id) values (441, '441: Beregond', false, 3, 16);
insert into virtual_machines(id, name, archived, organization_id, category_id) values (442, '442: Peregrin Took', false, 3, 17);
insert into virtual_machines(id, name, archived, organization_id, category_id) values (443, '443: Shelob', false, 3, 18);
insert into virtual_machines(id, name, archived, organization_id, category_id) values (444, '444: Théoden', false, 3, 19);
insert into virtual_machines(id, name, archived, organization_id, category_id) values (445, '445: Saruman the White', false, 3, 20);
insert into virtual_machines(id, name, archived, organization_id, category_id) values (446, '446: Gimli', false, 3, 21);
insert into virtual_machines(id, name, archived, organization_id, category_id) values (447, '447: Sauron', false, 3, 22);
insert into virtual_machines(id, name, archived, organization_id, category_id) values (448, '448: Gollum', false, 3, 23);
insert into virtual_machines(id, name, archived, organization_id, category_id) values (449, '449: Saruman the White', false, 3, 24);
insert into virtual_machines(id, name, archived, organization_id, category_id) values (450, '450: Gimli', false, 3, 25);
insert into virtual_machines(id, name, archived, organization_id, category_id) values (451, '451: Quickbeam', false, 3, 1);
insert into virtual_machines(id, name, archived, organization_id, category_id) values (452, '452: Saruman the White', false, 3, 2);
insert into virtual_machines(id, name, archived, organization_id, category_id) values (453, '453: Meriadoc Brandybuck', false, 3, 3);
insert into virtual_machines(id, name, archived, organization_id, category_id) values (454, '454: Faramir', false, 3, 4);
insert into virtual_machines(id, name, archived, organization_id, category_id) values (455, '455: Sauron', false, 3, 5);
insert into virtual_machines(id, name, archived, organization_id, category_id) values (456, '456: Treebeard', false, 3, 6);
insert into virtual_machines(id, name, archived, organization_id, category_id) values (457, '457: Glorfindel', false, 3, 7);
insert into virtual_machines(id, name, archived, organization_id, category_id) values (458, '458: Shelob', false, 3, 8);
insert into virtual_machines(id, name, archived, organization_id, category_id) values (459, '459: Shadowfax', false, 3, 9);
insert into virtual_machines(id, name, archived, organization_id, category_id) values (460, '460: Shelob', false, 3, 10);
insert into virtual_machines(id, name, archived, organization_id, category_id) values (461, '461: Peregrin Took', false, 3, 11);
insert into virtual_machines(id, name, archived, organization_id, category_id) values (462, '462: Gimli', false, 3, 12);
insert into virtual_machines(id, name, archived, organization_id, category_id) values (463, '463: Treebeard', false, 3, 13);
insert into virtual_machines(id, name, archived, organization_id, category_id) values (464, '464: Aragorn', false, 3, 14);
insert into virtual_machines(id, name, archived, organization_id, category_id) values (465, '465: Quickbeam', false, 3, 15);
insert into virtual_machines(id, name, archived, organization_id, category_id) values (466, '466: Sauron', false, 3, 16);
insert into virtual_machines(id, name, archived, organization_id, category_id) values (467, '467: Quickbeam', false, 3, 17);
insert into virtual_machines(id, name, archived, organization_id, category_id) values (468, '468: Sauron', false, 3, 18);
insert into virtual_machines(id, name, archived, organization_id, category_id) values (469, '469: Sauron', false, 3, 19);
insert into virtual_machines(id, name, archived, organization_id, category_id) values (470, '470: Barliman Butterbur', false, 3, 20);
insert into virtual_machines(id, name, archived, organization_id, category_id) values (471, '471: Shadowfax', false, 3, 21);
insert into virtual_machines(id, name, archived, organization_id, category_id) values (472, '472: Barliman Butterbur', false, 3, 22);
insert into virtual_machines(id, name, archived, organization_id, category_id) values (473, '473: Sauron', false, 3, 23);
insert into virtual_machines(id, name, archived, organization_id, category_id) values (474, '474: Legolas', false, 3, 24);
insert into virtual_machines(id, name, archived, organization_id, category_id) values (475, '475: Arwen Evenstar', false, 3, 25);
insert into virtual_machines(id, name, archived, organization_id, category_id) values (476, '476: Éowyn', false, 3, 1);
insert into virtual_machines(id, name, archived, organization_id, category_id) values (477, '477: Aragorn', false, 3, 2);
insert into virtual_machines(id, name, archived, organization_id, category_id) values (478, '478: Faramir', false, 3, 3);
insert into virtual_machines(id, name, archived, organization_id, category_id) values (479, '479: Meriadoc Brandybuck', false, 3, 4);
insert into virtual_machines(id, name, archived, organization_id, category_id) values (480, '480: Tom Bombadil', false, 3, 5);
insert into virtual_machines(id, name, archived, organization_id, category_id) values (481, '481: Denethor', false, 3, 6);
insert into virtual_machines(id, name, archived, organization_id, category_id) values (482, '482: Meriadoc Brandybuck', false, 3, 7);
insert into virtual_machines(id, name, archived, organization_id, category_id) values (483, '483: Shadowfax', false, 3, 8);
insert into virtual_machines(id, name, archived, organization_id, category_id) values (484, '484: Arwen Evenstar', false, 3, 9);
insert into virtual_machines(id, name, archived, organization_id, category_id) values (485, '485: Galadriel', false, 3, 10);
insert into virtual_machines(id, name, archived, organization_id, category_id) values (486, '486: Bilbo Baggins', false, 3, 11);
insert into virtual_machines(id, name, archived, organization_id, category_id) values (487, '487: Treebeard', false, 3, 12);
insert into virtual_machines(id, name, archived, organization_id, category_id) values (488, '488: Galadriel', false, 3, 13);
insert into virtual_machines(id, name, archived, organization_id, category_id) values (489, '489: Samwise Gamgee', false, 3, 14);
insert into virtual_machines(id, name, archived, organization_id, category_id) values (490, '490: Quickbeam', false, 3, 15);
insert into virtual_machines(id, name, archived, organization_id, category_id) values (491, '491: Saruman the White', false, 3, 16);
insert into virtual_machines(id, name, archived, organization_id, category_id) values (492, '492: Éowyn', false, 3, 17);
insert into virtual_machines(id, name, archived, organization_id, category_id) values (493, '493: Éowyn', false, 3, 18);
insert into virtual_machines(id, name, archived, organization_id, category_id) values (494, '494: Quickbeam', false, 3, 19);
insert into virtual_machines(id, name, archived, organization_id, category_id) values (495, '495: Arwen Evenstar', false, 3, 20);
insert into virtual_machines(id, name, archived, organization_id, category_id) values (496, '496: Saruman the White', false, 3, 21);
insert into virtual_machines(id, name, archived, organization_id, category_id) values (497, '497: Gandalf the Grey', false, 3, 22);
insert into virtual_machines(id, name, archived, organization_id, category_id) values (498, '498: Théoden', false, 3, 23);
insert into virtual_machines(id, name, archived, organization_id, category_id) values (499, '499: Faramir', false, 3, 24);
insert into virtual_machines(id, name, archived, organization_id, category_id) values (500, '500: Aragorn', false, 3, 25);
insert into virtual_machines(id, name, archived, organization_id, category_id) values (501, '501: Arwen Evenstar', false, 3, 1);
insert into virtual_machines(id, name, archived, organization_id, category_id) values (502, '502: Faramir', false, 3, 2);
insert into virtual_machines(id, name, archived, organization_id, category_id) values (503, '503: Barliman Butterbur', false, 3, 3);
insert into virtual_machines(id, name, archived, organization_id, category_id) values (504, '504: Legolas', false, 3, 4);
insert into virtual_machines(id, name, archived, organization_id, category_id) values (505, '505: Éomer', false, 3, 5);
insert into virtual_machines(id, name, archived, organization_id, category_id) values (506, '506: Meriadoc Brandybuck', false, 3, 6);
insert into virtual_machines(id, name, archived, organization_id, category_id) values (507, '507: Tom Bombadil', false, 3, 7);
insert into virtual_machines(id, name, archived, organization_id, category_id) values (508, '508: Gimli', false, 3, 8);
insert into virtual_machines(id, name, archived, organization_id, category_id) values (509, '509: Shadowfax', false, 3, 9);
insert into virtual_machines(id, name, archived, organization_id, category_id) values (510, '510: Shadowfax', false, 3, 10);
insert into virtual_machines(id, name, archived, organization_id, category_id) values (511, '511: Shelob', false, 3, 11);
insert into virtual_machines(id, name, archived, organization_id, category_id) values (512, '512: Gollum', false, 3, 12);
insert into virtual_machines(id, name, archived, organization_id, category_id) values (513, '513: Shelob', false, 3, 13);
insert into virtual_machines(id, name, archived, organization_id, category_id) values (514, '514: Glorfindel', false, 3, 14);
insert into virtual_machines(id, name, archived, organization_id, category_id) values (515, '515: Gandalf the Grey', false, 3, 15);
insert into virtual_machines(id, name, archived, organization_id, category_id) values (516, '516: Frodo Baggins', false, 3, 16);
insert into virtual_machines(id, name, archived, organization_id, category_id) values (517, '517: Shadowfax', false, 3, 17);
insert into virtual_machines(id, name, archived, organization_id, category_id) values (518, '518: Shelob', false, 3, 18);
insert into virtual_machines(id, name, archived, organization_id, category_id) values (519, '519: Frodo Baggins', false, 3, 19);
insert into virtual_machines(id, name, archived, organization_id, category_id) values (520, '520: Treebeard', false, 3, 20);
insert into virtual_machines(id, name, archived, organization_id, category_id) values (521, '521: Grìma Wormtongue', false, 3, 21);
insert into virtual_machines(id, name, archived, organization_id, category_id) values (522, '522: Tom Bombadil', false, 3, 22);
insert into virtual_machines(id, name, archived, organization_id, category_id) values (523, '523: Tom Bombadil', false, 3, 23);
insert into virtual_machines(id, name, archived, organization_id, category_id) values (524, '524: Quickbeam', false, 3, 24);
insert into virtual_machines(id, name, archived, organization_id, category_id) values (525, '525: Bilbo Baggins', false, 3, 25);
insert into virtual_machines(id, name, archived, organization_id, category_id) values (526, '526: Glorfindel', false, 3, 1);
insert into virtual_machines(id, name, archived, organization_id, category_id) values (527, '527: Bilbo Baggins', false, 3, 2);
insert into virtual_machines(id, name, archived, organization_id, category_id) values (528, '528: Éowyn', false, 3, 3);
insert into virtual_machines(id, name, archived, organization_id, category_id) values (529, '529: Boromir', false, 3, 4);
insert into virtual_machines(id, name, archived, organization_id, category_id) values (530, '530: Legolas', false, 3, 5);
insert into virtual_machines(id, name, archived, organization_id, category_id) values (531, '531: Saruman the White', false, 3, 6);
insert into virtual_machines(id, name, archived, organization_id, category_id) values (532, '532: Samwise Gamgee', false, 3, 7);
insert into virtual_machines(id, name, archived, organization_id, category_id) values (533, '533: Sauron', false, 3, 8);
insert into virtual_machines(id, name, archived, organization_id, category_id) values (534, '534: Bilbo Baggins', false, 3, 9);
insert into virtual_machines(id, name, archived, organization_id, category_id) values (535, '535: Quickbeam', false, 3, 10);
insert into virtual_machines(id, name, archived, organization_id, category_id) values (536, '536: Treebeard', false, 3, 11);
insert into virtual_machines(id, name, archived, organization_id, category_id) values (537, '537: Samwise Gamgee', false, 3, 12);
insert into virtual_machines(id, name, archived, organization_id, category_id) values (538, '538: Bilbo Baggins', false, 3, 13);
insert into virtual_machines(id, name, archived, organization_id, category_id) values (539, '539: Samwise Gamgee', false, 3, 14);
insert into virtual_machines(id, name, archived, organization_id, category_id) values (540, '540: Treebeard', false, 3, 15);
insert into virtual_machines(id, name, archived, organization_id, category_id) values (541, '541: Elrond', false, 3, 16);
insert into virtual_machines(id, name, archived, organization_id, category_id) values (542, '542: Shelob', false, 3, 17);
insert into virtual_machines(id, name, archived, organization_id, category_id) values (543, '543: Frodo Baggins', false, 3, 18);
insert into virtual_machines(id, name, archived, organization_id, category_id) values (544, '544: Glorfindel', false, 3, 19);
insert into virtual_machines(id, name, archived, organization_id, category_id) values (545, '545: Elrond', false, 3, 20);
insert into virtual_machines(id, name, archived, organization_id, category_id) values (546, '546: Meriadoc Brandybuck', false, 3, 21);
insert into virtual_machines(id, name, archived, organization_id, category_id) values (547, '547: Shelob', false, 3, 22);
insert into virtual_machines(id, name, archived, organization_id, category_id) values (548, '548: Aragorn', false, 3, 23);
insert into virtual_machines(id, name, archived, organization_id, category_id) values (549, '549: Arwen Evenstar', false, 3, 24);
insert into virtual_machines(id, name, archived, organization_id, category_id) values (550, '550: Éowyn', false, 3, 25);
insert into virtual_machines(id, name, archived, organization_id, category_id) values (551, '551: Samwise Gamgee', false, 3, 1);
insert into virtual_machines(id, name, archived, organization_id, category_id) values (552, '552: Glorfindel', false, 3, 2);
insert into virtual_machines(id, name, archived, organization_id, category_id) values (553, '553: Tom Bombadil', false, 3, 3);
insert into virtual_machines(id, name, archived, organization_id, category_id) values (554, '554: Sauron', false, 3, 4);
insert into virtual_machines(id, name, archived, organization_id, category_id) values (555, '555: Gimli', false, 3, 5);
insert into virtual_machines(id, name, archived, organization_id, category_id) values (556, '556: Legolas', false, 3, 6);
insert into virtual_machines(id, name, archived, organization_id, category_id) values (557, '557: Samwise Gamgee', false, 3, 7);
insert into virtual_machines(id, name, archived, organization_id, category_id) values (558, '558: Quickbeam', false, 3, 8);
insert into virtual_machines(id, name, archived, organization_id, category_id) values (559, '559: Tom Bombadil', false, 3, 9);
insert into virtual_machines(id, name, archived, organization_id, category_id) values (560, '560: Frodo Baggins', false, 3, 10);
insert into virtual_machines(id, name, archived, organization_id, category_id) values (561, '561: Arwen Evenstar', false, 3, 11);
insert into virtual_machines(id, name, archived, organization_id, category_id) values (562, '562: Tom Bombadil', false, 3, 12);
insert into virtual_machines(id, name, archived, organization_id, category_id) values (563, '563: Arwen Evenstar', false, 3, 13);
insert into virtual_machines(id, name, archived, organization_id, category_id) values (564, '564: Denethor', false, 3, 14);
insert into virtual_machines(id, name, archived, organization_id, category_id) values (565, '565: Éomer', false, 3, 15);
insert into virtual_machines(id, name, archived, organization_id, category_id) values (566, '566: Peregrin Took', false, 3, 16);
insert into virtual_machines(id, name, archived, organization_id, category_id) values (567, '567: Samwise Gamgee', false, 3, 17);
insert into virtual_machines(id, name, archived, organization_id, category_id) values (568, '568: Boromir', false, 3, 18);
insert into virtual_machines(id, name, archived, organization_id, category_id) values (569, '569: Glorfindel', false, 3, 19);
insert into virtual_machines(id, name, archived, organization_id, category_id) values (570, '570: Éowyn', false, 3, 20);
insert into virtual_machines(id, name, archived, organization_id, category_id) values (571, '571: Grìma Wormtongue', false, 3, 21);
insert into virtual_machines(id, name, archived, organization_id, category_id) values (572, '572: Gandalf the Grey', false, 3, 22);
insert into virtual_machines(id, name, archived, organization_id, category_id) values (573, '573: Frodo Baggins', false, 3, 23);
insert into virtual_machines(id, name, archived, organization_id, category_id) values (574, '574: Quickbeam', false, 3, 24);
insert into virtual_machines(id, name, archived, organization_id, category_id) values (575, '575: Faramir', false, 3, 25);
insert into virtual_machines(id, name, archived, organization_id, category_id) values (576, '576: Théoden', false, 3, 1);
insert into virtual_machines(id, name, archived, organization_id, category_id) values (577, '577: Beregond', false, 3, 2);
insert into virtual_machines(id, name, archived, organization_id, category_id) values (578, '578: Treebeard', false, 3, 3);
insert into virtual_machines(id, name, archived, organization_id, category_id) values (579, '579: Elrond', false, 3, 4);
insert into virtual_machines(id, name, archived, organization_id, category_id) values (580, '580: Bilbo Baggins', false, 3, 5);
insert into virtual_machines(id, name, archived, organization_id, category_id) values (581, '581: Galadriel', false, 3, 6);
insert into virtual_machines(id, name, archived, organization_id, category_id) values (582, '582: Grìma Wormtongue', false, 3, 7);
insert into virtual_machines(id, name, archived, organization_id, category_id) values (583, '583: Glorfindel', false, 3, 8);
insert into virtual_machines(id, name, archived, organization_id, category_id) values (584, '584: Shelob', false, 3, 9);
insert into virtual_machines(id, name, archived, organization_id, category_id) values (585, '585: Quickbeam', false, 3, 10);
insert into virtual_machines(id, name, archived, organization_id, category_id) values (586, '586: Meriadoc Brandybuck', false, 3, 11);
insert into virtual_machines(id, name, archived, organization_id, category_id) values (587, '587: Legolas', false, 3, 12);
insert into virtual_machines(id, name, archived, organization_id, category_id) values (588, '588: Barliman Butterbur', false, 3, 13);
insert into virtual_machines(id, name, archived, organization_id, category_id) values (589, '589: Gandalf the Grey', false, 3, 14);
insert into virtual_machines(id, name, archived, organization_id, category_id) values (590, '590: Faramir', false, 3, 15);
insert into virtual_machines(id, name, archived, organization_id, category_id) values (591, '591: Gimli', false, 3, 16);
insert into virtual_machines(id, name, archived, organization_id, category_id) values (592, '592: Shadowfax', false, 3, 17);
insert into virtual_machines(id, name, archived, organization_id, category_id) values (593, '593: Legolas', false, 3, 18);
insert into virtual_machines(id, name, archived, organization_id, category_id) values (594, '594: Treebeard', false, 3, 19);
insert into virtual_machines(id, name, archived, organization_id, category_id) values (595, '595: Meriadoc Brandybuck', false, 3, 20);
insert into virtual_machines(id, name, archived, organization_id, category_id) values (596, '596: Éowyn', false, 3, 21);
insert into virtual_machines(id, name, archived, organization_id, category_id) values (597, '597: Quickbeam', false, 3, 22);
insert into virtual_machines(id, name, archived, organization_id, category_id) values (598, '598: Beregond', false, 3, 23);
insert into virtual_machines(id, name, archived, organization_id, category_id) values (599, '599: Shelob', false, 3, 24);
insert into virtual_machines(id, name, archived, organization_id, category_id) values (600, '600: Samwise Gamgee', false, 3, 25);
insert into virtual_machines(id, name, archived, organization_id, category_id) values (601, '601: Meriadoc Brandybuck', false, 4, 1);
insert into virtual_machines(id, name, archived, organization_id, category_id) values (602, '602: Aragorn', false, 4, 2);
insert into virtual_machines(id, name, archived, organization_id, category_id) values (603, '603: Arwen Evenstar', false, 4, 3);
insert into virtual_machines(id, name, archived, organization_id, category_id) values (604, '604: Boromir', false, 4, 4);
insert into virtual_machines(id, name, archived, organization_id, category_id) values (605, '605: Gandalf the Grey', false, 4, 5);
insert into virtual_machines(id, name, archived, organization_id, category_id) values (606, '606: Quickbeam', false, 4, 6);
insert into virtual_machines(id, name, archived, organization_id, category_id) values (607, '607: Frodo Baggins', false, 4, 7);
insert into virtual_machines(id, name, archived, organization_id, category_id) values (608, '608: Barliman Butterbur', false, 4, 8);
insert into virtual_machines(id, name, archived, organization_id, category_id) values (609, '609: Treebeard', false, 4, 9);
insert into virtual_machines(id, name, archived, organization_id, category_id) values (610, '610: Barliman Butterbur', false, 4, 10);
insert into virtual_machines(id, name, archived, organization_id, category_id) values (611, '611: Saruman the White', false, 4, 11);
insert into virtual_machines(id, name, archived, organization_id, category_id) values (612, '612: Arwen Evenstar', false, 4, 12);
insert into virtual_machines(id, name, archived, organization_id, category_id) values (613, '613: Glorfindel', false, 4, 13);
insert into virtual_machines(id, name, archived, organization_id, category_id) values (614, '614: Arwen Evenstar', false, 4, 14);
insert into virtual_machines(id, name, archived, organization_id, category_id) values (615, '615: Tom Bombadil', false, 4, 15);
insert into virtual_machines(id, name, archived, organization_id, category_id) values (616, '616: Denethor', false, 4, 16);
insert into virtual_machines(id, name, archived, organization_id, category_id) values (617, '617: Peregrin Took', false, 4, 17);
insert into virtual_machines(id, name, archived, organization_id, category_id) values (618, '618: Bilbo Baggins', false, 4, 18);
insert into virtual_machines(id, name, archived, organization_id, category_id) values (619, '619: Glorfindel', false, 4, 19);
insert into virtual_machines(id, name, archived, organization_id, category_id) values (620, '620: Gandalf the Grey', false, 4, 20);
insert into virtual_machines(id, name, archived, organization_id, category_id) values (621, '621: Gandalf the Grey', false, 4, 21);
insert into virtual_machines(id, name, archived, organization_id, category_id) values (622, '622: Bilbo Baggins', false, 4, 22);
insert into virtual_machines(id, name, archived, organization_id, category_id) values (623, '623: Théoden', false, 4, 23);
insert into virtual_machines(id, name, archived, organization_id, category_id) values (624, '624: Gollum', false, 4, 24);
insert into virtual_machines(id, name, archived, organization_id, category_id) values (625, '625: Legolas', false, 4, 25);
insert into virtual_machines(id, name, archived, organization_id, category_id) values (626, '626: Sauron', false, 4, 1);
insert into virtual_machines(id, name, archived, organization_id, category_id) values (627, '627: Gimli', false, 4, 2);
insert into virtual_machines(id, name, archived, organization_id, category_id) values (628, '628: Legolas', false, 4, 3);
insert into virtual_machines(id, name, archived, organization_id, category_id) values (629, '629: Saruman the White', false, 4, 4);
insert into virtual_machines(id, name, archived, organization_id, category_id) values (630, '630: Denethor', false, 4, 5);
insert into virtual_machines(id, name, archived, organization_id, category_id) values (631, '631: Théoden', false, 4, 6);
insert into virtual_machines(id, name, archived, organization_id, category_id) values (632, '632: Treebeard', false, 4, 7);
insert into virtual_machines(id, name, archived, organization_id, category_id) values (633, '633: Peregrin Took', false, 4, 8);
insert into virtual_machines(id, name, archived, organization_id, category_id) values (634, '634: Boromir', false, 4, 9);
insert into virtual_machines(id, name, archived, organization_id, category_id) values (635, '635: Glorfindel', false, 4, 10);
insert into virtual_machines(id, name, archived, organization_id, category_id) values (636, '636: Treebeard', false, 4, 11);
insert into virtual_machines(id, name, archived, organization_id, category_id) values (637, '637: Gandalf the Grey', false, 4, 12);
insert into virtual_machines(id, name, archived, organization_id, category_id) values (638, '638: Aragorn', false, 4, 13);
insert into virtual_machines(id, name, archived, organization_id, category_id) values (639, '639: Théoden', false, 4, 14);
insert into virtual_machines(id, name, archived, organization_id, category_id) values (640, '640: Beregond', false, 4, 15);
insert into virtual_machines(id, name, archived, organization_id, category_id) values (641, '641: Galadriel', false, 4, 16);
insert into virtual_machines(id, name, archived, organization_id, category_id) values (642, '642: Faramir', false, 4, 17);
insert into virtual_machines(id, name, archived, organization_id, category_id) values (643, '643: Éomer', false, 4, 18);
insert into virtual_machines(id, name, archived, organization_id, category_id) values (644, '644: Shadowfax', false, 4, 19);
insert into virtual_machines(id, name, archived, organization_id, category_id) values (645, '645: Aragorn', false, 4, 20);
insert into virtual_machines(id, name, archived, organization_id, category_id) values (646, '646: Tom Bombadil', false, 4, 21);
insert into virtual_machines(id, name, archived, organization_id, category_id) values (647, '647: Faramir', false, 4, 22);
insert into virtual_machines(id, name, archived, organization_id, category_id) values (648, '648: Tom Bombadil', false, 4, 23);
insert into virtual_machines(id, name, archived, organization_id, category_id) values (649, '649: Gollum', false, 4, 24);
insert into virtual_machines(id, name, archived, organization_id, category_id) values (650, '650: Boromir', false, 4, 25);
insert into virtual_machines(id, name, archived, organization_id, category_id) values (651, '651: Théoden', false, 4, 1);
insert into virtual_machines(id, name, archived, organization_id, category_id) values (652, '652: Treebeard', false, 4, 2);
insert into virtual_machines(id, name, archived, organization_id, category_id) values (653, '653: Frodo Baggins', false, 4, 3);
insert into virtual_machines(id, name, archived, organization_id, category_id) values (654, '654: Saruman the White', false, 4, 4);
insert into virtual_machines(id, name, archived, organization_id, category_id) values (655, '655: Gollum', false, 4, 5);
insert into virtual_machines(id, name, archived, organization_id, category_id) values (656, '656: Faramir', false, 4, 6);
insert into virtual_machines(id, name, archived, organization_id, category_id) values (657, '657: Shadowfax', false, 4, 7);
insert into virtual_machines(id, name, archived, organization_id, category_id) values (658, '658: Grìma Wormtongue', false, 4, 8);
insert into virtual_machines(id, name, archived, organization_id, category_id) values (659, '659: Beregond', false, 4, 9);
insert into virtual_machines(id, name, archived, organization_id, category_id) values (660, '660: Éomer', false, 4, 10);
insert into virtual_machines(id, name, archived, organization_id, category_id) values (661, '661: Gandalf the Grey', false, 4, 11);
insert into virtual_machines(id, name, archived, organization_id, category_id) values (662, '662: Denethor', false, 4, 12);
insert into virtual_machines(id, name, archived, organization_id, category_id) values (663, '663: Saruman the White', false, 4, 13);
insert into virtual_machines(id, name, archived, organization_id, category_id) values (664, '664: Bilbo Baggins', false, 4, 14);
insert into virtual_machines(id, name, archived, organization_id, category_id) values (665, '665: Treebeard', false, 4, 15);
insert into virtual_machines(id, name, archived, organization_id, category_id) values (666, '666: Gimli', false, 4, 16);
insert into virtual_machines(id, name, archived, organization_id, category_id) values (667, '667: Tom Bombadil', false, 4, 17);
insert into virtual_machines(id, name, archived, organization_id, category_id) values (668, '668: Arwen Evenstar', false, 4, 18);
insert into virtual_machines(id, name, archived, organization_id, category_id) values (669, '669: Boromir', false, 4, 19);
insert into virtual_machines(id, name, archived, organization_id, category_id) values (670, '670: Legolas', false, 4, 20);
insert into virtual_machines(id, name, archived, organization_id, category_id) values (671, '671: Faramir', false, 4, 21);
insert into virtual_machines(id, name, archived, organization_id, category_id) values (672, '672: Gimli', false, 4, 22);
insert into virtual_machines(id, name, archived, organization_id, category_id) values (673, '673: Tom Bombadil', false, 4, 23);
insert into virtual_machines(id, name, archived, organization_id, category_id) values (674, '674: Gollum', false, 4, 24);
insert into virtual_machines(id, name, archived, organization_id, category_id) values (675, '675: Gollum', false, 4, 25);
insert into virtual_machines(id, name, archived, organization_id, category_id) values (676, '676: Meriadoc Brandybuck', false, 4, 1);
insert into virtual_machines(id, name, archived, organization_id, category_id) values (677, '677: Aragorn', false, 4, 2);
insert into virtual_machines(id, name, archived, organization_id, category_id) values (678, '678: Arwen Evenstar', false, 4, 3);
insert into virtual_machines(id, name, archived, organization_id, category_id) values (679, '679: Elrond', false, 4, 4);
insert into virtual_machines(id, name, archived, organization_id, category_id) values (680, '680: Quickbeam', false, 4, 5);
insert into virtual_machines(id, name, archived, organization_id, category_id) values (681, '681: Éomer', false, 4, 6);
insert into virtual_machines(id, name, archived, organization_id, category_id) values (682, '682: Aragorn', false, 4, 7);
insert into virtual_machines(id, name, archived, organization_id, category_id) values (683, '683: Éowyn', false, 4, 8);
insert into virtual_machines(id, name, archived, organization_id, category_id) values (684, '684: Frodo Baggins', false, 4, 9);
insert into virtual_machines(id, name, archived, organization_id, category_id) values (685, '685: Meriadoc Brandybuck', false, 4, 10);
insert into virtual_machines(id, name, archived, organization_id, category_id) values (686, '686: Elrond', false, 4, 11);
insert into virtual_machines(id, name, archived, organization_id, category_id) values (687, '687: Barliman Butterbur', false, 4, 12);
insert into virtual_machines(id, name, archived, organization_id, category_id) values (688, '688: Shelob', false, 4, 13);
insert into virtual_machines(id, name, archived, organization_id, category_id) values (689, '689: Beregond', false, 4, 14);
insert into virtual_machines(id, name, archived, organization_id, category_id) values (690, '690: Legolas', false, 4, 15);
insert into virtual_machines(id, name, archived, organization_id, category_id) values (691, '691: Treebeard', false, 4, 16);
insert into virtual_machines(id, name, archived, organization_id, category_id) values (692, '692: Bilbo Baggins', false, 4, 17);
insert into virtual_machines(id, name, archived, organization_id, category_id) values (693, '693: Gollum', false, 4, 18);
insert into virtual_machines(id, name, archived, organization_id, category_id) values (694, '694: Treebeard', false, 4, 19);
insert into virtual_machines(id, name, archived, organization_id, category_id) values (695, '695: Peregrin Took', false, 4, 20);
insert into virtual_machines(id, name, archived, organization_id, category_id) values (696, '696: Tom Bombadil', false, 4, 21);
insert into virtual_machines(id, name, archived, organization_id, category_id) values (697, '697: Meriadoc Brandybuck', false, 4, 22);
insert into virtual_machines(id, name, archived, organization_id, category_id) values (698, '698: Sauron', false, 4, 23);
insert into virtual_machines(id, name, archived, organization_id, category_id) values (699, '699: Gollum', false, 4, 24);
insert into virtual_machines(id, name, archived, organization_id, category_id) values (700, '700: Boromir', false, 4, 25);
insert into virtual_machines(id, name, archived, organization_id, category_id) values (701, '701: Théoden', false, 4, 1);
insert into virtual_machines(id, name, archived, organization_id, category_id) values (702, '702: Peregrin Took', false, 4, 2);
insert into virtual_machines(id, name, archived, organization_id, category_id) values (703, '703: Quickbeam', false, 4, 3);
insert into virtual_machines(id, name, archived, organization_id, category_id) values (704, '704: Gollum', false, 4, 4);
insert into virtual_machines(id, name, archived, organization_id, category_id) values (705, '705: Denethor', false, 4, 5);
insert into virtual_machines(id, name, archived, organization_id, category_id) values (706, '706: Gandalf the Grey', false, 4, 6);
insert into virtual_machines(id, name, archived, organization_id, category_id) values (707, '707: Galadriel', false, 4, 7);
insert into virtual_machines(id, name, archived, organization_id, category_id) values (708, '708: Shadowfax', false, 4, 8);
insert into virtual_machines(id, name, archived, organization_id, category_id) values (709, '709: Barliman Butterbur', false, 4, 9);
insert into virtual_machines(id, name, archived, organization_id, category_id) values (710, '710: Aragorn', false, 4, 10);
insert into virtual_machines(id, name, archived, organization_id, category_id) values (711, '711: Faramir', false, 4, 11);
insert into virtual_machines(id, name, archived, organization_id, category_id) values (712, '712: Quickbeam', false, 4, 12);
insert into virtual_machines(id, name, archived, organization_id, category_id) values (713, '713: Aragorn', false, 4, 13);
insert into virtual_machines(id, name, archived, organization_id, category_id) values (714, '714: Frodo Baggins', false, 4, 14);
insert into virtual_machines(id, name, archived, organization_id, category_id) values (715, '715: Barliman Butterbur', false, 4, 15);
insert into virtual_machines(id, name, archived, organization_id, category_id) values (716, '716: Barliman Butterbur', false, 4, 16);
insert into virtual_machines(id, name, archived, organization_id, category_id) values (717, '717: Treebeard', false, 4, 17);
insert into virtual_machines(id, name, archived, organization_id, category_id) values (718, '718: Denethor', false, 4, 18);
insert into virtual_machines(id, name, archived, organization_id, category_id) values (719, '719: Peregrin Took', false, 4, 19);
insert into virtual_machines(id, name, archived, organization_id, category_id) values (720, '720: Bilbo Baggins', false, 4, 20);
insert into virtual_machines(id, name, archived, organization_id, category_id) values (721, '721: Galadriel', false, 4, 21);
insert into virtual_machines(id, name, archived, organization_id, category_id) values (722, '722: Frodo Baggins', false, 4, 22);
insert into virtual_machines(id, name, archived, organization_id, category_id) values (723, '723: Faramir', false, 4, 23);
insert into virtual_machines(id, name, archived, organization_id, category_id) values (724, '724: Faramir', false, 4, 24);
insert into virtual_machines(id, name, archived, organization_id, category_id) values (725, '725: Frodo Baggins', false, 4, 25);
insert into virtual_machines(id, name, archived, organization_id, category_id) values (726, '726: Boromir', false, 4, 1);
insert into virtual_machines(id, name, archived, organization_id, category_id) values (727, '727: Théoden', false, 4, 2);
insert into virtual_machines(id, name, archived, organization_id, category_id) values (728, '728: Boromir', false, 4, 3);
insert into virtual_machines(id, name, archived, organization_id, category_id) values (729, '729: Legolas', false, 4, 4);
insert into virtual_machines(id, name, archived, organization_id, category_id) values (730, '730: Galadriel', false, 4, 5);
insert into virtual_machines(id, name, archived, organization_id, category_id) values (731, '731: Frodo Baggins', false, 4, 6);
insert into virtual_machines(id, name, archived, organization_id, category_id) values (732, '732: Gimli', false, 4, 7);
insert into virtual_machines(id, name, archived, organization_id, category_id) values (733, '733: Meriadoc Brandybuck', false, 4, 8);
insert into virtual_machines(id, name, archived, organization_id, category_id) values (734, '734: Shadowfax', false, 4, 9);
insert into virtual_machines(id, name, archived, organization_id, category_id) values (735, '735: Beregond', false, 4, 10);
insert into virtual_machines(id, name, archived, organization_id, category_id) values (736, '736: Boromir', false, 4, 11);
insert into virtual_machines(id, name, archived, organization_id, category_id) values (737, '737: Glorfindel', false, 4, 12);
insert into virtual_machines(id, name, archived, organization_id, category_id) values (738, '738: Legolas', false, 4, 13);
insert into virtual_machines(id, name, archived, organization_id, category_id) values (739, '739: Gollum', false, 4, 14);
insert into virtual_machines(id, name, archived, organization_id, category_id) values (740, '740: Faramir', false, 4, 15);
insert into virtual_machines(id, name, archived, organization_id, category_id) values (741, '741: Grìma Wormtongue', false, 4, 16);
insert into virtual_machines(id, name, archived, organization_id, category_id) values (742, '742: Beregond', false, 4, 17);
insert into virtual_machines(id, name, archived, organization_id, category_id) values (743, '743: Shelob', false, 4, 18);
insert into virtual_machines(id, name, archived, organization_id, category_id) values (744, '744: Beregond', false, 4, 19);
insert into virtual_machines(id, name, archived, organization_id, category_id) values (745, '745: Gimli', false, 4, 20);
insert into virtual_machines(id, name, archived, organization_id, category_id) values (746, '746: Shadowfax', false, 4, 21);
insert into virtual_machines(id, name, archived, organization_id, category_id) values (747, '747: Éomer', false, 4, 22);
insert into virtual_machines(id, name, archived, organization_id, category_id) values (748, '748: Grìma Wormtongue', false, 4, 23);
insert into virtual_machines(id, name, archived, organization_id, category_id) values (749, '749: Éowyn', false, 4, 24);
insert into virtual_machines(id, name, archived, organization_id, category_id) values (750, '750: Bilbo Baggins', false, 4, 25);
insert into virtual_machines(id, name, archived, organization_id, category_id) values (751, '751: Tom Bombadil', false, 4, 1);
insert into virtual_machines(id, name, archived, organization_id, category_id) values (752, '752: Arwen Evenstar', false, 4, 2);
insert into virtual_machines(id, name, archived, organization_id, category_id) values (753, '753: Samwise Gamgee', false, 4, 3);
insert into virtual_machines(id, name, archived, organization_id, category_id) values (754, '754: Gandalf the Grey', false, 4, 4);
insert into virtual_machines(id, name, archived, organization_id, category_id) values (755, '755: Galadriel', false, 4, 5);
insert into virtual_machines(id, name, archived, organization_id, category_id) values (756, '756: Faramir', false, 4, 6);
insert into virtual_machines(id, name, archived, organization_id, category_id) values (757, '757: Gollum', false, 4, 7);
insert into virtual_machines(id, name, archived, organization_id, category_id) values (758, '758: Théoden', false, 4, 8);
insert into virtual_machines(id, name, archived, organization_id, category_id) values (759, '759: Shelob', false, 4, 9);
insert into virtual_machines(id, name, archived, organization_id, category_id) values (760, '760: Gollum', false, 4, 10);
insert into virtual_machines(id, name, archived, organization_id, category_id) values (761, '761: Éomer', false, 4, 11);
insert into virtual_machines(id, name, archived, organization_id, category_id) values (762, '762: Beregond', false, 4, 12);
insert into virtual_machines(id, name, archived, organization_id, category_id) values (763, '763: Éomer', false, 4, 13);
insert into virtual_machines(id, name, archived, organization_id, category_id) values (764, '764: Denethor', false, 4, 14);
insert into virtual_machines(id, name, archived, organization_id, category_id) values (765, '765: Frodo Baggins', false, 4, 15);
insert into virtual_machines(id, name, archived, organization_id, category_id) values (766, '766: Tom Bombadil', false, 4, 16);
insert into virtual_machines(id, name, archived, organization_id, category_id) values (767, '767: Bilbo Baggins', false, 4, 17);
insert into virtual_machines(id, name, archived, organization_id, category_id) values (768, '768: Sauron', false, 4, 18);
insert into virtual_machines(id, name, archived, organization_id, category_id) values (769, '769: Sauron', false, 4, 19);
insert into virtual_machines(id, name, archived, organization_id, category_id) values (770, '770: Gandalf the Grey', false, 4, 20);
insert into virtual_machines(id, name, archived, organization_id, category_id) values (771, '771: Arwen Evenstar', false, 4, 21);
insert into virtual_machines(id, name, archived, organization_id, category_id) values (772, '772: Éomer', false, 4, 22);
insert into virtual_machines(id, name, archived, organization_id, category_id) values (773, '773: Elrond', false, 4, 23);
insert into virtual_machines(id, name, archived, organization_id, category_id) values (774, '774: Shelob', false, 4, 24);
insert into virtual_machines(id, name, archived, organization_id, category_id) values (775, '775: Sauron', false, 4, 25);
insert into virtual_machines(id, name, archived, organization_id, category_id) values (776, '776: Glorfindel', false, 4, 1);
insert into virtual_machines(id, name, archived, organization_id, category_id) values (777, '777: Barliman Butterbur', false, 4, 2);
insert into virtual_machines(id, name, archived, organization_id, category_id) values (778, '778: Elrond', false, 4, 3);
insert into virtual_machines(id, name, archived, organization_id, category_id) values (779, '779: Elrond', false, 4, 4);
insert into virtual_machines(id, name, archived, organization_id, category_id) values (780, '780: Faramir', false, 4, 5);
insert into virtual_machines(id, name, archived, organization_id, category_id) values (781, '781: Quickbeam', false, 4, 6);
insert into virtual_machines(id, name, archived, organization_id, category_id) values (782, '782: Saruman the White', false, 4, 7);
insert into virtual_machines(id, name, archived, organization_id, category_id) values (783, '783: Denethor', false, 4, 8);
insert into virtual_machines(id, name, archived, organization_id, category_id) values (784, '784: Beregond', false, 4, 9);
insert into virtual_machines(id, name, archived, organization_id, category_id) values (785, '785: Bilbo Baggins', false, 4, 10);
insert into virtual_machines(id, name, archived, organization_id, category_id) values (786, '786: Treebeard', false, 4, 11);
insert into virtual_machines(id, name, archived, organization_id, category_id) values (787, '787: Beregond', false, 4, 12);
insert into virtual_machines(id, name, archived, organization_id, category_id) values (788, '788: Barliman Butterbur', false, 4, 13);
insert into virtual_machines(id, name, archived, organization_id, category_id) values (789, '789: Legolas', false, 4, 14);
insert into virtual_machines(id, name, archived, organization_id, category_id) values (790, '790: Meriadoc Brandybuck', false, 4, 15);
insert into virtual_machines(id, name, archived, organization_id, category_id) values (791, '791: Legolas', false, 4, 16);
insert into virtual_machines(id, name, archived, organization_id, category_id) values (792, '792: Beregond', false, 4, 17);
insert into virtual_machines(id, name, archived, organization_id, category_id) values (793, '793: Éowyn', false, 4, 18);
insert into virtual_machines(id, name, archived, organization_id, category_id) values (794, '794: Elrond', false, 4, 19);
insert into virtual_machines(id, name, archived, organization_id, category_id) values (795, '795: Gimli', false, 4, 20);
insert into virtual_machines(id, name, archived, organization_id, category_id) values (796, '796: Théoden', false, 4, 21);
insert into virtual_machines(id, name, archived, organization_id, category_id) values (797, '797: Glorfindel', false, 4, 22);
insert into virtual_machines(id, name, archived, organization_id, category_id) values (798, '798: Frodo Baggins', false, 4, 23);
insert into virtual_machines(id, name, archived, organization_id, category_id) values (799, '799: Éowyn', false, 4, 24);
insert into virtual_machines(id, name, archived, organization_id, category_id) values (800, '800: Gollum', false, 4, 25);
insert into virtual_machines(id, name, archived, organization_id, category_id) values (801, '801: Grìma Wormtongue', false, 5, 1);
insert into virtual_machines(id, name, archived, organization_id, category_id) values (802, '802: Gandalf the Grey', false, 5, 2);
insert into virtual_machines(id, name, archived, organization_id, category_id) values (803, '803: Shadowfax', false, 5, 3);
insert into virtual_machines(id, name, archived, organization_id, category_id) values (804, '804: Glorfindel', false, 5, 4);
insert into virtual_machines(id, name, archived, organization_id, category_id) values (805, '805: Sauron', false, 5, 5);
insert into virtual_machines(id, name, archived, organization_id, category_id) values (806, '806: Meriadoc Brandybuck', false, 5, 6);
insert into virtual_machines(id, name, archived, organization_id, category_id) values (807, '807: Gollum', false, 5, 7);
insert into virtual_machines(id, name, archived, organization_id, category_id) values (808, '808: Tom Bombadil', false, 5, 8);
insert into virtual_machines(id, name, archived, organization_id, category_id) values (809, '809: Saruman the White', false, 5, 9);
insert into virtual_machines(id, name, archived, organization_id, category_id) values (810, '810: Gollum', false, 5, 10);
insert into virtual_machines(id, name, archived, organization_id, category_id) values (811, '811: Arwen Evenstar', false, 5, 11);
insert into virtual_machines(id, name, archived, organization_id, category_id) values (812, '812: Arwen Evenstar', false, 5, 12);
insert into virtual_machines(id, name, archived, organization_id, category_id) values (813, '813: Shadowfax', false, 5, 13);
insert into virtual_machines(id, name, archived, organization_id, category_id) values (814, '814: Shelob', false, 5, 14);
insert into virtual_machines(id, name, archived, organization_id, category_id) values (815, '815: Frodo Baggins', false, 5, 15);
insert into virtual_machines(id, name, archived, organization_id, category_id) values (816, '816: Glorfindel', false, 5, 16);
insert into virtual_machines(id, name, archived, organization_id, category_id) values (817, '817: Éowyn', false, 5, 17);
insert into virtual_machines(id, name, archived, organization_id, category_id) values (818, '818: Gollum', false, 5, 18);
insert into virtual_machines(id, name, archived, organization_id, category_id) values (819, '819: Quickbeam', false, 5, 19);
insert into virtual_machines(id, name, archived, organization_id, category_id) values (820, '820: Éomer', false, 5, 20);
insert into virtual_machines(id, name, archived, organization_id, category_id) values (821, '821: Denethor', false, 5, 21);
insert into virtual_machines(id, name, archived, organization_id, category_id) values (822, '822: Tom Bombadil', false, 5, 22);
insert into virtual_machines(id, name, archived, organization_id, category_id) values (823, '823: Beregond', false, 5, 23);
insert into virtual_machines(id, name, archived, organization_id, category_id) values (824, '824: Beregond', false, 5, 24);
insert into virtual_machines(id, name, archived, organization_id, category_id) values (825, '825: Treebeard', false, 5, 25);
insert into virtual_machines(id, name, archived, organization_id, category_id) values (826, '826: Peregrin Took', false, 5, 1);
insert into virtual_machines(id, name, archived, organization_id, category_id) values (827, '827: Aragorn', false, 5, 2);
insert into virtual_machines(id, name, archived, organization_id, category_id) values (828, '828: Legolas', false, 5, 3);
insert into virtual_machines(id, name, archived, organization_id, category_id) values (829, '829: Bilbo Baggins', false, 5, 4);
insert into virtual_machines(id, name, archived, organization_id, category_id) values (830, '830: Barliman Butterbur', false, 5, 5);
insert into virtual_machines(id, name, archived, organization_id, category_id) values (831, '831: Gollum', false, 5, 6);
insert into virtual_machines(id, name, archived, organization_id, category_id) values (832, '832: Galadriel', false, 5, 7);
insert into virtual_machines(id, name, archived, organization_id, category_id) values (833, '833: Boromir', false, 5, 8);
insert into virtual_machines(id, name, archived, organization_id, category_id) values (834, '834: Shadowfax', false, 5, 9);
insert into virtual_machines(id, name, archived, organization_id, category_id) values (835, '835: Arwen Evenstar', false, 5, 10);
insert into virtual_machines(id, name, archived, organization_id, category_id) values (836, '836: Legolas', false, 5, 11);
insert into virtual_machines(id, name, archived, organization_id, category_id) values (837, '837: Arwen Evenstar', false, 5, 12);
insert into virtual_machines(id, name, archived, organization_id, category_id) values (838, '838: Peregrin Took', false, 5, 13);
insert into virtual_machines(id, name, archived, organization_id, category_id) values (839, '839: Saruman the White', false, 5, 14);
insert into virtual_machines(id, name, archived, organization_id, category_id) values (840, '840: Aragorn', false, 5, 15);
insert into virtual_machines(id, name, archived, organization_id, category_id) values (841, '841: Grìma Wormtongue', false, 5, 16);
insert into virtual_machines(id, name, archived, organization_id, category_id) values (842, '842: Samwise Gamgee', false, 5, 17);
insert into virtual_machines(id, name, archived, organization_id, category_id) values (843, '843: Legolas', false, 5, 18);
insert into virtual_machines(id, name, archived, organization_id, category_id) values (844, '844: Treebeard', false, 5, 19);
insert into virtual_machines(id, name, archived, organization_id, category_id) values (845, '845: Grìma Wormtongue', false, 5, 20);
insert into virtual_machines(id, name, archived, organization_id, category_id) values (846, '846: Gimli', false, 5, 21);
insert into virtual_machines(id, name, archived, organization_id, category_id) values (847, '847: Peregrin Took', false, 5, 22);
insert into virtual_machines(id, name, archived, organization_id, category_id) values (848, '848: Grìma Wormtongue', false, 5, 23);
insert into virtual_machines(id, name, archived, organization_id, category_id) values (849, '849: Bilbo Baggins', false, 5, 24);
insert into virtual_machines(id, name, archived, organization_id, category_id) values (850, '850: Arwen Evenstar', false, 5, 25);
insert into virtual_machines(id, name, archived, organization_id, category_id) values (851, '851: Éomer', false, 5, 1);
insert into virtual_machines(id, name, archived, organization_id, category_id) values (852, '852: Legolas', false, 5, 2);
insert into virtual_machines(id, name, archived, organization_id, category_id) values (853, '853: Faramir', false, 5, 3);
insert into virtual_machines(id, name, archived, organization_id, category_id) values (854, '854: Shelob', false, 5, 4);
insert into virtual_machines(id, name, archived, organization_id, category_id) values (855, '855: Legolas', false, 5, 5);
insert into virtual_machines(id, name, archived, organization_id, category_id) values (856, '856: Galadriel', false, 5, 6);
insert into virtual_machines(id, name, archived, organization_id, category_id) values (857, '857: Gimli', false, 5, 7);
insert into virtual_machines(id, name, archived, organization_id, category_id) values (858, '858: Legolas', false, 5, 8);
insert into virtual_machines(id, name, archived, organization_id, category_id) values (859, '859: Shelob', false, 5, 9);
insert into virtual_machines(id, name, archived, organization_id, category_id) values (860, '860: Elrond', false, 5, 10);
insert into virtual_machines(id, name, archived, organization_id, category_id) values (861, '861: Quickbeam', false, 5, 11);
insert into virtual_machines(id, name, archived, organization_id, category_id) values (862, '862: Treebeard', false, 5, 12);
insert into virtual_machines(id, name, archived, organization_id, category_id) values (863, '863: Gimli', false, 5, 13);
insert into virtual_machines(id, name, archived, organization_id, category_id) values (864, '864: Aragorn', false, 5, 14);
insert into virtual_machines(id, name, archived, organization_id, category_id) values (865, '865: Gollum', false, 5, 15);
insert into virtual_machines(id, name, archived, organization_id, category_id) values (866, '866: Éomer', false, 5, 16);
insert into virtual_machines(id, name, archived, organization_id, category_id) values (867, '867: Shadowfax', false, 5, 17);
insert into virtual_machines(id, name, archived, organization_id, category_id) values (868, '868: Bilbo Baggins', false, 5, 18);
insert into virtual_machines(id, name, archived, organization_id, category_id) values (869, '869: Legolas', false, 5, 19);
insert into virtual_machines(id, name, archived, organization_id, category_id) values (870, '870: Shelob', false, 5, 20);
insert into virtual_machines(id, name, archived, organization_id, category_id) values (871, '871: Tom Bombadil', false, 5, 21);
insert into virtual_machines(id, name, archived, organization_id, category_id) values (872, '872: Peregrin Took', false, 5, 22);
insert into virtual_machines(id, name, archived, organization_id, category_id) values (873, '873: Elrond', false, 5, 23);
insert into virtual_machines(id, name, archived, organization_id, category_id) values (874, '874: Gandalf the Grey', false, 5, 24);
insert into virtual_machines(id, name, archived, organization_id, category_id) values (875, '875: Éomer', false, 5, 25);
insert into virtual_machines(id, name, archived, organization_id, category_id) values (876, '876: Shelob', false, 5, 1);
insert into virtual_machines(id, name, archived, organization_id, category_id) values (877, '877: Denethor', false, 5, 2);
insert into virtual_machines(id, name, archived, organization_id, category_id) values (878, '878: Samwise Gamgee', false, 5, 3);
insert into virtual_machines(id, name, archived, organization_id, category_id) values (879, '879: Frodo Baggins', false, 5, 4);
insert into virtual_machines(id, name, archived, organization_id, category_id) values (880, '880: Frodo Baggins', false, 5, 5);
insert into virtual_machines(id, name, archived, organization_id, category_id) values (881, '881: Éowyn', false, 5, 6);
insert into virtual_machines(id, name, archived, organization_id, category_id) values (882, '882: Beregond', false, 5, 7);
insert into virtual_machines(id, name, archived, organization_id, category_id) values (883, '883: Shadowfax', false, 5, 8);
insert into virtual_machines(id, name, archived, organization_id, category_id) values (884, '884: Frodo Baggins', false, 5, 9);
insert into virtual_machines(id, name, archived, organization_id, category_id) values (885, '885: Gandalf the Grey', false, 5, 10);
insert into virtual_machines(id, name, archived, organization_id, category_id) values (886, '886: Sauron', false, 5, 11);
insert into virtual_machines(id, name, archived, organization_id, category_id) values (887, '887: Gimli', false, 5, 12);
insert into virtual_machines(id, name, archived, organization_id, category_id) values (888, '888: Legolas', false, 5, 13);
insert into virtual_machines(id, name, archived, organization_id, category_id) values (889, '889: Samwise Gamgee', false, 5, 14);
insert into virtual_machines(id, name, archived, organization_id, category_id) values (890, '890: Treebeard', false, 5, 15);
insert into virtual_machines(id, name, archived, organization_id, category_id) values (891, '891: Barliman Butterbur', false, 5, 16);
insert into virtual_machines(id, name, archived, organization_id, category_id) values (892, '892: Beregond', false, 5, 17);
insert into virtual_machines(id, name, archived, organization_id, category_id) values (893, '893: Quickbeam', false, 5, 18);
insert into virtual_machines(id, name, archived, organization_id, category_id) values (894, '894: Samwise Gamgee', false, 5, 19);
insert into virtual_machines(id, name, archived, organization_id, category_id) values (895, '895: Faramir', false, 5, 20);
insert into virtual_machines(id, name, archived, organization_id, category_id) values (896, '896: Gollum', false, 5, 21);
insert into virtual_machines(id, name, archived, organization_id, category_id) values (897, '897: Denethor', false, 5, 22);
insert into virtual_machines(id, name, archived, organization_id, category_id) values (898, '898: Saruman the White', false, 5, 23);
insert into virtual_machines(id, name, archived, organization_id, category_id) values (899, '899: Shelob', false, 5, 24);
insert into virtual_machines(id, name, archived, organization_id, category_id) values (900, '900: Glorfindel', false, 5, 25);
insert into virtual_machines(id, name, archived, organization_id, category_id) values (901, '901: Éomer', false, 5, 1);
insert into virtual_machines(id, name, archived, organization_id, category_id) values (902, '902: Bilbo Baggins', false, 5, 2);
insert into virtual_machines(id, name, archived, organization_id, category_id) values (903, '903: Grìma Wormtongue', false, 5, 3);
insert into virtual_machines(id, name, archived, organization_id, category_id) values (904, '904: Peregrin Took', false, 5, 4);
insert into virtual_machines(id, name, archived, organization_id, category_id) values (905, '905: Grìma Wormtongue', false, 5, 5);
insert into virtual_machines(id, name, archived, organization_id, category_id) values (906, '906: Gollum', false, 5, 6);
insert into virtual_machines(id, name, archived, organization_id, category_id) values (907, '907: Sauron', false, 5, 7);
insert into virtual_machines(id, name, archived, organization_id, category_id) values (908, '908: Elrond', false, 5, 8);
insert into virtual_machines(id, name, archived, organization_id, category_id) values (909, '909: Sauron', false, 5, 9);
insert into virtual_machines(id, name, archived, organization_id, category_id) values (910, '910: Éomer', false, 5, 10);
insert into virtual_machines(id, name, archived, organization_id, category_id) values (911, '911: Boromir', false, 5, 11);
insert into virtual_machines(id, name, archived, organization_id, category_id) values (912, '912: Théoden', false, 5, 12);
insert into virtual_machines(id, name, archived, organization_id, category_id) values (913, '913: Gimli', false, 5, 13);
insert into virtual_machines(id, name, archived, organization_id, category_id) values (914, '914: Peregrin Took', false, 5, 14);
insert into virtual_machines(id, name, archived, organization_id, category_id) values (915, '915: Shadowfax', false, 5, 15);
insert into virtual_machines(id, name, archived, organization_id, category_id) values (916, '916: Meriadoc Brandybuck', false, 5, 16);
insert into virtual_machines(id, name, archived, organization_id, category_id) values (917, '917: Gimli', false, 5, 17);
insert into virtual_machines(id, name, archived, organization_id, category_id) values (918, '918: Legolas', false, 5, 18);
insert into virtual_machines(id, name, archived, organization_id, category_id) values (919, '919: Shadowfax', false, 5, 19);
insert into virtual_machines(id, name, archived, organization_id, category_id) values (920, '920: Aragorn', false, 5, 20);
insert into virtual_machines(id, name, archived, organization_id, category_id) values (921, '921: Tom Bombadil', false, 5, 21);
insert into virtual_machines(id, name, archived, organization_id, category_id) values (922, '922: Denethor', false, 5, 22);
insert into virtual_machines(id, name, archived, organization_id, category_id) values (923, '923: Théoden', false, 5, 23);
insert into virtual_machines(id, name, archived, organization_id, category_id) values (924, '924: Saruman the White', false, 5, 24);
insert into virtual_machines(id, name, archived, organization_id, category_id) values (925, '925: Gollum', false, 5, 25);
insert into virtual_machines(id, name, archived, organization_id, category_id) values (926, '926: Boromir', false, 5, 1);
insert into virtual_machines(id, name, archived, organization_id, category_id) values (927, '927: Arwen Evenstar', false, 5, 2);
insert into virtual_machines(id, name, archived, organization_id, category_id) values (928, '928: Galadriel', false, 5, 3);
insert into virtual_machines(id, name, archived, organization_id, category_id) values (929, '929: Beregond', false, 5, 4);
insert into virtual_machines(id, name, archived, organization_id, category_id) values (930, '930: Barliman Butterbur', false, 5, 5);
insert into virtual_machines(id, name, archived, organization_id, category_id) values (931, '931: Elrond', false, 5, 6);
insert into virtual_machines(id, name, archived, organization_id, category_id) values (932, '932: Gimli', false, 5, 7);
insert into virtual_machines(id, name, archived, organization_id, category_id) values (933, '933: Samwise Gamgee', false, 5, 8);
insert into virtual_machines(id, name, archived, organization_id, category_id) values (934, '934: Quickbeam', false, 5, 9);
insert into virtual_machines(id, name, archived, organization_id, category_id) values (935, '935: Treebeard', false, 5, 10);
insert into virtual_machines(id, name, archived, organization_id, category_id) values (936, '936: Bilbo Baggins', false, 5, 11);
insert into virtual_machines(id, name, archived, organization_id, category_id) values (937, '937: Faramir', false, 5, 12);
insert into virtual_machines(id, name, archived, organization_id, category_id) values (938, '938: Peregrin Took', false, 5, 13);
insert into virtual_machines(id, name, archived, organization_id, category_id) values (939, '939: Saruman the White', false, 5, 14);
insert into virtual_machines(id, name, archived, organization_id, category_id) values (940, '940: Gollum', false, 5, 15);
insert into virtual_machines(id, name, archived, organization_id, category_id) values (941, '941: Frodo Baggins', false, 5, 16);
insert into virtual_machines(id, name, archived, organization_id, category_id) values (942, '942: Glorfindel', false, 5, 17);
insert into virtual_machines(id, name, archived, organization_id, category_id) values (943, '943: Boromir', false, 5, 18);
insert into virtual_machines(id, name, archived, organization_id, category_id) values (944, '944: Galadriel', false, 5, 19);
insert into virtual_machines(id, name, archived, organization_id, category_id) values (945, '945: Bilbo Baggins', false, 5, 20);
insert into virtual_machines(id, name, archived, organization_id, category_id) values (946, '946: Bilbo Baggins', false, 5, 21);
insert into virtual_machines(id, name, archived, organization_id, category_id) values (947, '947: Elrond', false, 5, 22);
insert into virtual_machines(id, name, archived, organization_id, category_id) values (948, '948: Shelob', false, 5, 23);
insert into virtual_machines(id, name, archived, organization_id, category_id) values (949, '949: Glorfindel', false, 5, 24);
insert into virtual_machines(id, name, archived, organization_id, category_id) values (950, '950: Frodo Baggins', false, 5, 25);
insert into virtual_machines(id, name, archived, organization_id, category_id) values (951, '951: Meriadoc Brandybuck', false, 5, 1);
insert into virtual_machines(id, name, archived, organization_id, category_id) values (952, '952: Gimli', false, 5, 2);
insert into virtual_machines(id, name, archived, organization_id, category_id) values (953, '953: Éomer', false, 5, 3);
insert into virtual_machines(id, name, archived, organization_id, category_id) values (954, '954: Beregond', false, 5, 4);
insert into virtual_machines(id, name, archived, organization_id, category_id) values (955, '955: Glorfindel', false, 5, 5);
insert into virtual_machines(id, name, archived, organization_id, category_id) values (956, '956: Tom Bombadil', false, 5, 6);
insert into virtual_machines(id, name, archived, organization_id, category_id) values (957, '957: Denethor', false, 5, 7);
insert into virtual_machines(id, name, archived, organization_id, category_id) values (958, '958: Gimli', false, 5, 8);
insert into virtual_machines(id, name, archived, organization_id, category_id) values (959, '959: Glorfindel', false, 5, 9);
insert into virtual_machines(id, name, archived, organization_id, category_id) values (960, '960: Aragorn', false, 5, 10);
insert into virtual_machines(id, name, archived, organization_id, category_id) values (961, '961: Faramir', false, 5, 11);
insert into virtual_machines(id, name, archived, organization_id, category_id) values (962, '962: Arwen Evenstar', false, 5, 12);
insert into virtual_machines(id, name, archived, organization_id, category_id) values (963, '963: Galadriel', false, 5, 13);
insert into virtual_machines(id, name, archived, organization_id, category_id) values (964, '964: Samwise Gamgee', false, 5, 14);
insert into virtual_machines(id, name, archived, organization_id, category_id) values (965, '965: Gandalf the Grey', false, 5, 15);
insert into virtual_machines(id, name, archived, organization_id, category_id) values (966, '966: Gandalf the Grey', false, 5, 16);
insert into virtual_machines(id, name, archived, organization_id, category_id) values (967, '967: Gimli', false, 5, 17);
insert into virtual_machines(id, name, archived, organization_id, category_id) values (968, '968: Samwise Gamgee', false, 5, 18);
insert into virtual_machines(id, name, archived, organization_id, category_id) values (969, '969: Sauron', false, 5, 19);
insert into virtual_machines(id, name, archived, organization_id, category_id) values (970, '970: Legolas', false, 5, 20);
insert into virtual_machines(id, name, archived, organization_id, category_id) values (971, '971: Tom Bombadil', false, 5, 21);
insert into virtual_machines(id, name, archived, organization_id, category_id) values (972, '972: Legolas', false, 5, 22);
insert into virtual_machines(id, name, archived, organization_id, category_id) values (973, '973: Beregond', false, 5, 23);
insert into virtual_machines(id, name, archived, organization_id, category_id) values (974, '974: Saruman the White', false, 5, 24);
insert into virtual_machines(id, name, archived, organization_id, category_id) values (975, '975: Éomer', false, 5, 25);
insert into virtual_machines(id, name, archived, organization_id, category_id) values (976, '976: Treebeard', false, 5, 1);
insert into virtual_machines(id, name, archived, organization_id, category_id) values (977, '977: Shelob', false, 5, 2);
insert into virtual_machines(id, name, archived, organization_id, category_id) values (978, '978: Denethor', false, 5, 3);
insert into virtual_machines(id, name, archived, organization_id, category_id) values (979, '979: Faramir', false, 5, 4);
insert into virtual_machines(id, name, archived, organization_id, category_id) values (980, '980: Aragorn', false, 5, 5);
insert into virtual_machines(id, name, archived, organization_id, category_id) values (981, '981: Bilbo Baggins', false, 5, 6);
insert into virtual_machines(id, name, archived, organization_id, category_id) values (982, '982: Galadriel', false, 5, 7);
insert into virtual_machines(id, name, archived, organization_id, category_id) values (983, '983: Grìma Wormtongue', false, 5, 8);
insert into virtual_machines(id, name, archived, organization_id, category_id) values (984, '984: Quickbeam', false, 5, 9);
insert into virtual_machines(id, name, archived, organization_id, category_id) values (985, '985: Denethor', false, 5, 10);
insert into virtual_machines(id, name, archived, organization_id, category_id) values (986, '986: Quickbeam', false, 5, 11);
insert into virtual_machines(id, name, archived, organization_id, category_id) values (987, '987: Meriadoc Brandybuck', false, 5, 12);
insert into virtual_machines(id, name, archived, organization_id, category_id) values (988, '988: Quickbeam', false, 5, 13);
insert into virtual_machines(id, name, archived, organization_id, category_id) values (989, '989: Sauron', false, 5, 14);
insert into virtual_machines(id, name, archived, organization_id, category_id) values (990, '990: Grìma Wormtongue', false, 5, 15);
insert into virtual_machines(id, name, archived, organization_id, category_id) values (991, '991: Boromir', false, 5, 16);
insert into virtual_machines(id, name, archived, organization_id, category_id) values (992, '992: Théoden', false, 5, 17);
insert into virtual_machines(id, name, archived, organization_id, category_id) values (993, '993: Meriadoc Brandybuck', false, 5, 18);
insert into virtual_machines(id, name, archived, organization_id, category_id) values (994, '994: Legolas', false, 5, 19);
insert into virtual_machines(id, name, archived, organization_id, category_id) values (995, '995: Éomer', false, 5, 20);
insert into virtual_machines(id, name, archived, organization_id, category_id) values (996, '996: Gandalf the Grey', false, 5, 21);
insert into virtual_machines(id, name, archived, organization_id, category_id) values (997, '997: Gandalf the Grey', false, 5, 22);
insert into virtual_machines(id, name, archived, organization_id, category_id) values (998, '998: Barliman Butterbur', false, 5, 23);
insert into virtual_machines(id, name, archived, organization_id, category_id) values (999, '999: Éomer', false, 5, 24);
insert into virtual_machines(id, name, archived, organization_id, category_id) values (1000, '1000: Treebeard', false, 5, 25);
--------------------------------------------------------------------------------------------------------------------------------------------------------------------------------------------------------
--------------------------------------------------------------------------------------------------------------------------------------------------------------------------------------------------------

--------------------------------------------------------------------------------------------------------------------------------------------------------------------------------------------------------
--------------------------------------------------------------------------------------- Altering machine_id_seq ----------------------------------------------------------------------------------------
alter sequence machine_id_seq restart with 1001;
--------------------------------------------------------------------------------------------------------------------------------------------------------------------------------------------------------
--------------------------------------------------------------------------------------------------------------------------------------------------------------------------------------------------------

