-- Passwords are hashed using BCrypt algorithm https://bcrypt-generator.com/
-- Passwords for all users are:
--
-- Scripts combined generate database for cloud-service-provider
-- It generates:
--	- 5 super admins
--	- 25 admins
--	- 50 users
--	- 5 organizations
--		- 5 admins per organization
--		- 10 users per organization
--		- 200 machines per organization
--		- 500 drives per organization
--	- 25 categories
--	- 1000 machines
--	- 2500 drives
--	- 20500 activities
--		- 20000 finished activities
--		- 500 unfinished activities
--
--------------------------------------------------------------------------------------------------------------------------------------------------------------------------------------------------------
--------------------------------------------------------------------------------------- inserting organizations ----------------------------------------------------------------------------------------
insert into organizations(id, name, description, logo, archived) values (1, '1: Nappa', 'Nihil nobis rerum nihil ipsa.Consequatur optio nemo aut doloremque quia.Repudiandae fugit ea corporis nobis.Repellat nam iste eos omnis.Dolorum a cupiditate sequi voluptas maiores nulla quasi.Non vel totam quos ratione eaque officia.Sed magnam qui ut corporis architecto facilis architecto.Amet cumque nihil sed sed repellat.Est voluptatibus libero consequatur ut maiores fuga.Fugit rem aliquam nisi velit.Sequi repellat qui nobis omnis veniam vero aspernatur.Magni maxime corporis nihil qui fuga.Corporis repellendus ipsa non nulla nostrum deleniti voluptate.Est ut repudiandae illo neque.Repellendus qui omnis.Doloribus ad molestiae voluptas dicta alias laborum.Magnam dolorem non.Soluta eaque eos voluptate qui ut eius sapiente.Neque sed velit quas nihil.Vitae cumque fuga dignissimos.Est voluptatem nihil aut.Amet quam modi sed.Non consequatur eos ullam.Non qui ut et ut.Est recusandae beatae.Nihil eius sed dolor facilis placeat.Debitis blanditiis excepturi id ut.Et sit dolores quam.Odit ullam ', 'D:\ARad\cloud-service-provider\cloud-api\cloud\.\images\organization\organization 1.jpg', false);
insert into organizations(id, name, description, logo, archived) values (2, '2: Bulma', 'Vero voluptatum at omnis porro maiores accusamus omnis.Quod labore quia amet provident.Optio labore fugit dolores nesciunt sunt at.Dolor ratione dolores aliquam vitae.Assumenda temporibus consectetur quod eum quibusdam et fugit.Explicabo et maxime facere maiores.Maiores facilis enim sint sint.Minus eaque velit optio saepe.Est amet fugiat.Harum impedit est.Vel deserunt ea magnam incidunt.Labore voluptas sed qui molestiae rerum consequatur.Voluptatum omnis et et quas.Velit eum ipsum explicabo facere natus numquam error.Placeat nemo quis.Quae magnam maiores nemo quaerat in.Voluptatem nulla fuga dignissimos magni qui.Non pariatur sequi.Voluptate sed qui non sed.Qui in dolor officiis.Nam laboriosam a doloribus.Itaque error vero sit voluptatem ullam sed.Voluptates et ducimus aliquid veniam in unde.Voluptates ipsum est quaerat voluptatem.Doloribus dolore eligendi omnis rerum.Dolor amet voluptatem omnis non ut eveniet.Doloremque dolor nihil omnis.Sint rerum eveniet labore pariatur saepe eum.As', 'D:\ARad\cloud-service-provider\cloud-api\cloud\.\images\organization\organization 2.jpg', false);
insert into organizations(id, name, description, logo, archived) values (3, '3: Krillin', 'Voluptas a magnam quia.Suscipit dignissimos quam voluptatem perspiciatis quasi.Explicabo voluptas ipsa voluptatem sint.Sed aut ipsa sed eos.Autem sit consequatur eligendi aliquid eius.Ut aspernatur sint.Qui voluptatem qui.Voluptatem quae cumque in voluptas quasi.Qui esse saepe at quos modi sed eveniet.Deserunt accusamus tempore qui qui.Et modi fugit sunt.Dolores nam sunt et nesciunt quibusdam iusto qui.Omnis quas et quod.Quis officia qui ut.Sit est aut et dolores asperiores.Perspiciatis sunt maiores corrupti cupiditate quo.Qui alias et repellat unde.Laudantium aperiam est nobis sed voluptas distinctio.Est beatae sequi beatae error omnis.Inventore qui deserunt voluptatibus ipsa vel sed.Voluptas praesentium velit sed illo laudantium error.Officiis perspiciatis assumenda mollitia.Incidunt iure autem nostrum adipisci voluptas sint.Iste doloremque facilis quos accusamus ad qui et.Aut minima nesciunt temporibus quaerat.Nesciunt qui aut occaecati animi quae.Non quia porro aut similique.Quis p', 'D:\ARad\cloud-service-provider\cloud-api\cloud\.\images\organization\organization 3.jpg', false);
insert into organizations(id, name, description, logo, archived) values (4, '4: Hit', 'Facilis suscipit minus.Autem voluptas qui corrupti laboriosam ipsum earum.Doloribus ducimus dolore vitae natus ipsa ab culpa.Voluptas eum necessitatibus.Voluptas aut dolor possimus occaecati eum iusto.Explicabo consequatur totam.Sunt sed consequatur aut voluptates qui recusandae tempore.Vel a quasi aliquam dicta quisquam est.Perferendis aut laudantium facere nam.Voluptatibus ullam voluptates voluptatem doloremque aut et veritatis.Voluptas voluptatem velit aut placeat quam magni.Cum consequatur quia.Dolorem mollitia autem non at dicta placeat.Provident qui maiores.Ducimus consequatur a.Earum sunt nemo natus sapiente.Nostrum consequatur occaecati sapiente.Voluptatem veritatis vel quia aut culpa quia.Voluptatem veritatis et sit voluptate.Sed quod voluptatem ut nulla autem.Maxime qui provident.Officiis quibusdam asperiores et.Ut eum voluptatum quas aspernatur.Deleniti in molestias.Dolorum qui accusamus.Eligendi est laboriosam voluptatem consequatur laborum.Ipsam a iste at nobis.Fugiat omni', 'D:\ARad\cloud-service-provider\cloud-api\cloud\.\images\organization\organization 4.jpg', false);
insert into organizations(id, name, description, logo, archived) values (5, '5: Mystic Gohan', 'Doloribus magnam iusto cum et amet et.Rem veniam reprehenderit voluptatem omnis.In quia dolor illum sed provident debitis voluptatem.Magni minima ex est voluptas.Natus aperiam quia eos minus.Quibusdam voluptate aut.Reiciendis debitis doloremque vel dolorem totam esse.Sunt deleniti velit recusandae unde natus.Ut dolore saepe tempora necessitatibus ut aut.Ipsum et laudantium.Et temporibus est nulla optio.Eligendi repudiandae sit hic sunt saepe dicta.Voluptates qui nostrum.Veritatis enim sunt aut.Ut optio ut et itaque rerum.Vitae ullam qui.Voluptas non harum aspernatur ut.Animi vel nihil cumque.Maxime ut in rerum sit.Fuga aut facere sunt eos.Perferendis qui quia dolore non voluptas earum.Eligendi vitae omnis qui numquam hic aliquid sed.Voluptatem beatae laudantium non minus aut minus eaque.Ut nulla ipsum incidunt dolorem sed.Modi ipsum voluptatem laborum.Nihil esse laboriosam sint ullam.Voluptas corrupti accusantium nihil ut ut voluptas.Quae expedita quis voluptas provident.Voluptates dis', 'D:\ARad\cloud-service-provider\cloud-api\cloud\.\images\organization\organization 5.jpg', false);
--------------------------------------------------------------------------------------------------------------------------------------------------------------------------------------------------------
--------------------------------------------------------------------------------------------------------------------------------------------------------------------------------------------------------

--------------------------------------------------------------------------------------------------------------------------------------------------------------------------------------------------------
------------------------------------------------------------------------------------- Altering organization_id_seq -------------------------------------------------------------------------------------
alter sequence organization_id_seq restart with 6;
--------------------------------------------------------------------------------------------------------------------------------------------------------------------------------------------------------
--------------------------------------------------------------------------------------------------------------------------------------------------------------------------------------------------------

--------------------------------------------------------------------------------------------------------------------------------------------------------------------------------------------------------
------------------------------------------------------------------------------------------- inserting roles --------------------------------------------------------------------------------------------
insert into roles (id, name) values (1, 'ROLE_SUPER_ADMIN');
insert into roles (id, name) values (2, 'ROLE_ADMIN');
insert into roles (id, name) values (3, 'ROLE_USER');
--------------------------------------------------------------------------------------------------------------------------------------------------------------------------------------------------------
--------------------------------------------------------------------------------------------------------------------------------------------------------------------------------------------------------

--------------------------------------------------------------------------------------------------------------------------------------------------------------------------------------------------------
----------------------------------------------------------------------------------------- Altering role_id_seq -----------------------------------------------------------------------------------------
alter sequence role_id_seq restart with 4;
--------------------------------------------------------------------------------------------------------------------------------------------------------------------------------------------------------
--------------------------------------------------------------------------------------------------------------------------------------------------------------------------------------------------------

--------------------------------------------------------------------------------------------------------------------------------------------------------------------------------------------------------
------------------------------------------------------------------------------------------- inserting users --------------------------------------------------------------------------------------------
insert into users(id, name, surname, email, username, password, archived, role_id, organization_id) values (1, 'Terrence', 'Conroy', 'superadmin1@gmail.com', 'superadmin1', '$2a$10$JCYrt8QGHg4suBXWiRgjKu93h5DCq3yFDXMDsTY/Itkgeu3h3pCE6', false, 1, null);
insert into users(id, name, surname, email, username, password, archived, role_id, organization_id) values (2, 'Paulita', 'Beahan', 'superadmin2@gmail.com', 'superadmin2', '$2a$10$JCYrt8QGHg4suBXWiRgjKu93h5DCq3yFDXMDsTY/Itkgeu3h3pCE6', false, 1, null);
insert into users(id, name, surname, email, username, password, archived, role_id, organization_id) values (3, 'Carlos', 'Abbott', 'superadmin3@gmail.com', 'superadmin3', '$2a$10$JCYrt8QGHg4suBXWiRgjKu93h5DCq3yFDXMDsTY/Itkgeu3h3pCE6', false, 1, null);
insert into users(id, name, surname, email, username, password, archived, role_id, organization_id) values (4, 'Edison', 'O''Connell', 'superadmin4@gmail.com', 'superadmin4', '$2a$10$JCYrt8QGHg4suBXWiRgjKu93h5DCq3yFDXMDsTY/Itkgeu3h3pCE6', false, 1, null);
insert into users(id, name, surname, email, username, password, archived, role_id, organization_id) values (5, 'Inez', 'Schinner', 'superadmin5@gmail.com', 'superadmin5', '$2a$10$JCYrt8QGHg4suBXWiRgjKu93h5DCq3yFDXMDsTY/Itkgeu3h3pCE6', false, 1, null);
insert into users(id, name, surname, email, username, password, archived, role_id, organization_id) values (6, 'Sid', 'Feest', 'admin1@gmail.com', 'admin1', '$2a$10$JCYrt8QGHg4suBXWiRgjKu93h5DCq3yFDXMDsTY/Itkgeu3h3pCE6', false, 2, 1);
insert into users(id, name, surname, email, username, password, archived, role_id, organization_id) values (7, 'Coral', 'Swift', 'admin2@gmail.com', 'admin2', '$2a$10$JCYrt8QGHg4suBXWiRgjKu93h5DCq3yFDXMDsTY/Itkgeu3h3pCE6', false, 2, 1);
insert into users(id, name, surname, email, username, password, archived, role_id, organization_id) values (8, 'Casey', 'Harris', 'admin3@gmail.com', 'admin3', '$2a$10$JCYrt8QGHg4suBXWiRgjKu93h5DCq3yFDXMDsTY/Itkgeu3h3pCE6', false, 2, 1);
insert into users(id, name, surname, email, username, password, archived, role_id, organization_id) values (9, 'Candance', 'Hahn', 'admin4@gmail.com', 'admin4', '$2a$10$JCYrt8QGHg4suBXWiRgjKu93h5DCq3yFDXMDsTY/Itkgeu3h3pCE6', false, 2, 1);
insert into users(id, name, surname, email, username, password, archived, role_id, organization_id) values (10, 'Jc', 'Marquardt', 'admin5@gmail.com', 'admin5', '$2a$10$JCYrt8QGHg4suBXWiRgjKu93h5DCq3yFDXMDsTY/Itkgeu3h3pCE6', false, 2, 1);
insert into users(id, name, surname, email, username, password, archived, role_id, organization_id) values (11, 'Nelson', 'Bauch', 'admin6@gmail.com', 'admin6', '$2a$10$JCYrt8QGHg4suBXWiRgjKu93h5DCq3yFDXMDsTY/Itkgeu3h3pCE6', false, 2, 2);
insert into users(id, name, surname, email, username, password, archived, role_id, organization_id) values (12, 'Sean', 'Pacocha', 'admin7@gmail.com', 'admin7', '$2a$10$JCYrt8QGHg4suBXWiRgjKu93h5DCq3yFDXMDsTY/Itkgeu3h3pCE6', false, 2, 2);
insert into users(id, name, surname, email, username, password, archived, role_id, organization_id) values (13, 'Keisha', 'Stokes', 'admin8@gmail.com', 'admin8', '$2a$10$JCYrt8QGHg4suBXWiRgjKu93h5DCq3yFDXMDsTY/Itkgeu3h3pCE6', false, 2, 2);
insert into users(id, name, surname, email, username, password, archived, role_id, organization_id) values (14, 'Brandee', 'Zulauf', 'admin9@gmail.com', 'admin9', '$2a$10$JCYrt8QGHg4suBXWiRgjKu93h5DCq3yFDXMDsTY/Itkgeu3h3pCE6', false, 2, 2);
insert into users(id, name, surname, email, username, password, archived, role_id, organization_id) values (15, 'Slyvia', 'Luettgen', 'admin10@gmail.com', 'admin10', '$2a$10$JCYrt8QGHg4suBXWiRgjKu93h5DCq3yFDXMDsTY/Itkgeu3h3pCE6', false, 2, 2);
insert into users(id, name, surname, email, username, password, archived, role_id, organization_id) values (16, 'Darrin', 'Torp', 'admin11@gmail.com', 'admin11', '$2a$10$JCYrt8QGHg4suBXWiRgjKu93h5DCq3yFDXMDsTY/Itkgeu3h3pCE6', false, 2, 3);
insert into users(id, name, surname, email, username, password, archived, role_id, organization_id) values (17, 'Coreen', 'Ziemann', 'admin12@gmail.com', 'admin12', '$2a$10$JCYrt8QGHg4suBXWiRgjKu93h5DCq3yFDXMDsTY/Itkgeu3h3pCE6', false, 2, 3);
insert into users(id, name, surname, email, username, password, archived, role_id, organization_id) values (18, 'Emery', 'Willms', 'admin13@gmail.com', 'admin13', '$2a$10$JCYrt8QGHg4suBXWiRgjKu93h5DCq3yFDXMDsTY/Itkgeu3h3pCE6', false, 2, 3);
insert into users(id, name, surname, email, username, password, archived, role_id, organization_id) values (19, 'Ling', 'Price', 'admin14@gmail.com', 'admin14', '$2a$10$JCYrt8QGHg4suBXWiRgjKu93h5DCq3yFDXMDsTY/Itkgeu3h3pCE6', false, 2, 3);
insert into users(id, name, surname, email, username, password, archived, role_id, organization_id) values (20, 'Bruce', 'Bernier', 'admin15@gmail.com', 'admin15', '$2a$10$JCYrt8QGHg4suBXWiRgjKu93h5DCq3yFDXMDsTY/Itkgeu3h3pCE6', false, 2, 3);
insert into users(id, name, surname, email, username, password, archived, role_id, organization_id) values (21, 'Duane', 'Brekke', 'admin16@gmail.com', 'admin16', '$2a$10$JCYrt8QGHg4suBXWiRgjKu93h5DCq3yFDXMDsTY/Itkgeu3h3pCE6', false, 2, 4);
insert into users(id, name, surname, email, username, password, archived, role_id, organization_id) values (22, 'Breanna', 'Dickinson', 'admin17@gmail.com', 'admin17', '$2a$10$JCYrt8QGHg4suBXWiRgjKu93h5DCq3yFDXMDsTY/Itkgeu3h3pCE6', false, 2, 4);
insert into users(id, name, surname, email, username, password, archived, role_id, organization_id) values (23, 'Ed', 'Hane', 'admin18@gmail.com', 'admin18', '$2a$10$JCYrt8QGHg4suBXWiRgjKu93h5DCq3yFDXMDsTY/Itkgeu3h3pCE6', false, 2, 4);
insert into users(id, name, surname, email, username, password, archived, role_id, organization_id) values (24, 'Leontine', 'Harris', 'admin19@gmail.com', 'admin19', '$2a$10$JCYrt8QGHg4suBXWiRgjKu93h5DCq3yFDXMDsTY/Itkgeu3h3pCE6', false, 2, 4);
insert into users(id, name, surname, email, username, password, archived, role_id, organization_id) values (25, 'Ernie', 'Kuhn', 'admin20@gmail.com', 'admin20', '$2a$10$JCYrt8QGHg4suBXWiRgjKu93h5DCq3yFDXMDsTY/Itkgeu3h3pCE6', false, 2, 4);
insert into users(id, name, surname, email, username, password, archived, role_id, organization_id) values (26, 'Earle', 'Rogahn', 'admin21@gmail.com', 'admin21', '$2a$10$JCYrt8QGHg4suBXWiRgjKu93h5DCq3yFDXMDsTY/Itkgeu3h3pCE6', false, 2, 5);
insert into users(id, name, surname, email, username, password, archived, role_id, organization_id) values (27, 'Wilburn', 'Hayes', 'admin22@gmail.com', 'admin22', '$2a$10$JCYrt8QGHg4suBXWiRgjKu93h5DCq3yFDXMDsTY/Itkgeu3h3pCE6', false, 2, 5);
insert into users(id, name, surname, email, username, password, archived, role_id, organization_id) values (28, 'Refugio', 'Johns', 'admin23@gmail.com', 'admin23', '$2a$10$JCYrt8QGHg4suBXWiRgjKu93h5DCq3yFDXMDsTY/Itkgeu3h3pCE6', false, 2, 5);
insert into users(id, name, surname, email, username, password, archived, role_id, organization_id) values (29, 'Suellen', 'Hudson', 'admin24@gmail.com', 'admin24', '$2a$10$JCYrt8QGHg4suBXWiRgjKu93h5DCq3yFDXMDsTY/Itkgeu3h3pCE6', false, 2, 5);
insert into users(id, name, surname, email, username, password, archived, role_id, organization_id) values (30, 'Valentin', 'Wyman', 'admin25@gmail.com', 'admin25', '$2a$10$JCYrt8QGHg4suBXWiRgjKu93h5DCq3yFDXMDsTY/Itkgeu3h3pCE6', false, 2, 5);
insert into users(id, name, surname, email, username, password, archived, role_id, organization_id) values (31, 'Tiffanie', 'Baumbach', 'user1@gmail.com', 'user1', '$2a$10$JCYrt8QGHg4suBXWiRgjKu93h5DCq3yFDXMDsTY/Itkgeu3h3pCE6', false, 3, 1);
insert into users(id, name, surname, email, username, password, archived, role_id, organization_id) values (32, 'Vicenta', 'Hilpert', 'user2@gmail.com', 'user2', '$2a$10$JCYrt8QGHg4suBXWiRgjKu93h5DCq3yFDXMDsTY/Itkgeu3h3pCE6', false, 3, 1);
insert into users(id, name, surname, email, username, password, archived, role_id, organization_id) values (33, 'Guillermo', 'Legros', 'user3@gmail.com', 'user3', '$2a$10$JCYrt8QGHg4suBXWiRgjKu93h5DCq3yFDXMDsTY/Itkgeu3h3pCE6', false, 3, 1);
insert into users(id, name, surname, email, username, password, archived, role_id, organization_id) values (34, 'Doretha', 'Champlin', 'user4@gmail.com', 'user4', '$2a$10$JCYrt8QGHg4suBXWiRgjKu93h5DCq3yFDXMDsTY/Itkgeu3h3pCE6', false, 3, 1);
insert into users(id, name, surname, email, username, password, archived, role_id, organization_id) values (35, 'Lamonica', 'Wilderman', 'user5@gmail.com', 'user5', '$2a$10$JCYrt8QGHg4suBXWiRgjKu93h5DCq3yFDXMDsTY/Itkgeu3h3pCE6', false, 3, 1);
insert into users(id, name, surname, email, username, password, archived, role_id, organization_id) values (36, 'Evita', 'Altenwerth', 'user6@gmail.com', 'user6', '$2a$10$JCYrt8QGHg4suBXWiRgjKu93h5DCq3yFDXMDsTY/Itkgeu3h3pCE6', false, 3, 1);
insert into users(id, name, surname, email, username, password, archived, role_id, organization_id) values (37, 'Cole', 'Leannon', 'user7@gmail.com', 'user7', '$2a$10$JCYrt8QGHg4suBXWiRgjKu93h5DCq3yFDXMDsTY/Itkgeu3h3pCE6', false, 3, 1);
insert into users(id, name, surname, email, username, password, archived, role_id, organization_id) values (38, 'Dino', 'Zulauf', 'user8@gmail.com', 'user8', '$2a$10$JCYrt8QGHg4suBXWiRgjKu93h5DCq3yFDXMDsTY/Itkgeu3h3pCE6', false, 3, 1);
insert into users(id, name, surname, email, username, password, archived, role_id, organization_id) values (39, 'Natosha', 'Hirthe', 'user9@gmail.com', 'user9', '$2a$10$JCYrt8QGHg4suBXWiRgjKu93h5DCq3yFDXMDsTY/Itkgeu3h3pCE6', false, 3, 1);
insert into users(id, name, surname, email, username, password, archived, role_id, organization_id) values (40, 'Loree', 'Turner', 'user10@gmail.com', 'user10', '$2a$10$JCYrt8QGHg4suBXWiRgjKu93h5DCq3yFDXMDsTY/Itkgeu3h3pCE6', false, 3, 1);
insert into users(id, name, surname, email, username, password, archived, role_id, organization_id) values (41, 'Lessie', 'Harvey', 'user11@gmail.com', 'user11', '$2a$10$JCYrt8QGHg4suBXWiRgjKu93h5DCq3yFDXMDsTY/Itkgeu3h3pCE6', false, 3, 2);
insert into users(id, name, surname, email, username, password, archived, role_id, organization_id) values (42, 'Earl', 'Muller', 'user12@gmail.com', 'user12', '$2a$10$JCYrt8QGHg4suBXWiRgjKu93h5DCq3yFDXMDsTY/Itkgeu3h3pCE6', false, 3, 2);
insert into users(id, name, surname, email, username, password, archived, role_id, organization_id) values (43, 'Antonette', 'Kozey', 'user13@gmail.com', 'user13', '$2a$10$JCYrt8QGHg4suBXWiRgjKu93h5DCq3yFDXMDsTY/Itkgeu3h3pCE6', false, 3, 2);
insert into users(id, name, surname, email, username, password, archived, role_id, organization_id) values (44, 'Roxanna', 'Strosin', 'user14@gmail.com', 'user14', '$2a$10$JCYrt8QGHg4suBXWiRgjKu93h5DCq3yFDXMDsTY/Itkgeu3h3pCE6', false, 3, 2);
insert into users(id, name, surname, email, username, password, archived, role_id, organization_id) values (45, 'Andrew', 'Kuphal', 'user15@gmail.com', 'user15', '$2a$10$JCYrt8QGHg4suBXWiRgjKu93h5DCq3yFDXMDsTY/Itkgeu3h3pCE6', false, 3, 2);
insert into users(id, name, surname, email, username, password, archived, role_id, organization_id) values (46, 'Dottie', 'Howe', 'user16@gmail.com', 'user16', '$2a$10$JCYrt8QGHg4suBXWiRgjKu93h5DCq3yFDXMDsTY/Itkgeu3h3pCE6', false, 3, 2);
insert into users(id, name, surname, email, username, password, archived, role_id, organization_id) values (47, 'Lauren', 'Keebler', 'user17@gmail.com', 'user17', '$2a$10$JCYrt8QGHg4suBXWiRgjKu93h5DCq3yFDXMDsTY/Itkgeu3h3pCE6', false, 3, 2);
insert into users(id, name, surname, email, username, password, archived, role_id, organization_id) values (48, 'Dorsey', 'Breitenberg', 'user18@gmail.com', 'user18', '$2a$10$JCYrt8QGHg4suBXWiRgjKu93h5DCq3yFDXMDsTY/Itkgeu3h3pCE6', false, 3, 2);
insert into users(id, name, surname, email, username, password, archived, role_id, organization_id) values (49, 'Myrta', 'Mohr', 'user19@gmail.com', 'user19', '$2a$10$JCYrt8QGHg4suBXWiRgjKu93h5DCq3yFDXMDsTY/Itkgeu3h3pCE6', false, 3, 2);
insert into users(id, name, surname, email, username, password, archived, role_id, organization_id) values (50, 'Pearl', 'Hand', 'user20@gmail.com', 'user20', '$2a$10$JCYrt8QGHg4suBXWiRgjKu93h5DCq3yFDXMDsTY/Itkgeu3h3pCE6', false, 3, 2);
insert into users(id, name, surname, email, username, password, archived, role_id, organization_id) values (51, 'Miguel', 'King', 'user21@gmail.com', 'user21', '$2a$10$JCYrt8QGHg4suBXWiRgjKu93h5DCq3yFDXMDsTY/Itkgeu3h3pCE6', false, 3, 3);
insert into users(id, name, surname, email, username, password, archived, role_id, organization_id) values (52, 'Mildred', 'Price', 'user22@gmail.com', 'user22', '$2a$10$JCYrt8QGHg4suBXWiRgjKu93h5DCq3yFDXMDsTY/Itkgeu3h3pCE6', false, 3, 3);
insert into users(id, name, surname, email, username, password, archived, role_id, organization_id) values (53, 'Isreal', 'Kemmer', 'user23@gmail.com', 'user23', '$2a$10$JCYrt8QGHg4suBXWiRgjKu93h5DCq3yFDXMDsTY/Itkgeu3h3pCE6', false, 3, 3);
insert into users(id, name, surname, email, username, password, archived, role_id, organization_id) values (54, 'Lanora', 'Stark', 'user24@gmail.com', 'user24', '$2a$10$JCYrt8QGHg4suBXWiRgjKu93h5DCq3yFDXMDsTY/Itkgeu3h3pCE6', false, 3, 3);
insert into users(id, name, surname, email, username, password, archived, role_id, organization_id) values (55, 'Mickey', 'Pfannerstill', 'user25@gmail.com', 'user25', '$2a$10$JCYrt8QGHg4suBXWiRgjKu93h5DCq3yFDXMDsTY/Itkgeu3h3pCE6', false, 3, 3);
insert into users(id, name, surname, email, username, password, archived, role_id, organization_id) values (56, 'Dino', 'Conn', 'user26@gmail.com', 'user26', '$2a$10$JCYrt8QGHg4suBXWiRgjKu93h5DCq3yFDXMDsTY/Itkgeu3h3pCE6', false, 3, 3);
insert into users(id, name, surname, email, username, password, archived, role_id, organization_id) values (57, 'Thad', 'Metz', 'user27@gmail.com', 'user27', '$2a$10$JCYrt8QGHg4suBXWiRgjKu93h5DCq3yFDXMDsTY/Itkgeu3h3pCE6', false, 3, 3);
insert into users(id, name, surname, email, username, password, archived, role_id, organization_id) values (58, 'Ethelene', 'Johnson', 'user28@gmail.com', 'user28', '$2a$10$JCYrt8QGHg4suBXWiRgjKu93h5DCq3yFDXMDsTY/Itkgeu3h3pCE6', false, 3, 3);
insert into users(id, name, surname, email, username, password, archived, role_id, organization_id) values (59, 'Rossie', 'DuBuque', 'user29@gmail.com', 'user29', '$2a$10$JCYrt8QGHg4suBXWiRgjKu93h5DCq3yFDXMDsTY/Itkgeu3h3pCE6', false, 3, 3);
insert into users(id, name, surname, email, username, password, archived, role_id, organization_id) values (60, 'Brooke', 'Hamill', 'user30@gmail.com', 'user30', '$2a$10$JCYrt8QGHg4suBXWiRgjKu93h5DCq3yFDXMDsTY/Itkgeu3h3pCE6', false, 3, 3);
insert into users(id, name, surname, email, username, password, archived, role_id, organization_id) values (61, 'Annice', 'Cole', 'user31@gmail.com', 'user31', '$2a$10$JCYrt8QGHg4suBXWiRgjKu93h5DCq3yFDXMDsTY/Itkgeu3h3pCE6', false, 3, 4);
insert into users(id, name, surname, email, username, password, archived, role_id, organization_id) values (62, 'Theodore', 'Ryan', 'user32@gmail.com', 'user32', '$2a$10$JCYrt8QGHg4suBXWiRgjKu93h5DCq3yFDXMDsTY/Itkgeu3h3pCE6', false, 3, 4);
insert into users(id, name, surname, email, username, password, archived, role_id, organization_id) values (63, 'Fabiola', 'Romaguera', 'user33@gmail.com', 'user33', '$2a$10$JCYrt8QGHg4suBXWiRgjKu93h5DCq3yFDXMDsTY/Itkgeu3h3pCE6', false, 3, 4);
insert into users(id, name, surname, email, username, password, archived, role_id, organization_id) values (64, 'Bert', 'Ruecker', 'user34@gmail.com', 'user34', '$2a$10$JCYrt8QGHg4suBXWiRgjKu93h5DCq3yFDXMDsTY/Itkgeu3h3pCE6', false, 3, 4);
insert into users(id, name, surname, email, username, password, archived, role_id, organization_id) values (65, 'Adella', 'Bergstrom', 'user35@gmail.com', 'user35', '$2a$10$JCYrt8QGHg4suBXWiRgjKu93h5DCq3yFDXMDsTY/Itkgeu3h3pCE6', false, 3, 4);
insert into users(id, name, surname, email, username, password, archived, role_id, organization_id) values (66, 'Lesha', 'Becker', 'user36@gmail.com', 'user36', '$2a$10$JCYrt8QGHg4suBXWiRgjKu93h5DCq3yFDXMDsTY/Itkgeu3h3pCE6', false, 3, 4);
insert into users(id, name, surname, email, username, password, archived, role_id, organization_id) values (67, 'Trinidad', 'Wehner', 'user37@gmail.com', 'user37', '$2a$10$JCYrt8QGHg4suBXWiRgjKu93h5DCq3yFDXMDsTY/Itkgeu3h3pCE6', false, 3, 4);
insert into users(id, name, surname, email, username, password, archived, role_id, organization_id) values (68, 'Dena', 'Ryan', 'user38@gmail.com', 'user38', '$2a$10$JCYrt8QGHg4suBXWiRgjKu93h5DCq3yFDXMDsTY/Itkgeu3h3pCE6', false, 3, 4);
insert into users(id, name, surname, email, username, password, archived, role_id, organization_id) values (69, 'Hiedi', 'Barton', 'user39@gmail.com', 'user39', '$2a$10$JCYrt8QGHg4suBXWiRgjKu93h5DCq3yFDXMDsTY/Itkgeu3h3pCE6', false, 3, 4);
insert into users(id, name, surname, email, username, password, archived, role_id, organization_id) values (70, 'Kimberli', 'Bergnaum', 'user40@gmail.com', 'user40', '$2a$10$JCYrt8QGHg4suBXWiRgjKu93h5DCq3yFDXMDsTY/Itkgeu3h3pCE6', false, 3, 4);
insert into users(id, name, surname, email, username, password, archived, role_id, organization_id) values (71, 'Merissa', 'Schoen', 'user41@gmail.com', 'user41', '$2a$10$JCYrt8QGHg4suBXWiRgjKu93h5DCq3yFDXMDsTY/Itkgeu3h3pCE6', false, 3, 5);
insert into users(id, name, surname, email, username, password, archived, role_id, organization_id) values (72, 'Mercedez', 'Robel', 'user42@gmail.com', 'user42', '$2a$10$JCYrt8QGHg4suBXWiRgjKu93h5DCq3yFDXMDsTY/Itkgeu3h3pCE6', false, 3, 5);
insert into users(id, name, surname, email, username, password, archived, role_id, organization_id) values (73, 'Jenelle', 'Ziemann', 'user43@gmail.com', 'user43', '$2a$10$JCYrt8QGHg4suBXWiRgjKu93h5DCq3yFDXMDsTY/Itkgeu3h3pCE6', false, 3, 5);
insert into users(id, name, surname, email, username, password, archived, role_id, organization_id) values (74, 'Emil', 'Greenholt', 'user44@gmail.com', 'user44', '$2a$10$JCYrt8QGHg4suBXWiRgjKu93h5DCq3yFDXMDsTY/Itkgeu3h3pCE6', false, 3, 5);
insert into users(id, name, surname, email, username, password, archived, role_id, organization_id) values (75, 'Modesta', 'Connelly', 'user45@gmail.com', 'user45', '$2a$10$JCYrt8QGHg4suBXWiRgjKu93h5DCq3yFDXMDsTY/Itkgeu3h3pCE6', false, 3, 5);
insert into users(id, name, surname, email, username, password, archived, role_id, organization_id) values (76, 'Caryn', 'Leuschke', 'user46@gmail.com', 'user46', '$2a$10$JCYrt8QGHg4suBXWiRgjKu93h5DCq3yFDXMDsTY/Itkgeu3h3pCE6', false, 3, 5);
insert into users(id, name, surname, email, username, password, archived, role_id, organization_id) values (77, 'Dannie', 'Deckow', 'user47@gmail.com', 'user47', '$2a$10$JCYrt8QGHg4suBXWiRgjKu93h5DCq3yFDXMDsTY/Itkgeu3h3pCE6', false, 3, 5);
insert into users(id, name, surname, email, username, password, archived, role_id, organization_id) values (78, 'Leslie', 'Anderson', 'user48@gmail.com', 'user48', '$2a$10$JCYrt8QGHg4suBXWiRgjKu93h5DCq3yFDXMDsTY/Itkgeu3h3pCE6', false, 3, 5);
insert into users(id, name, surname, email, username, password, archived, role_id, organization_id) values (79, 'Rubi', 'Watsica', 'user49@gmail.com', 'user49', '$2a$10$JCYrt8QGHg4suBXWiRgjKu93h5DCq3yFDXMDsTY/Itkgeu3h3pCE6', false, 3, 5);
insert into users(id, name, surname, email, username, password, archived, role_id, organization_id) values (80, 'Takisha', 'Grant', 'user50@gmail.com', 'user50', '$2a$10$JCYrt8QGHg4suBXWiRgjKu93h5DCq3yFDXMDsTY/Itkgeu3h3pCE6', false, 3, 5);
--------------------------------------------------------------------------------------------------------------------------------------------------------------------------------------------------------
--------------------------------------------------------------------------------------------------------------------------------------------------------------------------------------------------------

--------------------------------------------------------------------------------------------------------------------------------------------------------------------------------------------------------
----------------------------------------------------------------------------------------- Altering user_id_seq -----------------------------------------------------------------------------------------
alter sequence user_id_seq restart with 81;
--------------------------------------------------------------------------------------------------------------------------------------------------------------------------------------------------------
--------------------------------------------------------------------------------------------------------------------------------------------------------------------------------------------------------

--------------------------------------------------------------------------------------------------------------------------------------------------------------------------------------------------------
----------------------------------------------------------------------------------------- inserting categories -----------------------------------------------------------------------------------------
insert into categories(id, name, cpu, ram, gpu, archived) values (1, '1: Isengard', 1, 2, 0, false);
insert into categories(id, name, cpu, ram, gpu, archived) values (2, '2: Tol Brandir', 1, 2, 1, false);
insert into categories(id, name, cpu, ram, gpu, archived) values (3, '3: Barad-dûr', 1, 4, 0, false);
insert into categories(id, name, cpu, ram, gpu, archived) values (4, '4: Nargothrond', 1, 4, 1, false);
insert into categories(id, name, cpu, ram, gpu, archived) values (5, '5: Minas Tirith', 2, 2, 0, false);
insert into categories(id, name, cpu, ram, gpu, archived) values (6, '6: Meduseld', 2, 2, 1, false);
insert into categories(id, name, cpu, ram, gpu, archived) values (7, '7: Isengard', 2, 4, 2, false);
insert into categories(id, name, cpu, ram, gpu, archived) values (8, '8: Coldfells', 2, 8, 2, false);
insert into categories(id, name, cpu, ram, gpu, archived) values (9, '9: Enchanted Isles', 4, 2, 2, false);
insert into categories(id, name, cpu, ram, gpu, archived) values (10, '10: Cirith Ungol', 4, 4, 2, false);
insert into categories(id, name, cpu, ram, gpu, archived) values (11, '11: Black Gate', 4, 8, 4, false);
insert into categories(id, name, cpu, ram, gpu, archived) values (12, '12: Gorgoroth', 4, 16, 4, false);
insert into categories(id, name, cpu, ram, gpu, archived) values (13, '13: Losgar', 8, 4, 2, false);
insert into categories(id, name, cpu, ram, gpu, archived) values (14, '14: Marish', 8, 8, 4, false);
insert into categories(id, name, cpu, ram, gpu, archived) values (15, '15: Andustar', 8, 16, 8, false);
insert into categories(id, name, cpu, ram, gpu, archived) values (16, '16: Coldfells', 8, 32, 8, false);
insert into categories(id, name, cpu, ram, gpu, archived) values (17, '17: Ilmen', 16, 8, 4, false);
insert into categories(id, name, cpu, ram, gpu, archived) values (18, '18: Meduseld', 16, 16, 4, false);
insert into categories(id, name, cpu, ram, gpu, archived) values (19, '19: Vaiya', 16, 32, 8, false);
insert into categories(id, name, cpu, ram, gpu, archived) values (20, '20: Helm''s Deep', 16, 64, 8, false);
insert into categories(id, name, cpu, ram, gpu, archived) values (21, '21: Tol Galen', 16, 128, 16, false);
insert into categories(id, name, cpu, ram, gpu, archived) values (22, '22: Isenmouthe', 32, 16, 8, false);
insert into categories(id, name, cpu, ram, gpu, archived) values (23, '23: Bag End', 32, 32, 8, false);
insert into categories(id, name, cpu, ram, gpu, archived) values (24, '24: Hyarnustar', 32, 64, 16, false);
insert into categories(id, name, cpu, ram, gpu, archived) values (25, '25: Inn of the Prancing Pony', 32, 128, 16, false);
--------------------------------------------------------------------------------------------------------------------------------------------------------------------------------------------------------
--------------------------------------------------------------------------------------------------------------------------------------------------------------------------------------------------------

--------------------------------------------------------------------------------------------------------------------------------------------------------------------------------------------------------
--------------------------------------------------------------------------------------- Altering category_id_seq ---------------------------------------------------------------------------------------
alter sequence category_id_seq restart with 26;
--------------------------------------------------------------------------------------------------------------------------------------------------------------------------------------------------------
--------------------------------------------------------------------------------------------------------------------------------------------------------------------------------------------------------

--------------------------------------------------------------------------------------------------------------------------------------------------------------------------------------------------------
------------------------------------------------------------------------------------------ inserting machines ------------------------------------------------------------------------------------------
insert into virtual_machines(id, name, archived, organization_id, category_id) values (1, '1: Samwise Gamgee', false, 1, 1);
insert into virtual_machines(id, name, archived, organization_id, category_id) values (2, '2: Treebeard', false, 1, 2);
insert into virtual_machines(id, name, archived, organization_id, category_id) values (3, '3: Arwen Evenstar', false, 1, 3);
insert into virtual_machines(id, name, archived, organization_id, category_id) values (4, '4: Sauron', false, 1, 4);
insert into virtual_machines(id, name, archived, organization_id, category_id) values (5, '5: Éowyn', false, 1, 5);
insert into virtual_machines(id, name, archived, organization_id, category_id) values (6, '6: Treebeard', false, 1, 6);
insert into virtual_machines(id, name, archived, organization_id, category_id) values (7, '7: Éowyn', false, 1, 7);
insert into virtual_machines(id, name, archived, organization_id, category_id) values (8, '8: Barliman Butterbur', false, 1, 8);
insert into virtual_machines(id, name, archived, organization_id, category_id) values (9, '9: Bilbo Baggins', false, 1, 9);
insert into virtual_machines(id, name, archived, organization_id, category_id) values (10, '10: Tom Bombadil', false, 1, 10);
insert into virtual_machines(id, name, archived, organization_id, category_id) values (11, '11: Saruman the White', false, 1, 11);
insert into virtual_machines(id, name, archived, organization_id, category_id) values (12, '12: Gandalf the Grey', false, 1, 12);
insert into virtual_machines(id, name, archived, organization_id, category_id) values (13, '13: Gimli', false, 1, 13);
insert into virtual_machines(id, name, archived, organization_id, category_id) values (14, '14: Samwise Gamgee', false, 1, 14);
insert into virtual_machines(id, name, archived, organization_id, category_id) values (15, '15: Frodo Baggins', false, 1, 15);
insert into virtual_machines(id, name, archived, organization_id, category_id) values (16, '16: Shadowfax', false, 1, 16);
insert into virtual_machines(id, name, archived, organization_id, category_id) values (17, '17: Grìma Wormtongue', false, 1, 17);
insert into virtual_machines(id, name, archived, organization_id, category_id) values (18, '18: Frodo Baggins', false, 1, 18);
insert into virtual_machines(id, name, archived, organization_id, category_id) values (19, '19: Frodo Baggins', false, 1, 19);
insert into virtual_machines(id, name, archived, organization_id, category_id) values (20, '20: Tom Bombadil', false, 1, 20);
insert into virtual_machines(id, name, archived, organization_id, category_id) values (21, '21: Gandalf the Grey', false, 1, 21);
insert into virtual_machines(id, name, archived, organization_id, category_id) values (22, '22: Peregrin Took', false, 1, 22);
insert into virtual_machines(id, name, archived, organization_id, category_id) values (23, '23: Peregrin Took', false, 1, 23);
insert into virtual_machines(id, name, archived, organization_id, category_id) values (24, '24: Frodo Baggins', false, 1, 24);
insert into virtual_machines(id, name, archived, organization_id, category_id) values (25, '25: Shadowfax', false, 1, 25);
insert into virtual_machines(id, name, archived, organization_id, category_id) values (26, '26: Éowyn', false, 1, 1);
insert into virtual_machines(id, name, archived, organization_id, category_id) values (27, '27: Denethor', false, 1, 2);
insert into virtual_machines(id, name, archived, organization_id, category_id) values (28, '28: Faramir', false, 1, 3);
insert into virtual_machines(id, name, archived, organization_id, category_id) values (29, '29: Grìma Wormtongue', false, 1, 4);
insert into virtual_machines(id, name, archived, organization_id, category_id) values (30, '30: Samwise Gamgee', false, 1, 5);
insert into virtual_machines(id, name, archived, organization_id, category_id) values (31, '31: Gollum', false, 1, 6);
insert into virtual_machines(id, name, archived, organization_id, category_id) values (32, '32: Boromir', false, 1, 7);
insert into virtual_machines(id, name, archived, organization_id, category_id) values (33, '33: Arwen Evenstar', false, 1, 8);
insert into virtual_machines(id, name, archived, organization_id, category_id) values (34, '34: Saruman the White', false, 1, 9);
insert into virtual_machines(id, name, archived, organization_id, category_id) values (35, '35: Shadowfax', false, 1, 10);
insert into virtual_machines(id, name, archived, organization_id, category_id) values (36, '36: Legolas', false, 1, 11);
insert into virtual_machines(id, name, archived, organization_id, category_id) values (37, '37: Meriadoc Brandybuck', false, 1, 12);
insert into virtual_machines(id, name, archived, organization_id, category_id) values (38, '38: Arwen Evenstar', false, 1, 13);
insert into virtual_machines(id, name, archived, organization_id, category_id) values (39, '39: Gandalf the Grey', false, 1, 14);
insert into virtual_machines(id, name, archived, organization_id, category_id) values (40, '40: Barliman Butterbur', false, 1, 15);
insert into virtual_machines(id, name, archived, organization_id, category_id) values (41, '41: Tom Bombadil', false, 1, 16);
insert into virtual_machines(id, name, archived, organization_id, category_id) values (42, '42: Faramir', false, 1, 17);
insert into virtual_machines(id, name, archived, organization_id, category_id) values (43, '43: Shelob', false, 1, 18);
insert into virtual_machines(id, name, archived, organization_id, category_id) values (44, '44: Galadriel', false, 1, 19);
insert into virtual_machines(id, name, archived, organization_id, category_id) values (45, '45: Frodo Baggins', false, 1, 20);
insert into virtual_machines(id, name, archived, organization_id, category_id) values (46, '46: Shelob', false, 1, 21);
insert into virtual_machines(id, name, archived, organization_id, category_id) values (47, '47: Quickbeam', false, 1, 22);
insert into virtual_machines(id, name, archived, organization_id, category_id) values (48, '48: Galadriel', false, 1, 23);
insert into virtual_machines(id, name, archived, organization_id, category_id) values (49, '49: Galadriel', false, 1, 24);
insert into virtual_machines(id, name, archived, organization_id, category_id) values (50, '50: Gollum', false, 1, 25);
insert into virtual_machines(id, name, archived, organization_id, category_id) values (51, '51: Sauron', false, 1, 1);
insert into virtual_machines(id, name, archived, organization_id, category_id) values (52, '52: Bilbo Baggins', false, 1, 2);
insert into virtual_machines(id, name, archived, organization_id, category_id) values (53, '53: Arwen Evenstar', false, 1, 3);
insert into virtual_machines(id, name, archived, organization_id, category_id) values (54, '54: Peregrin Took', false, 1, 4);
insert into virtual_machines(id, name, archived, organization_id, category_id) values (55, '55: Éomer', false, 1, 5);
insert into virtual_machines(id, name, archived, organization_id, category_id) values (56, '56: Éomer', false, 1, 6);
insert into virtual_machines(id, name, archived, organization_id, category_id) values (57, '57: Meriadoc Brandybuck', false, 1, 7);
insert into virtual_machines(id, name, archived, organization_id, category_id) values (58, '58: Saruman the White', false, 1, 8);
insert into virtual_machines(id, name, archived, organization_id, category_id) values (59, '59: Elrond', false, 1, 9);
insert into virtual_machines(id, name, archived, organization_id, category_id) values (60, '60: Meriadoc Brandybuck', false, 1, 10);
insert into virtual_machines(id, name, archived, organization_id, category_id) values (61, '61: Faramir', false, 1, 11);
insert into virtual_machines(id, name, archived, organization_id, category_id) values (62, '62: Galadriel', false, 1, 12);
insert into virtual_machines(id, name, archived, organization_id, category_id) values (63, '63: Gollum', false, 1, 13);
insert into virtual_machines(id, name, archived, organization_id, category_id) values (64, '64: Quickbeam', false, 1, 14);
insert into virtual_machines(id, name, archived, organization_id, category_id) values (65, '65: Quickbeam', false, 1, 15);
insert into virtual_machines(id, name, archived, organization_id, category_id) values (66, '66: Gandalf the Grey', false, 1, 16);
insert into virtual_machines(id, name, archived, organization_id, category_id) values (67, '67: Sauron', false, 1, 17);
insert into virtual_machines(id, name, archived, organization_id, category_id) values (68, '68: Grìma Wormtongue', false, 1, 18);
insert into virtual_machines(id, name, archived, organization_id, category_id) values (69, '69: Boromir', false, 1, 19);
insert into virtual_machines(id, name, archived, organization_id, category_id) values (70, '70: Legolas', false, 1, 20);
insert into virtual_machines(id, name, archived, organization_id, category_id) values (71, '71: Saruman the White', false, 1, 21);
insert into virtual_machines(id, name, archived, organization_id, category_id) values (72, '72: Théoden', false, 1, 22);
insert into virtual_machines(id, name, archived, organization_id, category_id) values (73, '73: Quickbeam', false, 1, 23);
insert into virtual_machines(id, name, archived, organization_id, category_id) values (74, '74: Saruman the White', false, 1, 24);
insert into virtual_machines(id, name, archived, organization_id, category_id) values (75, '75: Aragorn', false, 1, 25);
insert into virtual_machines(id, name, archived, organization_id, category_id) values (76, '76: Legolas', false, 1, 1);
insert into virtual_machines(id, name, archived, organization_id, category_id) values (77, '77: Éowyn', false, 1, 2);
insert into virtual_machines(id, name, archived, organization_id, category_id) values (78, '78: Gollum', false, 1, 3);
insert into virtual_machines(id, name, archived, organization_id, category_id) values (79, '79: Boromir', false, 1, 4);
insert into virtual_machines(id, name, archived, organization_id, category_id) values (80, '80: Barliman Butterbur', false, 1, 5);
insert into virtual_machines(id, name, archived, organization_id, category_id) values (81, '81: Gollum', false, 1, 6);
insert into virtual_machines(id, name, archived, organization_id, category_id) values (82, '82: Samwise Gamgee', false, 1, 7);
insert into virtual_machines(id, name, archived, organization_id, category_id) values (83, '83: Quickbeam', false, 1, 8);
insert into virtual_machines(id, name, archived, organization_id, category_id) values (84, '84: Frodo Baggins', false, 1, 9);
insert into virtual_machines(id, name, archived, organization_id, category_id) values (85, '85: Denethor', false, 1, 10);
insert into virtual_machines(id, name, archived, organization_id, category_id) values (86, '86: Éomer', false, 1, 11);
insert into virtual_machines(id, name, archived, organization_id, category_id) values (87, '87: Gandalf the Grey', false, 1, 12);
insert into virtual_machines(id, name, archived, organization_id, category_id) values (88, '88: Éomer', false, 1, 13);
insert into virtual_machines(id, name, archived, organization_id, category_id) values (89, '89: Théoden', false, 1, 14);
insert into virtual_machines(id, name, archived, organization_id, category_id) values (90, '90: Shadowfax', false, 1, 15);
insert into virtual_machines(id, name, archived, organization_id, category_id) values (91, '91: Meriadoc Brandybuck', false, 1, 16);
insert into virtual_machines(id, name, archived, organization_id, category_id) values (92, '92: Théoden', false, 1, 17);
insert into virtual_machines(id, name, archived, organization_id, category_id) values (93, '93: Glorfindel', false, 1, 18);
insert into virtual_machines(id, name, archived, organization_id, category_id) values (94, '94: Glorfindel', false, 1, 19);
insert into virtual_machines(id, name, archived, organization_id, category_id) values (95, '95: Arwen Evenstar', false, 1, 20);
insert into virtual_machines(id, name, archived, organization_id, category_id) values (96, '96: Glorfindel', false, 1, 21);
insert into virtual_machines(id, name, archived, organization_id, category_id) values (97, '97: Théoden', false, 1, 22);
insert into virtual_machines(id, name, archived, organization_id, category_id) values (98, '98: Beregond', false, 1, 23);
insert into virtual_machines(id, name, archived, organization_id, category_id) values (99, '99: Barliman Butterbur', false, 1, 24);
insert into virtual_machines(id, name, archived, organization_id, category_id) values (100, '100: Galadriel', false, 1, 25);
insert into virtual_machines(id, name, archived, organization_id, category_id) values (101, '101: Théoden', false, 1, 1);
insert into virtual_machines(id, name, archived, organization_id, category_id) values (102, '102: Grìma Wormtongue', false, 1, 2);
insert into virtual_machines(id, name, archived, organization_id, category_id) values (103, '103: Frodo Baggins', false, 1, 3);
insert into virtual_machines(id, name, archived, organization_id, category_id) values (104, '104: Arwen Evenstar', false, 1, 4);
insert into virtual_machines(id, name, archived, organization_id, category_id) values (105, '105: Boromir', false, 1, 5);
insert into virtual_machines(id, name, archived, organization_id, category_id) values (106, '106: Saruman the White', false, 1, 6);
insert into virtual_machines(id, name, archived, organization_id, category_id) values (107, '107: Beregond', false, 1, 7);
insert into virtual_machines(id, name, archived, organization_id, category_id) values (108, '108: Sauron', false, 1, 8);
insert into virtual_machines(id, name, archived, organization_id, category_id) values (109, '109: Aragorn', false, 1, 9);
insert into virtual_machines(id, name, archived, organization_id, category_id) values (110, '110: Faramir', false, 1, 10);
insert into virtual_machines(id, name, archived, organization_id, category_id) values (111, '111: Frodo Baggins', false, 1, 11);
insert into virtual_machines(id, name, archived, organization_id, category_id) values (112, '112: Peregrin Took', false, 1, 12);
insert into virtual_machines(id, name, archived, organization_id, category_id) values (113, '113: Théoden', false, 1, 13);
insert into virtual_machines(id, name, archived, organization_id, category_id) values (114, '114: Théoden', false, 1, 14);
insert into virtual_machines(id, name, archived, organization_id, category_id) values (115, '115: Meriadoc Brandybuck', false, 1, 15);
insert into virtual_machines(id, name, archived, organization_id, category_id) values (116, '116: Barliman Butterbur', false, 1, 16);
insert into virtual_machines(id, name, archived, organization_id, category_id) values (117, '117: Samwise Gamgee', false, 1, 17);
insert into virtual_machines(id, name, archived, organization_id, category_id) values (118, '118: Meriadoc Brandybuck', false, 1, 18);
insert into virtual_machines(id, name, archived, organization_id, category_id) values (119, '119: Sauron', false, 1, 19);
insert into virtual_machines(id, name, archived, organization_id, category_id) values (120, '120: Galadriel', false, 1, 20);
insert into virtual_machines(id, name, archived, organization_id, category_id) values (121, '121: Quickbeam', false, 1, 21);
insert into virtual_machines(id, name, archived, organization_id, category_id) values (122, '122: Gimli', false, 1, 22);
insert into virtual_machines(id, name, archived, organization_id, category_id) values (123, '123: Samwise Gamgee', false, 1, 23);
insert into virtual_machines(id, name, archived, organization_id, category_id) values (124, '124: Beregond', false, 1, 24);
insert into virtual_machines(id, name, archived, organization_id, category_id) values (125, '125: Bilbo Baggins', false, 1, 25);
insert into virtual_machines(id, name, archived, organization_id, category_id) values (126, '126: Shelob', false, 1, 1);
insert into virtual_machines(id, name, archived, organization_id, category_id) values (127, '127: Éowyn', false, 1, 2);
insert into virtual_machines(id, name, archived, organization_id, category_id) values (128, '128: Meriadoc Brandybuck', false, 1, 3);
insert into virtual_machines(id, name, archived, organization_id, category_id) values (129, '129: Frodo Baggins', false, 1, 4);
insert into virtual_machines(id, name, archived, organization_id, category_id) values (130, '130: Glorfindel', false, 1, 5);
insert into virtual_machines(id, name, archived, organization_id, category_id) values (131, '131: Grìma Wormtongue', false, 1, 6);
insert into virtual_machines(id, name, archived, organization_id, category_id) values (132, '132: Faramir', false, 1, 7);
insert into virtual_machines(id, name, archived, organization_id, category_id) values (133, '133: Gollum', false, 1, 8);
insert into virtual_machines(id, name, archived, organization_id, category_id) values (134, '134: Saruman the White', false, 1, 9);
insert into virtual_machines(id, name, archived, organization_id, category_id) values (135, '135: Legolas', false, 1, 10);
insert into virtual_machines(id, name, archived, organization_id, category_id) values (136, '136: Legolas', false, 1, 11);
insert into virtual_machines(id, name, archived, organization_id, category_id) values (137, '137: Quickbeam', false, 1, 12);
insert into virtual_machines(id, name, archived, organization_id, category_id) values (138, '138: Tom Bombadil', false, 1, 13);
insert into virtual_machines(id, name, archived, organization_id, category_id) values (139, '139: Galadriel', false, 1, 14);
insert into virtual_machines(id, name, archived, organization_id, category_id) values (140, '140: Arwen Evenstar', false, 1, 15);
insert into virtual_machines(id, name, archived, organization_id, category_id) values (141, '141: Barliman Butterbur', false, 1, 16);
insert into virtual_machines(id, name, archived, organization_id, category_id) values (142, '142: Faramir', false, 1, 17);
insert into virtual_machines(id, name, archived, organization_id, category_id) values (143, '143: Peregrin Took', false, 1, 18);
insert into virtual_machines(id, name, archived, organization_id, category_id) values (144, '144: Sauron', false, 1, 19);
insert into virtual_machines(id, name, archived, organization_id, category_id) values (145, '145: Tom Bombadil', false, 1, 20);
insert into virtual_machines(id, name, archived, organization_id, category_id) values (146, '146: Faramir', false, 1, 21);
insert into virtual_machines(id, name, archived, organization_id, category_id) values (147, '147: Aragorn', false, 1, 22);
insert into virtual_machines(id, name, archived, organization_id, category_id) values (148, '148: Shadowfax', false, 1, 23);
insert into virtual_machines(id, name, archived, organization_id, category_id) values (149, '149: Galadriel', false, 1, 24);
insert into virtual_machines(id, name, archived, organization_id, category_id) values (150, '150: Grìma Wormtongue', false, 1, 25);
insert into virtual_machines(id, name, archived, organization_id, category_id) values (151, '151: Gollum', false, 1, 1);
insert into virtual_machines(id, name, archived, organization_id, category_id) values (152, '152: Théoden', false, 1, 2);
insert into virtual_machines(id, name, archived, organization_id, category_id) values (153, '153: Gimli', false, 1, 3);
insert into virtual_machines(id, name, archived, organization_id, category_id) values (154, '154: Shadowfax', false, 1, 4);
insert into virtual_machines(id, name, archived, organization_id, category_id) values (155, '155: Saruman the White', false, 1, 5);
insert into virtual_machines(id, name, archived, organization_id, category_id) values (156, '156: Shelob', false, 1, 6);
insert into virtual_machines(id, name, archived, organization_id, category_id) values (157, '157: Gimli', false, 1, 7);
insert into virtual_machines(id, name, archived, organization_id, category_id) values (158, '158: Arwen Evenstar', false, 1, 8);
insert into virtual_machines(id, name, archived, organization_id, category_id) values (159, '159: Faramir', false, 1, 9);
insert into virtual_machines(id, name, archived, organization_id, category_id) values (160, '160: Elrond', false, 1, 10);
insert into virtual_machines(id, name, archived, organization_id, category_id) values (161, '161: Éomer', false, 1, 11);
insert into virtual_machines(id, name, archived, organization_id, category_id) values (162, '162: Tom Bombadil', false, 1, 12);
insert into virtual_machines(id, name, archived, organization_id, category_id) values (163, '163: Aragorn', false, 1, 13);
insert into virtual_machines(id, name, archived, organization_id, category_id) values (164, '164: Peregrin Took', false, 1, 14);
insert into virtual_machines(id, name, archived, organization_id, category_id) values (165, '165: Théoden', false, 1, 15);
insert into virtual_machines(id, name, archived, organization_id, category_id) values (166, '166: Treebeard', false, 1, 16);
insert into virtual_machines(id, name, archived, organization_id, category_id) values (167, '167: Gandalf the Grey', false, 1, 17);
insert into virtual_machines(id, name, archived, organization_id, category_id) values (168, '168: Éomer', false, 1, 18);
insert into virtual_machines(id, name, archived, organization_id, category_id) values (169, '169: Tom Bombadil', false, 1, 19);
insert into virtual_machines(id, name, archived, organization_id, category_id) values (170, '170: Quickbeam', false, 1, 20);
insert into virtual_machines(id, name, archived, organization_id, category_id) values (171, '171: Shelob', false, 1, 21);
insert into virtual_machines(id, name, archived, organization_id, category_id) values (172, '172: Treebeard', false, 1, 22);
insert into virtual_machines(id, name, archived, organization_id, category_id) values (173, '173: Samwise Gamgee', false, 1, 23);
insert into virtual_machines(id, name, archived, organization_id, category_id) values (174, '174: Peregrin Took', false, 1, 24);
insert into virtual_machines(id, name, archived, organization_id, category_id) values (175, '175: Bilbo Baggins', false, 1, 25);
insert into virtual_machines(id, name, archived, organization_id, category_id) values (176, '176: Tom Bombadil', false, 1, 1);
insert into virtual_machines(id, name, archived, organization_id, category_id) values (177, '177: Treebeard', false, 1, 2);
insert into virtual_machines(id, name, archived, organization_id, category_id) values (178, '178: Arwen Evenstar', false, 1, 3);
insert into virtual_machines(id, name, archived, organization_id, category_id) values (179, '179: Grìma Wormtongue', false, 1, 4);
insert into virtual_machines(id, name, archived, organization_id, category_id) values (180, '180: Tom Bombadil', false, 1, 5);
insert into virtual_machines(id, name, archived, organization_id, category_id) values (181, '181: Frodo Baggins', false, 1, 6);
insert into virtual_machines(id, name, archived, organization_id, category_id) values (182, '182: Boromir', false, 1, 7);
insert into virtual_machines(id, name, archived, organization_id, category_id) values (183, '183: Éomer', false, 1, 8);
insert into virtual_machines(id, name, archived, organization_id, category_id) values (184, '184: Beregond', false, 1, 9);
insert into virtual_machines(id, name, archived, organization_id, category_id) values (185, '185: Gandalf the Grey', false, 1, 10);
insert into virtual_machines(id, name, archived, organization_id, category_id) values (186, '186: Sauron', false, 1, 11);
insert into virtual_machines(id, name, archived, organization_id, category_id) values (187, '187: Gimli', false, 1, 12);
insert into virtual_machines(id, name, archived, organization_id, category_id) values (188, '188: Bilbo Baggins', false, 1, 13);
insert into virtual_machines(id, name, archived, organization_id, category_id) values (189, '189: Shelob', false, 1, 14);
insert into virtual_machines(id, name, archived, organization_id, category_id) values (190, '190: Éowyn', false, 1, 15);
insert into virtual_machines(id, name, archived, organization_id, category_id) values (191, '191: Treebeard', false, 1, 16);
insert into virtual_machines(id, name, archived, organization_id, category_id) values (192, '192: Meriadoc Brandybuck', false, 1, 17);
insert into virtual_machines(id, name, archived, organization_id, category_id) values (193, '193: Denethor', false, 1, 18);
insert into virtual_machines(id, name, archived, organization_id, category_id) values (194, '194: Elrond', false, 1, 19);
insert into virtual_machines(id, name, archived, organization_id, category_id) values (195, '195: Peregrin Took', false, 1, 20);
insert into virtual_machines(id, name, archived, organization_id, category_id) values (196, '196: Legolas', false, 1, 21);
insert into virtual_machines(id, name, archived, organization_id, category_id) values (197, '197: Glorfindel', false, 1, 22);
insert into virtual_machines(id, name, archived, organization_id, category_id) values (198, '198: Legolas', false, 1, 23);
insert into virtual_machines(id, name, archived, organization_id, category_id) values (199, '199: Saruman the White', false, 1, 24);
insert into virtual_machines(id, name, archived, organization_id, category_id) values (200, '200: Shelob', false, 1, 25);
insert into virtual_machines(id, name, archived, organization_id, category_id) values (201, '201: Beregond', false, 2, 1);
insert into virtual_machines(id, name, archived, organization_id, category_id) values (202, '202: Denethor', false, 2, 2);
insert into virtual_machines(id, name, archived, organization_id, category_id) values (203, '203: Beregond', false, 2, 3);
insert into virtual_machines(id, name, archived, organization_id, category_id) values (204, '204: Legolas', false, 2, 4);
insert into virtual_machines(id, name, archived, organization_id, category_id) values (205, '205: Beregond', false, 2, 5);
insert into virtual_machines(id, name, archived, organization_id, category_id) values (206, '206: Samwise Gamgee', false, 2, 6);
insert into virtual_machines(id, name, archived, organization_id, category_id) values (207, '207: Barliman Butterbur', false, 2, 7);
insert into virtual_machines(id, name, archived, organization_id, category_id) values (208, '208: Galadriel', false, 2, 8);
insert into virtual_machines(id, name, archived, organization_id, category_id) values (209, '209: Éomer', false, 2, 9);
insert into virtual_machines(id, name, archived, organization_id, category_id) values (210, '210: Grìma Wormtongue', false, 2, 10);
insert into virtual_machines(id, name, archived, organization_id, category_id) values (211, '211: Boromir', false, 2, 11);
insert into virtual_machines(id, name, archived, organization_id, category_id) values (212, '212: Galadriel', false, 2, 12);
insert into virtual_machines(id, name, archived, organization_id, category_id) values (213, '213: Saruman the White', false, 2, 13);
insert into virtual_machines(id, name, archived, organization_id, category_id) values (214, '214: Théoden', false, 2, 14);
insert into virtual_machines(id, name, archived, organization_id, category_id) values (215, '215: Arwen Evenstar', false, 2, 15);
insert into virtual_machines(id, name, archived, organization_id, category_id) values (216, '216: Denethor', false, 2, 16);
insert into virtual_machines(id, name, archived, organization_id, category_id) values (217, '217: Treebeard', false, 2, 17);
insert into virtual_machines(id, name, archived, organization_id, category_id) values (218, '218: Faramir', false, 2, 18);
insert into virtual_machines(id, name, archived, organization_id, category_id) values (219, '219: Shadowfax', false, 2, 19);
insert into virtual_machines(id, name, archived, organization_id, category_id) values (220, '220: Legolas', false, 2, 20);
insert into virtual_machines(id, name, archived, organization_id, category_id) values (221, '221: Quickbeam', false, 2, 21);
insert into virtual_machines(id, name, archived, organization_id, category_id) values (222, '222: Denethor', false, 2, 22);
insert into virtual_machines(id, name, archived, organization_id, category_id) values (223, '223: Peregrin Took', false, 2, 23);
insert into virtual_machines(id, name, archived, organization_id, category_id) values (224, '224: Peregrin Took', false, 2, 24);
insert into virtual_machines(id, name, archived, organization_id, category_id) values (225, '225: Barliman Butterbur', false, 2, 25);
insert into virtual_machines(id, name, archived, organization_id, category_id) values (226, '226: Gollum', false, 2, 1);
insert into virtual_machines(id, name, archived, organization_id, category_id) values (227, '227: Théoden', false, 2, 2);
insert into virtual_machines(id, name, archived, organization_id, category_id) values (228, '228: Théoden', false, 2, 3);
insert into virtual_machines(id, name, archived, organization_id, category_id) values (229, '229: Elrond', false, 2, 4);
insert into virtual_machines(id, name, archived, organization_id, category_id) values (230, '230: Barliman Butterbur', false, 2, 5);
insert into virtual_machines(id, name, archived, organization_id, category_id) values (231, '231: Glorfindel', false, 2, 6);
insert into virtual_machines(id, name, archived, organization_id, category_id) values (232, '232: Éomer', false, 2, 7);
insert into virtual_machines(id, name, archived, organization_id, category_id) values (233, '233: Tom Bombadil', false, 2, 8);
insert into virtual_machines(id, name, archived, organization_id, category_id) values (234, '234: Legolas', false, 2, 9);
insert into virtual_machines(id, name, archived, organization_id, category_id) values (235, '235: Arwen Evenstar', false, 2, 10);
insert into virtual_machines(id, name, archived, organization_id, category_id) values (236, '236: Galadriel', false, 2, 11);
insert into virtual_machines(id, name, archived, organization_id, category_id) values (237, '237: Arwen Evenstar', false, 2, 12);
insert into virtual_machines(id, name, archived, organization_id, category_id) values (238, '238: Bilbo Baggins', false, 2, 13);
insert into virtual_machines(id, name, archived, organization_id, category_id) values (239, '239: Sauron', false, 2, 14);
insert into virtual_machines(id, name, archived, organization_id, category_id) values (240, '240: Éomer', false, 2, 15);
insert into virtual_machines(id, name, archived, organization_id, category_id) values (241, '241: Arwen Evenstar', false, 2, 16);
insert into virtual_machines(id, name, archived, organization_id, category_id) values (242, '242: Sauron', false, 2, 17);
insert into virtual_machines(id, name, archived, organization_id, category_id) values (243, '243: Faramir', false, 2, 18);
insert into virtual_machines(id, name, archived, organization_id, category_id) values (244, '244: Elrond', false, 2, 19);
insert into virtual_machines(id, name, archived, organization_id, category_id) values (245, '245: Gandalf the Grey', false, 2, 20);
insert into virtual_machines(id, name, archived, organization_id, category_id) values (246, '246: Legolas', false, 2, 21);
insert into virtual_machines(id, name, archived, organization_id, category_id) values (247, '247: Meriadoc Brandybuck', false, 2, 22);
insert into virtual_machines(id, name, archived, organization_id, category_id) values (248, '248: Galadriel', false, 2, 23);
insert into virtual_machines(id, name, archived, organization_id, category_id) values (249, '249: Aragorn', false, 2, 24);
insert into virtual_machines(id, name, archived, organization_id, category_id) values (250, '250: Gandalf the Grey', false, 2, 25);
insert into virtual_machines(id, name, archived, organization_id, category_id) values (251, '251: Samwise Gamgee', false, 2, 1);
insert into virtual_machines(id, name, archived, organization_id, category_id) values (252, '252: Elrond', false, 2, 2);
insert into virtual_machines(id, name, archived, organization_id, category_id) values (253, '253: Barliman Butterbur', false, 2, 3);
insert into virtual_machines(id, name, archived, organization_id, category_id) values (254, '254: Éomer', false, 2, 4);
insert into virtual_machines(id, name, archived, organization_id, category_id) values (255, '255: Meriadoc Brandybuck', false, 2, 5);
insert into virtual_machines(id, name, archived, organization_id, category_id) values (256, '256: Shadowfax', false, 2, 6);
insert into virtual_machines(id, name, archived, organization_id, category_id) values (257, '257: Shelob', false, 2, 7);
insert into virtual_machines(id, name, archived, organization_id, category_id) values (258, '258: Beregond', false, 2, 8);
insert into virtual_machines(id, name, archived, organization_id, category_id) values (259, '259: Denethor', false, 2, 9);
insert into virtual_machines(id, name, archived, organization_id, category_id) values (260, '260: Faramir', false, 2, 10);
insert into virtual_machines(id, name, archived, organization_id, category_id) values (261, '261: Tom Bombadil', false, 2, 11);
insert into virtual_machines(id, name, archived, organization_id, category_id) values (262, '262: Éowyn', false, 2, 12);
insert into virtual_machines(id, name, archived, organization_id, category_id) values (263, '263: Treebeard', false, 2, 13);
insert into virtual_machines(id, name, archived, organization_id, category_id) values (264, '264: Samwise Gamgee', false, 2, 14);
insert into virtual_machines(id, name, archived, organization_id, category_id) values (265, '265: Grìma Wormtongue', false, 2, 15);
insert into virtual_machines(id, name, archived, organization_id, category_id) values (266, '266: Beregond', false, 2, 16);
insert into virtual_machines(id, name, archived, organization_id, category_id) values (267, '267: Gimli', false, 2, 17);
insert into virtual_machines(id, name, archived, organization_id, category_id) values (268, '268: Meriadoc Brandybuck', false, 2, 18);
insert into virtual_machines(id, name, archived, organization_id, category_id) values (269, '269: Meriadoc Brandybuck', false, 2, 19);
insert into virtual_machines(id, name, archived, organization_id, category_id) values (270, '270: Peregrin Took', false, 2, 20);
insert into virtual_machines(id, name, archived, organization_id, category_id) values (271, '271: Tom Bombadil', false, 2, 21);
insert into virtual_machines(id, name, archived, organization_id, category_id) values (272, '272: Samwise Gamgee', false, 2, 22);
insert into virtual_machines(id, name, archived, organization_id, category_id) values (273, '273: Shadowfax', false, 2, 23);
insert into virtual_machines(id, name, archived, organization_id, category_id) values (274, '274: Treebeard', false, 2, 24);
insert into virtual_machines(id, name, archived, organization_id, category_id) values (275, '275: Éomer', false, 2, 25);
insert into virtual_machines(id, name, archived, organization_id, category_id) values (276, '276: Éomer', false, 2, 1);
insert into virtual_machines(id, name, archived, organization_id, category_id) values (277, '277: Grìma Wormtongue', false, 2, 2);
insert into virtual_machines(id, name, archived, organization_id, category_id) values (278, '278: Arwen Evenstar', false, 2, 3);
insert into virtual_machines(id, name, archived, organization_id, category_id) values (279, '279: Théoden', false, 2, 4);
insert into virtual_machines(id, name, archived, organization_id, category_id) values (280, '280: Legolas', false, 2, 5);
insert into virtual_machines(id, name, archived, organization_id, category_id) values (281, '281: Éomer', false, 2, 6);
insert into virtual_machines(id, name, archived, organization_id, category_id) values (282, '282: Legolas', false, 2, 7);
insert into virtual_machines(id, name, archived, organization_id, category_id) values (283, '283: Aragorn', false, 2, 8);
insert into virtual_machines(id, name, archived, organization_id, category_id) values (284, '284: Quickbeam', false, 2, 9);
insert into virtual_machines(id, name, archived, organization_id, category_id) values (285, '285: Shadowfax', false, 2, 10);
insert into virtual_machines(id, name, archived, organization_id, category_id) values (286, '286: Gandalf the Grey', false, 2, 11);
insert into virtual_machines(id, name, archived, organization_id, category_id) values (287, '287: Legolas', false, 2, 12);
insert into virtual_machines(id, name, archived, organization_id, category_id) values (288, '288: Gandalf the Grey', false, 2, 13);
insert into virtual_machines(id, name, archived, organization_id, category_id) values (289, '289: Théoden', false, 2, 14);
insert into virtual_machines(id, name, archived, organization_id, category_id) values (290, '290: Glorfindel', false, 2, 15);
insert into virtual_machines(id, name, archived, organization_id, category_id) values (291, '291: Sauron', false, 2, 16);
insert into virtual_machines(id, name, archived, organization_id, category_id) values (292, '292: Treebeard', false, 2, 17);
insert into virtual_machines(id, name, archived, organization_id, category_id) values (293, '293: Quickbeam', false, 2, 18);
insert into virtual_machines(id, name, archived, organization_id, category_id) values (294, '294: Meriadoc Brandybuck', false, 2, 19);
insert into virtual_machines(id, name, archived, organization_id, category_id) values (295, '295: Peregrin Took', false, 2, 20);
insert into virtual_machines(id, name, archived, organization_id, category_id) values (296, '296: Théoden', false, 2, 21);
insert into virtual_machines(id, name, archived, organization_id, category_id) values (297, '297: Shelob', false, 2, 22);
insert into virtual_machines(id, name, archived, organization_id, category_id) values (298, '298: Meriadoc Brandybuck', false, 2, 23);
insert into virtual_machines(id, name, archived, organization_id, category_id) values (299, '299: Shadowfax', false, 2, 24);
insert into virtual_machines(id, name, archived, organization_id, category_id) values (300, '300: Galadriel', false, 2, 25);
insert into virtual_machines(id, name, archived, organization_id, category_id) values (301, '301: Elrond', false, 2, 1);
insert into virtual_machines(id, name, archived, organization_id, category_id) values (302, '302: Frodo Baggins', false, 2, 2);
insert into virtual_machines(id, name, archived, organization_id, category_id) values (303, '303: Arwen Evenstar', false, 2, 3);
insert into virtual_machines(id, name, archived, organization_id, category_id) values (304, '304: Tom Bombadil', false, 2, 4);
insert into virtual_machines(id, name, archived, organization_id, category_id) values (305, '305: Frodo Baggins', false, 2, 5);
insert into virtual_machines(id, name, archived, organization_id, category_id) values (306, '306: Galadriel', false, 2, 6);
insert into virtual_machines(id, name, archived, organization_id, category_id) values (307, '307: Peregrin Took', false, 2, 7);
insert into virtual_machines(id, name, archived, organization_id, category_id) values (308, '308: Glorfindel', false, 2, 8);
insert into virtual_machines(id, name, archived, organization_id, category_id) values (309, '309: Beregond', false, 2, 9);
insert into virtual_machines(id, name, archived, organization_id, category_id) values (310, '310: Gimli', false, 2, 10);
insert into virtual_machines(id, name, archived, organization_id, category_id) values (311, '311: Arwen Evenstar', false, 2, 11);
insert into virtual_machines(id, name, archived, organization_id, category_id) values (312, '312: Gandalf the Grey', false, 2, 12);
insert into virtual_machines(id, name, archived, organization_id, category_id) values (313, '313: Grìma Wormtongue', false, 2, 13);
insert into virtual_machines(id, name, archived, organization_id, category_id) values (314, '314: Saruman the White', false, 2, 14);
insert into virtual_machines(id, name, archived, organization_id, category_id) values (315, '315: Gollum', false, 2, 15);
insert into virtual_machines(id, name, archived, organization_id, category_id) values (316, '316: Treebeard', false, 2, 16);
insert into virtual_machines(id, name, archived, organization_id, category_id) values (317, '317: Samwise Gamgee', false, 2, 17);
insert into virtual_machines(id, name, archived, organization_id, category_id) values (318, '318: Treebeard', false, 2, 18);
insert into virtual_machines(id, name, archived, organization_id, category_id) values (319, '319: Shelob', false, 2, 19);
insert into virtual_machines(id, name, archived, organization_id, category_id) values (320, '320: Aragorn', false, 2, 20);
insert into virtual_machines(id, name, archived, organization_id, category_id) values (321, '321: Denethor', false, 2, 21);
insert into virtual_machines(id, name, archived, organization_id, category_id) values (322, '322: Arwen Evenstar', false, 2, 22);
insert into virtual_machines(id, name, archived, organization_id, category_id) values (323, '323: Legolas', false, 2, 23);
insert into virtual_machines(id, name, archived, organization_id, category_id) values (324, '324: Beregond', false, 2, 24);
insert into virtual_machines(id, name, archived, organization_id, category_id) values (325, '325: Sauron', false, 2, 25);
insert into virtual_machines(id, name, archived, organization_id, category_id) values (326, '326: Gandalf the Grey', false, 2, 1);
insert into virtual_machines(id, name, archived, organization_id, category_id) values (327, '327: Bilbo Baggins', false, 2, 2);
insert into virtual_machines(id, name, archived, organization_id, category_id) values (328, '328: Barliman Butterbur', false, 2, 3);
insert into virtual_machines(id, name, archived, organization_id, category_id) values (329, '329: Glorfindel', false, 2, 4);
insert into virtual_machines(id, name, archived, organization_id, category_id) values (330, '330: Legolas', false, 2, 5);
insert into virtual_machines(id, name, archived, organization_id, category_id) values (331, '331: Saruman the White', false, 2, 6);
insert into virtual_machines(id, name, archived, organization_id, category_id) values (332, '332: Beregond', false, 2, 7);
insert into virtual_machines(id, name, archived, organization_id, category_id) values (333, '333: Peregrin Took', false, 2, 8);
insert into virtual_machines(id, name, archived, organization_id, category_id) values (334, '334: Grìma Wormtongue', false, 2, 9);
insert into virtual_machines(id, name, archived, organization_id, category_id) values (335, '335: Bilbo Baggins', false, 2, 10);
insert into virtual_machines(id, name, archived, organization_id, category_id) values (336, '336: Beregond', false, 2, 11);
insert into virtual_machines(id, name, archived, organization_id, category_id) values (337, '337: Galadriel', false, 2, 12);
insert into virtual_machines(id, name, archived, organization_id, category_id) values (338, '338: Peregrin Took', false, 2, 13);
insert into virtual_machines(id, name, archived, organization_id, category_id) values (339, '339: Tom Bombadil', false, 2, 14);
insert into virtual_machines(id, name, archived, organization_id, category_id) values (340, '340: Tom Bombadil', false, 2, 15);
insert into virtual_machines(id, name, archived, organization_id, category_id) values (341, '341: Quickbeam', false, 2, 16);
insert into virtual_machines(id, name, archived, organization_id, category_id) values (342, '342: Gandalf the Grey', false, 2, 17);
insert into virtual_machines(id, name, archived, organization_id, category_id) values (343, '343: Grìma Wormtongue', false, 2, 18);
insert into virtual_machines(id, name, archived, organization_id, category_id) values (344, '344: Aragorn', false, 2, 19);
insert into virtual_machines(id, name, archived, organization_id, category_id) values (345, '345: Elrond', false, 2, 20);
insert into virtual_machines(id, name, archived, organization_id, category_id) values (346, '346: Saruman the White', false, 2, 21);
insert into virtual_machines(id, name, archived, organization_id, category_id) values (347, '347: Aragorn', false, 2, 22);
insert into virtual_machines(id, name, archived, organization_id, category_id) values (348, '348: Grìma Wormtongue', false, 2, 23);
insert into virtual_machines(id, name, archived, organization_id, category_id) values (349, '349: Boromir', false, 2, 24);
insert into virtual_machines(id, name, archived, organization_id, category_id) values (350, '350: Saruman the White', false, 2, 25);
insert into virtual_machines(id, name, archived, organization_id, category_id) values (351, '351: Sauron', false, 2, 1);
insert into virtual_machines(id, name, archived, organization_id, category_id) values (352, '352: Denethor', false, 2, 2);
insert into virtual_machines(id, name, archived, organization_id, category_id) values (353, '353: Gandalf the Grey', false, 2, 3);
insert into virtual_machines(id, name, archived, organization_id, category_id) values (354, '354: Frodo Baggins', false, 2, 4);
insert into virtual_machines(id, name, archived, organization_id, category_id) values (355, '355: Boromir', false, 2, 5);
insert into virtual_machines(id, name, archived, organization_id, category_id) values (356, '356: Tom Bombadil', false, 2, 6);
insert into virtual_machines(id, name, archived, organization_id, category_id) values (357, '357: Frodo Baggins', false, 2, 7);
insert into virtual_machines(id, name, archived, organization_id, category_id) values (358, '358: Gollum', false, 2, 8);
insert into virtual_machines(id, name, archived, organization_id, category_id) values (359, '359: Grìma Wormtongue', false, 2, 9);
insert into virtual_machines(id, name, archived, organization_id, category_id) values (360, '360: Saruman the White', false, 2, 10);
insert into virtual_machines(id, name, archived, organization_id, category_id) values (361, '361: Bilbo Baggins', false, 2, 11);
insert into virtual_machines(id, name, archived, organization_id, category_id) values (362, '362: Elrond', false, 2, 12);
insert into virtual_machines(id, name, archived, organization_id, category_id) values (363, '363: Sauron', false, 2, 13);
insert into virtual_machines(id, name, archived, organization_id, category_id) values (364, '364: Gollum', false, 2, 14);
insert into virtual_machines(id, name, archived, organization_id, category_id) values (365, '365: Théoden', false, 2, 15);
insert into virtual_machines(id, name, archived, organization_id, category_id) values (366, '366: Éowyn', false, 2, 16);
insert into virtual_machines(id, name, archived, organization_id, category_id) values (367, '367: Elrond', false, 2, 17);
insert into virtual_machines(id, name, archived, organization_id, category_id) values (368, '368: Aragorn', false, 2, 18);
insert into virtual_machines(id, name, archived, organization_id, category_id) values (369, '369: Éowyn', false, 2, 19);
insert into virtual_machines(id, name, archived, organization_id, category_id) values (370, '370: Denethor', false, 2, 20);
insert into virtual_machines(id, name, archived, organization_id, category_id) values (371, '371: Tom Bombadil', false, 2, 21);
insert into virtual_machines(id, name, archived, organization_id, category_id) values (372, '372: Aragorn', false, 2, 22);
insert into virtual_machines(id, name, archived, organization_id, category_id) values (373, '373: Peregrin Took', false, 2, 23);
insert into virtual_machines(id, name, archived, organization_id, category_id) values (374, '374: Quickbeam', false, 2, 24);
insert into virtual_machines(id, name, archived, organization_id, category_id) values (375, '375: Peregrin Took', false, 2, 25);
insert into virtual_machines(id, name, archived, organization_id, category_id) values (376, '376: Glorfindel', false, 2, 1);
insert into virtual_machines(id, name, archived, organization_id, category_id) values (377, '377: Saruman the White', false, 2, 2);
insert into virtual_machines(id, name, archived, organization_id, category_id) values (378, '378: Legolas', false, 2, 3);
insert into virtual_machines(id, name, archived, organization_id, category_id) values (379, '379: Gimli', false, 2, 4);
insert into virtual_machines(id, name, archived, organization_id, category_id) values (380, '380: Saruman the White', false, 2, 5);
insert into virtual_machines(id, name, archived, organization_id, category_id) values (381, '381: Quickbeam', false, 2, 6);
insert into virtual_machines(id, name, archived, organization_id, category_id) values (382, '382: Éomer', false, 2, 7);
insert into virtual_machines(id, name, archived, organization_id, category_id) values (383, '383: Beregond', false, 2, 8);
insert into virtual_machines(id, name, archived, organization_id, category_id) values (384, '384: Grìma Wormtongue', false, 2, 9);
insert into virtual_machines(id, name, archived, organization_id, category_id) values (385, '385: Frodo Baggins', false, 2, 10);
insert into virtual_machines(id, name, archived, organization_id, category_id) values (386, '386: Shelob', false, 2, 11);
insert into virtual_machines(id, name, archived, organization_id, category_id) values (387, '387: Shadowfax', false, 2, 12);
insert into virtual_machines(id, name, archived, organization_id, category_id) values (388, '388: Boromir', false, 2, 13);
insert into virtual_machines(id, name, archived, organization_id, category_id) values (389, '389: Beregond', false, 2, 14);
insert into virtual_machines(id, name, archived, organization_id, category_id) values (390, '390: Treebeard', false, 2, 15);
insert into virtual_machines(id, name, archived, organization_id, category_id) values (391, '391: Saruman the White', false, 2, 16);
insert into virtual_machines(id, name, archived, organization_id, category_id) values (392, '392: Quickbeam', false, 2, 17);
insert into virtual_machines(id, name, archived, organization_id, category_id) values (393, '393: Meriadoc Brandybuck', false, 2, 18);
insert into virtual_machines(id, name, archived, organization_id, category_id) values (394, '394: Gandalf the Grey', false, 2, 19);
insert into virtual_machines(id, name, archived, organization_id, category_id) values (395, '395: Boromir', false, 2, 20);
insert into virtual_machines(id, name, archived, organization_id, category_id) values (396, '396: Elrond', false, 2, 21);
insert into virtual_machines(id, name, archived, organization_id, category_id) values (397, '397: Beregond', false, 2, 22);
insert into virtual_machines(id, name, archived, organization_id, category_id) values (398, '398: Bilbo Baggins', false, 2, 23);
insert into virtual_machines(id, name, archived, organization_id, category_id) values (399, '399: Denethor', false, 2, 24);
insert into virtual_machines(id, name, archived, organization_id, category_id) values (400, '400: Elrond', false, 2, 25);
insert into virtual_machines(id, name, archived, organization_id, category_id) values (401, '401: Shadowfax', false, 3, 1);
insert into virtual_machines(id, name, archived, organization_id, category_id) values (402, '402: Meriadoc Brandybuck', false, 3, 2);
insert into virtual_machines(id, name, archived, organization_id, category_id) values (403, '403: Shelob', false, 3, 3);
insert into virtual_machines(id, name, archived, organization_id, category_id) values (404, '404: Meriadoc Brandybuck', false, 3, 4);
insert into virtual_machines(id, name, archived, organization_id, category_id) values (405, '405: Treebeard', false, 3, 5);
insert into virtual_machines(id, name, archived, organization_id, category_id) values (406, '406: Gimli', false, 3, 6);
insert into virtual_machines(id, name, archived, organization_id, category_id) values (407, '407: Shadowfax', false, 3, 7);
insert into virtual_machines(id, name, archived, organization_id, category_id) values (408, '408: Elrond', false, 3, 8);
insert into virtual_machines(id, name, archived, organization_id, category_id) values (409, '409: Galadriel', false, 3, 9);
insert into virtual_machines(id, name, archived, organization_id, category_id) values (410, '410: Shelob', false, 3, 10);
insert into virtual_machines(id, name, archived, organization_id, category_id) values (411, '411: Gimli', false, 3, 11);
insert into virtual_machines(id, name, archived, organization_id, category_id) values (412, '412: Saruman the White', false, 3, 12);
insert into virtual_machines(id, name, archived, organization_id, category_id) values (413, '413: Gimli', false, 3, 13);
insert into virtual_machines(id, name, archived, organization_id, category_id) values (414, '414: Aragorn', false, 3, 14);
insert into virtual_machines(id, name, archived, organization_id, category_id) values (415, '415: Grìma Wormtongue', false, 3, 15);
insert into virtual_machines(id, name, archived, organization_id, category_id) values (416, '416: Legolas', false, 3, 16);
insert into virtual_machines(id, name, archived, organization_id, category_id) values (417, '417: Elrond', false, 3, 17);
insert into virtual_machines(id, name, archived, organization_id, category_id) values (418, '418: Legolas', false, 3, 18);
insert into virtual_machines(id, name, archived, organization_id, category_id) values (419, '419: Denethor', false, 3, 19);
insert into virtual_machines(id, name, archived, organization_id, category_id) values (420, '420: Faramir', false, 3, 20);
insert into virtual_machines(id, name, archived, organization_id, category_id) values (421, '421: Gimli', false, 3, 21);
insert into virtual_machines(id, name, archived, organization_id, category_id) values (422, '422: Gandalf the Grey', false, 3, 22);
insert into virtual_machines(id, name, archived, organization_id, category_id) values (423, '423: Grìma Wormtongue', false, 3, 23);
insert into virtual_machines(id, name, archived, organization_id, category_id) values (424, '424: Sauron', false, 3, 24);
insert into virtual_machines(id, name, archived, organization_id, category_id) values (425, '425: Peregrin Took', false, 3, 25);
insert into virtual_machines(id, name, archived, organization_id, category_id) values (426, '426: Faramir', false, 3, 1);
insert into virtual_machines(id, name, archived, organization_id, category_id) values (427, '427: Meriadoc Brandybuck', false, 3, 2);
insert into virtual_machines(id, name, archived, organization_id, category_id) values (428, '428: Shadowfax', false, 3, 3);
insert into virtual_machines(id, name, archived, organization_id, category_id) values (429, '429: Quickbeam', false, 3, 4);
insert into virtual_machines(id, name, archived, organization_id, category_id) values (430, '430: Saruman the White', false, 3, 5);
insert into virtual_machines(id, name, archived, organization_id, category_id) values (431, '431: Beregond', false, 3, 6);
insert into virtual_machines(id, name, archived, organization_id, category_id) values (432, '432: Aragorn', false, 3, 7);
insert into virtual_machines(id, name, archived, organization_id, category_id) values (433, '433: Elrond', false, 3, 8);
insert into virtual_machines(id, name, archived, organization_id, category_id) values (434, '434: Gandalf the Grey', false, 3, 9);
insert into virtual_machines(id, name, archived, organization_id, category_id) values (435, '435: Shelob', false, 3, 10);
insert into virtual_machines(id, name, archived, organization_id, category_id) values (436, '436: Barliman Butterbur', false, 3, 11);
insert into virtual_machines(id, name, archived, organization_id, category_id) values (437, '437: Glorfindel', false, 3, 12);
insert into virtual_machines(id, name, archived, organization_id, category_id) values (438, '438: Sauron', false, 3, 13);
insert into virtual_machines(id, name, archived, organization_id, category_id) values (439, '439: Boromir', false, 3, 14);
insert into virtual_machines(id, name, archived, organization_id, category_id) values (440, '440: Boromir', false, 3, 15);
insert into virtual_machines(id, name, archived, organization_id, category_id) values (441, '441: Grìma Wormtongue', false, 3, 16);
insert into virtual_machines(id, name, archived, organization_id, category_id) values (442, '442: Galadriel', false, 3, 17);
insert into virtual_machines(id, name, archived, organization_id, category_id) values (443, '443: Beregond', false, 3, 18);
insert into virtual_machines(id, name, archived, organization_id, category_id) values (444, '444: Tom Bombadil', false, 3, 19);
insert into virtual_machines(id, name, archived, organization_id, category_id) values (445, '445: Galadriel', false, 3, 20);
insert into virtual_machines(id, name, archived, organization_id, category_id) values (446, '446: Legolas', false, 3, 21);
insert into virtual_machines(id, name, archived, organization_id, category_id) values (447, '447: Grìma Wormtongue', false, 3, 22);
insert into virtual_machines(id, name, archived, organization_id, category_id) values (448, '448: Denethor', false, 3, 23);
insert into virtual_machines(id, name, archived, organization_id, category_id) values (449, '449: Sauron', false, 3, 24);
insert into virtual_machines(id, name, archived, organization_id, category_id) values (450, '450: Tom Bombadil', false, 3, 25);
insert into virtual_machines(id, name, archived, organization_id, category_id) values (451, '451: Glorfindel', false, 3, 1);
insert into virtual_machines(id, name, archived, organization_id, category_id) values (452, '452: Éomer', false, 3, 2);
insert into virtual_machines(id, name, archived, organization_id, category_id) values (453, '453: Gandalf the Grey', false, 3, 3);
insert into virtual_machines(id, name, archived, organization_id, category_id) values (454, '454: Peregrin Took', false, 3, 4);
insert into virtual_machines(id, name, archived, organization_id, category_id) values (455, '455: Beregond', false, 3, 5);
insert into virtual_machines(id, name, archived, organization_id, category_id) values (456, '456: Saruman the White', false, 3, 6);
insert into virtual_machines(id, name, archived, organization_id, category_id) values (457, '457: Aragorn', false, 3, 7);
insert into virtual_machines(id, name, archived, organization_id, category_id) values (458, '458: Gandalf the Grey', false, 3, 8);
insert into virtual_machines(id, name, archived, organization_id, category_id) values (459, '459: Éomer', false, 3, 9);
insert into virtual_machines(id, name, archived, organization_id, category_id) values (460, '460: Legolas', false, 3, 10);
insert into virtual_machines(id, name, archived, organization_id, category_id) values (461, '461: Sauron', false, 3, 11);
insert into virtual_machines(id, name, archived, organization_id, category_id) values (462, '462: Peregrin Took', false, 3, 12);
insert into virtual_machines(id, name, archived, organization_id, category_id) values (463, '463: Arwen Evenstar', false, 3, 13);
insert into virtual_machines(id, name, archived, organization_id, category_id) values (464, '464: Samwise Gamgee', false, 3, 14);
insert into virtual_machines(id, name, archived, organization_id, category_id) values (465, '465: Beregond', false, 3, 15);
insert into virtual_machines(id, name, archived, organization_id, category_id) values (466, '466: Sauron', false, 3, 16);
insert into virtual_machines(id, name, archived, organization_id, category_id) values (467, '467: Galadriel', false, 3, 17);
insert into virtual_machines(id, name, archived, organization_id, category_id) values (468, '468: Barliman Butterbur', false, 3, 18);
insert into virtual_machines(id, name, archived, organization_id, category_id) values (469, '469: Glorfindel', false, 3, 19);
insert into virtual_machines(id, name, archived, organization_id, category_id) values (470, '470: Treebeard', false, 3, 20);
insert into virtual_machines(id, name, archived, organization_id, category_id) values (471, '471: Éomer', false, 3, 21);
insert into virtual_machines(id, name, archived, organization_id, category_id) values (472, '472: Grìma Wormtongue', false, 3, 22);
insert into virtual_machines(id, name, archived, organization_id, category_id) values (473, '473: Glorfindel', false, 3, 23);
insert into virtual_machines(id, name, archived, organization_id, category_id) values (474, '474: Beregond', false, 3, 24);
insert into virtual_machines(id, name, archived, organization_id, category_id) values (475, '475: Boromir', false, 3, 25);
insert into virtual_machines(id, name, archived, organization_id, category_id) values (476, '476: Saruman the White', false, 3, 1);
insert into virtual_machines(id, name, archived, organization_id, category_id) values (477, '477: Saruman the White', false, 3, 2);
insert into virtual_machines(id, name, archived, organization_id, category_id) values (478, '478: Gimli', false, 3, 3);
insert into virtual_machines(id, name, archived, organization_id, category_id) values (479, '479: Sauron', false, 3, 4);
insert into virtual_machines(id, name, archived, organization_id, category_id) values (480, '480: Legolas', false, 3, 5);
insert into virtual_machines(id, name, archived, organization_id, category_id) values (481, '481: Gollum', false, 3, 6);
insert into virtual_machines(id, name, archived, organization_id, category_id) values (482, '482: Gimli', false, 3, 7);
insert into virtual_machines(id, name, archived, organization_id, category_id) values (483, '483: Éomer', false, 3, 8);
insert into virtual_machines(id, name, archived, organization_id, category_id) values (484, '484: Barliman Butterbur', false, 3, 9);
insert into virtual_machines(id, name, archived, organization_id, category_id) values (485, '485: Glorfindel', false, 3, 10);
insert into virtual_machines(id, name, archived, organization_id, category_id) values (486, '486: Saruman the White', false, 3, 11);
insert into virtual_machines(id, name, archived, organization_id, category_id) values (487, '487: Shadowfax', false, 3, 12);
insert into virtual_machines(id, name, archived, organization_id, category_id) values (488, '488: Shelob', false, 3, 13);
insert into virtual_machines(id, name, archived, organization_id, category_id) values (489, '489: Saruman the White', false, 3, 14);
insert into virtual_machines(id, name, archived, organization_id, category_id) values (490, '490: Faramir', false, 3, 15);
insert into virtual_machines(id, name, archived, organization_id, category_id) values (491, '491: Meriadoc Brandybuck', false, 3, 16);
insert into virtual_machines(id, name, archived, organization_id, category_id) values (492, '492: Quickbeam', false, 3, 17);
insert into virtual_machines(id, name, archived, organization_id, category_id) values (493, '493: Shadowfax', false, 3, 18);
insert into virtual_machines(id, name, archived, organization_id, category_id) values (494, '494: Glorfindel', false, 3, 19);
insert into virtual_machines(id, name, archived, organization_id, category_id) values (495, '495: Frodo Baggins', false, 3, 20);
insert into virtual_machines(id, name, archived, organization_id, category_id) values (496, '496: Peregrin Took', false, 3, 21);
insert into virtual_machines(id, name, archived, organization_id, category_id) values (497, '497: Barliman Butterbur', false, 3, 22);
insert into virtual_machines(id, name, archived, organization_id, category_id) values (498, '498: Shadowfax', false, 3, 23);
insert into virtual_machines(id, name, archived, organization_id, category_id) values (499, '499: Denethor', false, 3, 24);
insert into virtual_machines(id, name, archived, organization_id, category_id) values (500, '500: Treebeard', false, 3, 25);
insert into virtual_machines(id, name, archived, organization_id, category_id) values (501, '501: Éowyn', false, 3, 1);
insert into virtual_machines(id, name, archived, organization_id, category_id) values (502, '502: Sauron', false, 3, 2);
insert into virtual_machines(id, name, archived, organization_id, category_id) values (503, '503: Gollum', false, 3, 3);
insert into virtual_machines(id, name, archived, organization_id, category_id) values (504, '504: Beregond', false, 3, 4);
insert into virtual_machines(id, name, archived, organization_id, category_id) values (505, '505: Frodo Baggins', false, 3, 5);
insert into virtual_machines(id, name, archived, organization_id, category_id) values (506, '506: Treebeard', false, 3, 6);
insert into virtual_machines(id, name, archived, organization_id, category_id) values (507, '507: Éomer', false, 3, 7);
insert into virtual_machines(id, name, archived, organization_id, category_id) values (508, '508: Faramir', false, 3, 8);
insert into virtual_machines(id, name, archived, organization_id, category_id) values (509, '509: Denethor', false, 3, 9);
insert into virtual_machines(id, name, archived, organization_id, category_id) values (510, '510: Bilbo Baggins', false, 3, 10);
insert into virtual_machines(id, name, archived, organization_id, category_id) values (511, '511: Legolas', false, 3, 11);
insert into virtual_machines(id, name, archived, organization_id, category_id) values (512, '512: Saruman the White', false, 3, 12);
insert into virtual_machines(id, name, archived, organization_id, category_id) values (513, '513: Grìma Wormtongue', false, 3, 13);
insert into virtual_machines(id, name, archived, organization_id, category_id) values (514, '514: Barliman Butterbur', false, 3, 14);
insert into virtual_machines(id, name, archived, organization_id, category_id) values (515, '515: Treebeard', false, 3, 15);
insert into virtual_machines(id, name, archived, organization_id, category_id) values (516, '516: Elrond', false, 3, 16);
insert into virtual_machines(id, name, archived, organization_id, category_id) values (517, '517: Arwen Evenstar', false, 3, 17);
insert into virtual_machines(id, name, archived, organization_id, category_id) values (518, '518: Beregond', false, 3, 18);
insert into virtual_machines(id, name, archived, organization_id, category_id) values (519, '519: Elrond', false, 3, 19);
insert into virtual_machines(id, name, archived, organization_id, category_id) values (520, '520: Denethor', false, 3, 20);
insert into virtual_machines(id, name, archived, organization_id, category_id) values (521, '521: Arwen Evenstar', false, 3, 21);
insert into virtual_machines(id, name, archived, organization_id, category_id) values (522, '522: Barliman Butterbur', false, 3, 22);
insert into virtual_machines(id, name, archived, organization_id, category_id) values (523, '523: Frodo Baggins', false, 3, 23);
insert into virtual_machines(id, name, archived, organization_id, category_id) values (524, '524: Éowyn', false, 3, 24);
insert into virtual_machines(id, name, archived, organization_id, category_id) values (525, '525: Barliman Butterbur', false, 3, 25);
insert into virtual_machines(id, name, archived, organization_id, category_id) values (526, '526: Glorfindel', false, 3, 1);
insert into virtual_machines(id, name, archived, organization_id, category_id) values (527, '527: Peregrin Took', false, 3, 2);
insert into virtual_machines(id, name, archived, organization_id, category_id) values (528, '528: Éowyn', false, 3, 3);
insert into virtual_machines(id, name, archived, organization_id, category_id) values (529, '529: Barliman Butterbur', false, 3, 4);
insert into virtual_machines(id, name, archived, organization_id, category_id) values (530, '530: Beregond', false, 3, 5);
insert into virtual_machines(id, name, archived, organization_id, category_id) values (531, '531: Denethor', false, 3, 6);
insert into virtual_machines(id, name, archived, organization_id, category_id) values (532, '532: Galadriel', false, 3, 7);
insert into virtual_machines(id, name, archived, organization_id, category_id) values (533, '533: Tom Bombadil', false, 3, 8);
insert into virtual_machines(id, name, archived, organization_id, category_id) values (534, '534: Peregrin Took', false, 3, 9);
insert into virtual_machines(id, name, archived, organization_id, category_id) values (535, '535: Galadriel', false, 3, 10);
insert into virtual_machines(id, name, archived, organization_id, category_id) values (536, '536: Denethor', false, 3, 11);
insert into virtual_machines(id, name, archived, organization_id, category_id) values (537, '537: Meriadoc Brandybuck', false, 3, 12);
insert into virtual_machines(id, name, archived, organization_id, category_id) values (538, '538: Aragorn', false, 3, 13);
insert into virtual_machines(id, name, archived, organization_id, category_id) values (539, '539: Legolas', false, 3, 14);
insert into virtual_machines(id, name, archived, organization_id, category_id) values (540, '540: Sauron', false, 3, 15);
insert into virtual_machines(id, name, archived, organization_id, category_id) values (541, '541: Bilbo Baggins', false, 3, 16);
insert into virtual_machines(id, name, archived, organization_id, category_id) values (542, '542: Meriadoc Brandybuck', false, 3, 17);
insert into virtual_machines(id, name, archived, organization_id, category_id) values (543, '543: Galadriel', false, 3, 18);
insert into virtual_machines(id, name, archived, organization_id, category_id) values (544, '544: Galadriel', false, 3, 19);
insert into virtual_machines(id, name, archived, organization_id, category_id) values (545, '545: Frodo Baggins', false, 3, 20);
insert into virtual_machines(id, name, archived, organization_id, category_id) values (546, '546: Peregrin Took', false, 3, 21);
insert into virtual_machines(id, name, archived, organization_id, category_id) values (547, '547: Peregrin Took', false, 3, 22);
insert into virtual_machines(id, name, archived, organization_id, category_id) values (548, '548: Peregrin Took', false, 3, 23);
insert into virtual_machines(id, name, archived, organization_id, category_id) values (549, '549: Gimli', false, 3, 24);
insert into virtual_machines(id, name, archived, organization_id, category_id) values (550, '550: Legolas', false, 3, 25);
insert into virtual_machines(id, name, archived, organization_id, category_id) values (551, '551: Éomer', false, 3, 1);
insert into virtual_machines(id, name, archived, organization_id, category_id) values (552, '552: Gandalf the Grey', false, 3, 2);
insert into virtual_machines(id, name, archived, organization_id, category_id) values (553, '553: Samwise Gamgee', false, 3, 3);
insert into virtual_machines(id, name, archived, organization_id, category_id) values (554, '554: Shadowfax', false, 3, 4);
insert into virtual_machines(id, name, archived, organization_id, category_id) values (555, '555: Gandalf the Grey', false, 3, 5);
insert into virtual_machines(id, name, archived, organization_id, category_id) values (556, '556: Shelob', false, 3, 6);
insert into virtual_machines(id, name, archived, organization_id, category_id) values (557, '557: Shelob', false, 3, 7);
insert into virtual_machines(id, name, archived, organization_id, category_id) values (558, '558: Shelob', false, 3, 8);
insert into virtual_machines(id, name, archived, organization_id, category_id) values (559, '559: Shelob', false, 3, 9);
insert into virtual_machines(id, name, archived, organization_id, category_id) values (560, '560: Shadowfax', false, 3, 10);
insert into virtual_machines(id, name, archived, organization_id, category_id) values (561, '561: Peregrin Took', false, 3, 11);
insert into virtual_machines(id, name, archived, organization_id, category_id) values (562, '562: Galadriel', false, 3, 12);
insert into virtual_machines(id, name, archived, organization_id, category_id) values (563, '563: Legolas', false, 3, 13);
insert into virtual_machines(id, name, archived, organization_id, category_id) values (564, '564: Denethor', false, 3, 14);
insert into virtual_machines(id, name, archived, organization_id, category_id) values (565, '565: Frodo Baggins', false, 3, 15);
insert into virtual_machines(id, name, archived, organization_id, category_id) values (566, '566: Galadriel', false, 3, 16);
insert into virtual_machines(id, name, archived, organization_id, category_id) values (567, '567: Shelob', false, 3, 17);
insert into virtual_machines(id, name, archived, organization_id, category_id) values (568, '568: Quickbeam', false, 3, 18);
insert into virtual_machines(id, name, archived, organization_id, category_id) values (569, '569: Legolas', false, 3, 19);
insert into virtual_machines(id, name, archived, organization_id, category_id) values (570, '570: Frodo Baggins', false, 3, 20);
insert into virtual_machines(id, name, archived, organization_id, category_id) values (571, '571: Peregrin Took', false, 3, 21);
insert into virtual_machines(id, name, archived, organization_id, category_id) values (572, '572: Shelob', false, 3, 22);
insert into virtual_machines(id, name, archived, organization_id, category_id) values (573, '573: Gollum', false, 3, 23);
insert into virtual_machines(id, name, archived, organization_id, category_id) values (574, '574: Beregond', false, 3, 24);
insert into virtual_machines(id, name, archived, organization_id, category_id) values (575, '575: Beregond', false, 3, 25);
insert into virtual_machines(id, name, archived, organization_id, category_id) values (576, '576: Gollum', false, 3, 1);
insert into virtual_machines(id, name, archived, organization_id, category_id) values (577, '577: Peregrin Took', false, 3, 2);
insert into virtual_machines(id, name, archived, organization_id, category_id) values (578, '578: Faramir', false, 3, 3);
insert into virtual_machines(id, name, archived, organization_id, category_id) values (579, '579: Éomer', false, 3, 4);
insert into virtual_machines(id, name, archived, organization_id, category_id) values (580, '580: Shelob', false, 3, 5);
insert into virtual_machines(id, name, archived, organization_id, category_id) values (581, '581: Sauron', false, 3, 6);
insert into virtual_machines(id, name, archived, organization_id, category_id) values (582, '582: Shadowfax', false, 3, 7);
insert into virtual_machines(id, name, archived, organization_id, category_id) values (583, '583: Sauron', false, 3, 8);
insert into virtual_machines(id, name, archived, organization_id, category_id) values (584, '584: Meriadoc Brandybuck', false, 3, 9);
insert into virtual_machines(id, name, archived, organization_id, category_id) values (585, '585: Barliman Butterbur', false, 3, 10);
insert into virtual_machines(id, name, archived, organization_id, category_id) values (586, '586: Legolas', false, 3, 11);
insert into virtual_machines(id, name, archived, organization_id, category_id) values (587, '587: Grìma Wormtongue', false, 3, 12);
insert into virtual_machines(id, name, archived, organization_id, category_id) values (588, '588: Treebeard', false, 3, 13);
insert into virtual_machines(id, name, archived, organization_id, category_id) values (589, '589: Shelob', false, 3, 14);
insert into virtual_machines(id, name, archived, organization_id, category_id) values (590, '590: Gollum', false, 3, 15);
insert into virtual_machines(id, name, archived, organization_id, category_id) values (591, '591: Arwen Evenstar', false, 3, 16);
insert into virtual_machines(id, name, archived, organization_id, category_id) values (592, '592: Tom Bombadil', false, 3, 17);
insert into virtual_machines(id, name, archived, organization_id, category_id) values (593, '593: Saruman the White', false, 3, 18);
insert into virtual_machines(id, name, archived, organization_id, category_id) values (594, '594: Faramir', false, 3, 19);
insert into virtual_machines(id, name, archived, organization_id, category_id) values (595, '595: Frodo Baggins', false, 3, 20);
insert into virtual_machines(id, name, archived, organization_id, category_id) values (596, '596: Aragorn', false, 3, 21);
insert into virtual_machines(id, name, archived, organization_id, category_id) values (597, '597: Treebeard', false, 3, 22);
insert into virtual_machines(id, name, archived, organization_id, category_id) values (598, '598: Quickbeam', false, 3, 23);
insert into virtual_machines(id, name, archived, organization_id, category_id) values (599, '599: Aragorn', false, 3, 24);
insert into virtual_machines(id, name, archived, organization_id, category_id) values (600, '600: Frodo Baggins', false, 3, 25);
insert into virtual_machines(id, name, archived, organization_id, category_id) values (601, '601: Shelob', false, 4, 1);
insert into virtual_machines(id, name, archived, organization_id, category_id) values (602, '602: Grìma Wormtongue', false, 4, 2);
insert into virtual_machines(id, name, archived, organization_id, category_id) values (603, '603: Gimli', false, 4, 3);
insert into virtual_machines(id, name, archived, organization_id, category_id) values (604, '604: Théoden', false, 4, 4);
insert into virtual_machines(id, name, archived, organization_id, category_id) values (605, '605: Bilbo Baggins', false, 4, 5);
insert into virtual_machines(id, name, archived, organization_id, category_id) values (606, '606: Frodo Baggins', false, 4, 6);
insert into virtual_machines(id, name, archived, organization_id, category_id) values (607, '607: Tom Bombadil', false, 4, 7);
insert into virtual_machines(id, name, archived, organization_id, category_id) values (608, '608: Tom Bombadil', false, 4, 8);
insert into virtual_machines(id, name, archived, organization_id, category_id) values (609, '609: Glorfindel', false, 4, 9);
insert into virtual_machines(id, name, archived, organization_id, category_id) values (610, '610: Tom Bombadil', false, 4, 10);
insert into virtual_machines(id, name, archived, organization_id, category_id) values (611, '611: Éomer', false, 4, 11);
insert into virtual_machines(id, name, archived, organization_id, category_id) values (612, '612: Glorfindel', false, 4, 12);
insert into virtual_machines(id, name, archived, organization_id, category_id) values (613, '613: Éomer', false, 4, 13);
insert into virtual_machines(id, name, archived, organization_id, category_id) values (614, '614: Gimli', false, 4, 14);
insert into virtual_machines(id, name, archived, organization_id, category_id) values (615, '615: Legolas', false, 4, 15);
insert into virtual_machines(id, name, archived, organization_id, category_id) values (616, '616: Denethor', false, 4, 16);
insert into virtual_machines(id, name, archived, organization_id, category_id) values (617, '617: Aragorn', false, 4, 17);
insert into virtual_machines(id, name, archived, organization_id, category_id) values (618, '618: Arwen Evenstar', false, 4, 18);
insert into virtual_machines(id, name, archived, organization_id, category_id) values (619, '619: Elrond', false, 4, 19);
insert into virtual_machines(id, name, archived, organization_id, category_id) values (620, '620: Glorfindel', false, 4, 20);
insert into virtual_machines(id, name, archived, organization_id, category_id) values (621, '621: Shadowfax', false, 4, 21);
insert into virtual_machines(id, name, archived, organization_id, category_id) values (622, '622: Aragorn', false, 4, 22);
insert into virtual_machines(id, name, archived, organization_id, category_id) values (623, '623: Frodo Baggins', false, 4, 23);
insert into virtual_machines(id, name, archived, organization_id, category_id) values (624, '624: Gollum', false, 4, 24);
insert into virtual_machines(id, name, archived, organization_id, category_id) values (625, '625: Quickbeam', false, 4, 25);
insert into virtual_machines(id, name, archived, organization_id, category_id) values (626, '626: Théoden', false, 4, 1);
insert into virtual_machines(id, name, archived, organization_id, category_id) values (627, '627: Bilbo Baggins', false, 4, 2);
insert into virtual_machines(id, name, archived, organization_id, category_id) values (628, '628: Legolas', false, 4, 3);
insert into virtual_machines(id, name, archived, organization_id, category_id) values (629, '629: Galadriel', false, 4, 4);
insert into virtual_machines(id, name, archived, organization_id, category_id) values (630, '630: Tom Bombadil', false, 4, 5);
insert into virtual_machines(id, name, archived, organization_id, category_id) values (631, '631: Arwen Evenstar', false, 4, 6);
insert into virtual_machines(id, name, archived, organization_id, category_id) values (632, '632: Peregrin Took', false, 4, 7);
insert into virtual_machines(id, name, archived, organization_id, category_id) values (633, '633: Arwen Evenstar', false, 4, 8);
insert into virtual_machines(id, name, archived, organization_id, category_id) values (634, '634: Bilbo Baggins', false, 4, 9);
insert into virtual_machines(id, name, archived, organization_id, category_id) values (635, '635: Boromir', false, 4, 10);
insert into virtual_machines(id, name, archived, organization_id, category_id) values (636, '636: Glorfindel', false, 4, 11);
insert into virtual_machines(id, name, archived, organization_id, category_id) values (637, '637: Gollum', false, 4, 12);
insert into virtual_machines(id, name, archived, organization_id, category_id) values (638, '638: Boromir', false, 4, 13);
insert into virtual_machines(id, name, archived, organization_id, category_id) values (639, '639: Quickbeam', false, 4, 14);
insert into virtual_machines(id, name, archived, organization_id, category_id) values (640, '640: Tom Bombadil', false, 4, 15);
insert into virtual_machines(id, name, archived, organization_id, category_id) values (641, '641: Meriadoc Brandybuck', false, 4, 16);
insert into virtual_machines(id, name, archived, organization_id, category_id) values (642, '642: Tom Bombadil', false, 4, 17);
insert into virtual_machines(id, name, archived, organization_id, category_id) values (643, '643: Treebeard', false, 4, 18);
insert into virtual_machines(id, name, archived, organization_id, category_id) values (644, '644: Arwen Evenstar', false, 4, 19);
insert into virtual_machines(id, name, archived, organization_id, category_id) values (645, '645: Aragorn', false, 4, 20);
insert into virtual_machines(id, name, archived, organization_id, category_id) values (646, '646: Beregond', false, 4, 21);
insert into virtual_machines(id, name, archived, organization_id, category_id) values (647, '647: Treebeard', false, 4, 22);
insert into virtual_machines(id, name, archived, organization_id, category_id) values (648, '648: Aragorn', false, 4, 23);
insert into virtual_machines(id, name, archived, organization_id, category_id) values (649, '649: Arwen Evenstar', false, 4, 24);
insert into virtual_machines(id, name, archived, organization_id, category_id) values (650, '650: Arwen Evenstar', false, 4, 25);
insert into virtual_machines(id, name, archived, organization_id, category_id) values (651, '651: Barliman Butterbur', false, 4, 1);
insert into virtual_machines(id, name, archived, organization_id, category_id) values (652, '652: Gollum', false, 4, 2);
insert into virtual_machines(id, name, archived, organization_id, category_id) values (653, '653: Samwise Gamgee', false, 4, 3);
insert into virtual_machines(id, name, archived, organization_id, category_id) values (654, '654: Grìma Wormtongue', false, 4, 4);
insert into virtual_machines(id, name, archived, organization_id, category_id) values (655, '655: Samwise Gamgee', false, 4, 5);
insert into virtual_machines(id, name, archived, organization_id, category_id) values (656, '656: Gimli', false, 4, 6);
insert into virtual_machines(id, name, archived, organization_id, category_id) values (657, '657: Galadriel', false, 4, 7);
insert into virtual_machines(id, name, archived, organization_id, category_id) values (658, '658: Denethor', false, 4, 8);
insert into virtual_machines(id, name, archived, organization_id, category_id) values (659, '659: Elrond', false, 4, 9);
insert into virtual_machines(id, name, archived, organization_id, category_id) values (660, '660: Frodo Baggins', false, 4, 10);
insert into virtual_machines(id, name, archived, organization_id, category_id) values (661, '661: Shelob', false, 4, 11);
insert into virtual_machines(id, name, archived, organization_id, category_id) values (662, '662: Bilbo Baggins', false, 4, 12);
insert into virtual_machines(id, name, archived, organization_id, category_id) values (663, '663: Tom Bombadil', false, 4, 13);
insert into virtual_machines(id, name, archived, organization_id, category_id) values (664, '664: Frodo Baggins', false, 4, 14);
insert into virtual_machines(id, name, archived, organization_id, category_id) values (665, '665: Frodo Baggins', false, 4, 15);
insert into virtual_machines(id, name, archived, organization_id, category_id) values (666, '666: Bilbo Baggins', false, 4, 16);
insert into virtual_machines(id, name, archived, organization_id, category_id) values (667, '667: Meriadoc Brandybuck', false, 4, 17);
insert into virtual_machines(id, name, archived, organization_id, category_id) values (668, '668: Legolas', false, 4, 18);
insert into virtual_machines(id, name, archived, organization_id, category_id) values (669, '669: Bilbo Baggins', false, 4, 19);
insert into virtual_machines(id, name, archived, organization_id, category_id) values (670, '670: Samwise Gamgee', false, 4, 20);
insert into virtual_machines(id, name, archived, organization_id, category_id) values (671, '671: Bilbo Baggins', false, 4, 21);
insert into virtual_machines(id, name, archived, organization_id, category_id) values (672, '672: Legolas', false, 4, 22);
insert into virtual_machines(id, name, archived, organization_id, category_id) values (673, '673: Arwen Evenstar', false, 4, 23);
insert into virtual_machines(id, name, archived, organization_id, category_id) values (674, '674: Aragorn', false, 4, 24);
insert into virtual_machines(id, name, archived, organization_id, category_id) values (675, '675: Bilbo Baggins', false, 4, 25);
insert into virtual_machines(id, name, archived, organization_id, category_id) values (676, '676: Peregrin Took', false, 4, 1);
insert into virtual_machines(id, name, archived, organization_id, category_id) values (677, '677: Théoden', false, 4, 2);
insert into virtual_machines(id, name, archived, organization_id, category_id) values (678, '678: Éomer', false, 4, 3);
insert into virtual_machines(id, name, archived, organization_id, category_id) values (679, '679: Galadriel', false, 4, 4);
insert into virtual_machines(id, name, archived, organization_id, category_id) values (680, '680: Glorfindel', false, 4, 5);
insert into virtual_machines(id, name, archived, organization_id, category_id) values (681, '681: Aragorn', false, 4, 6);
insert into virtual_machines(id, name, archived, organization_id, category_id) values (682, '682: Faramir', false, 4, 7);
insert into virtual_machines(id, name, archived, organization_id, category_id) values (683, '683: Shelob', false, 4, 8);
insert into virtual_machines(id, name, archived, organization_id, category_id) values (684, '684: Beregond', false, 4, 9);
insert into virtual_machines(id, name, archived, organization_id, category_id) values (685, '685: Galadriel', false, 4, 10);
insert into virtual_machines(id, name, archived, organization_id, category_id) values (686, '686: Bilbo Baggins', false, 4, 11);
insert into virtual_machines(id, name, archived, organization_id, category_id) values (687, '687: Tom Bombadil', false, 4, 12);
insert into virtual_machines(id, name, archived, organization_id, category_id) values (688, '688: Éowyn', false, 4, 13);
insert into virtual_machines(id, name, archived, organization_id, category_id) values (689, '689: Treebeard', false, 4, 14);
insert into virtual_machines(id, name, archived, organization_id, category_id) values (690, '690: Quickbeam', false, 4, 15);
insert into virtual_machines(id, name, archived, organization_id, category_id) values (691, '691: Peregrin Took', false, 4, 16);
insert into virtual_machines(id, name, archived, organization_id, category_id) values (692, '692: Galadriel', false, 4, 17);
insert into virtual_machines(id, name, archived, organization_id, category_id) values (693, '693: Gandalf the Grey', false, 4, 18);
insert into virtual_machines(id, name, archived, organization_id, category_id) values (694, '694: Arwen Evenstar', false, 4, 19);
insert into virtual_machines(id, name, archived, organization_id, category_id) values (695, '695: Glorfindel', false, 4, 20);
insert into virtual_machines(id, name, archived, organization_id, category_id) values (696, '696: Beregond', false, 4, 21);
insert into virtual_machines(id, name, archived, organization_id, category_id) values (697, '697: Peregrin Took', false, 4, 22);
insert into virtual_machines(id, name, archived, organization_id, category_id) values (698, '698: Gollum', false, 4, 23);
insert into virtual_machines(id, name, archived, organization_id, category_id) values (699, '699: Barliman Butterbur', false, 4, 24);
insert into virtual_machines(id, name, archived, organization_id, category_id) values (700, '700: Legolas', false, 4, 25);
insert into virtual_machines(id, name, archived, organization_id, category_id) values (701, '701: Glorfindel', false, 4, 1);
insert into virtual_machines(id, name, archived, organization_id, category_id) values (702, '702: Peregrin Took', false, 4, 2);
insert into virtual_machines(id, name, archived, organization_id, category_id) values (703, '703: Gimli', false, 4, 3);
insert into virtual_machines(id, name, archived, organization_id, category_id) values (704, '704: Gollum', false, 4, 4);
insert into virtual_machines(id, name, archived, organization_id, category_id) values (705, '705: Grìma Wormtongue', false, 4, 5);
insert into virtual_machines(id, name, archived, organization_id, category_id) values (706, '706: Grìma Wormtongue', false, 4, 6);
insert into virtual_machines(id, name, archived, organization_id, category_id) values (707, '707: Aragorn', false, 4, 7);
insert into virtual_machines(id, name, archived, organization_id, category_id) values (708, '708: Treebeard', false, 4, 8);
insert into virtual_machines(id, name, archived, organization_id, category_id) values (709, '709: Quickbeam', false, 4, 9);
insert into virtual_machines(id, name, archived, organization_id, category_id) values (710, '710: Legolas', false, 4, 10);
insert into virtual_machines(id, name, archived, organization_id, category_id) values (711, '711: Aragorn', false, 4, 11);
insert into virtual_machines(id, name, archived, organization_id, category_id) values (712, '712: Boromir', false, 4, 12);
insert into virtual_machines(id, name, archived, organization_id, category_id) values (713, '713: Bilbo Baggins', false, 4, 13);
insert into virtual_machines(id, name, archived, organization_id, category_id) values (714, '714: Glorfindel', false, 4, 14);
insert into virtual_machines(id, name, archived, organization_id, category_id) values (715, '715: Sauron', false, 4, 15);
insert into virtual_machines(id, name, archived, organization_id, category_id) values (716, '716: Aragorn', false, 4, 16);
insert into virtual_machines(id, name, archived, organization_id, category_id) values (717, '717: Gimli', false, 4, 17);
insert into virtual_machines(id, name, archived, organization_id, category_id) values (718, '718: Faramir', false, 4, 18);
insert into virtual_machines(id, name, archived, organization_id, category_id) values (719, '719: Tom Bombadil', false, 4, 19);
insert into virtual_machines(id, name, archived, organization_id, category_id) values (720, '720: Sauron', false, 4, 20);
insert into virtual_machines(id, name, archived, organization_id, category_id) values (721, '721: Barliman Butterbur', false, 4, 21);
insert into virtual_machines(id, name, archived, organization_id, category_id) values (722, '722: Éomer', false, 4, 22);
insert into virtual_machines(id, name, archived, organization_id, category_id) values (723, '723: Bilbo Baggins', false, 4, 23);
insert into virtual_machines(id, name, archived, organization_id, category_id) values (724, '724: Éomer', false, 4, 24);
insert into virtual_machines(id, name, archived, organization_id, category_id) values (725, '725: Glorfindel', false, 4, 25);
insert into virtual_machines(id, name, archived, organization_id, category_id) values (726, '726: Barliman Butterbur', false, 4, 1);
insert into virtual_machines(id, name, archived, organization_id, category_id) values (727, '727: Boromir', false, 4, 2);
insert into virtual_machines(id, name, archived, organization_id, category_id) values (728, '728: Meriadoc Brandybuck', false, 4, 3);
insert into virtual_machines(id, name, archived, organization_id, category_id) values (729, '729: Arwen Evenstar', false, 4, 4);
insert into virtual_machines(id, name, archived, organization_id, category_id) values (730, '730: Éomer', false, 4, 5);
insert into virtual_machines(id, name, archived, organization_id, category_id) values (731, '731: Shelob', false, 4, 6);
insert into virtual_machines(id, name, archived, organization_id, category_id) values (732, '732: Peregrin Took', false, 4, 7);
insert into virtual_machines(id, name, archived, organization_id, category_id) values (733, '733: Denethor', false, 4, 8);
insert into virtual_machines(id, name, archived, organization_id, category_id) values (734, '734: Sauron', false, 4, 9);
insert into virtual_machines(id, name, archived, organization_id, category_id) values (735, '735: Grìma Wormtongue', false, 4, 10);
insert into virtual_machines(id, name, archived, organization_id, category_id) values (736, '736: Théoden', false, 4, 11);
insert into virtual_machines(id, name, archived, organization_id, category_id) values (737, '737: Shelob', false, 4, 12);
insert into virtual_machines(id, name, archived, organization_id, category_id) values (738, '738: Galadriel', false, 4, 13);
insert into virtual_machines(id, name, archived, organization_id, category_id) values (739, '739: Frodo Baggins', false, 4, 14);
insert into virtual_machines(id, name, archived, organization_id, category_id) values (740, '740: Tom Bombadil', false, 4, 15);
insert into virtual_machines(id, name, archived, organization_id, category_id) values (741, '741: Denethor', false, 4, 16);
insert into virtual_machines(id, name, archived, organization_id, category_id) values (742, '742: Galadriel', false, 4, 17);
insert into virtual_machines(id, name, archived, organization_id, category_id) values (743, '743: Peregrin Took', false, 4, 18);
insert into virtual_machines(id, name, archived, organization_id, category_id) values (744, '744: Gollum', false, 4, 19);
insert into virtual_machines(id, name, archived, organization_id, category_id) values (745, '745: Gandalf the Grey', false, 4, 20);
insert into virtual_machines(id, name, archived, organization_id, category_id) values (746, '746: Quickbeam', false, 4, 21);
insert into virtual_machines(id, name, archived, organization_id, category_id) values (747, '747: Tom Bombadil', false, 4, 22);
insert into virtual_machines(id, name, archived, organization_id, category_id) values (748, '748: Quickbeam', false, 4, 23);
insert into virtual_machines(id, name, archived, organization_id, category_id) values (749, '749: Treebeard', false, 4, 24);
insert into virtual_machines(id, name, archived, organization_id, category_id) values (750, '750: Gandalf the Grey', false, 4, 25);
insert into virtual_machines(id, name, archived, organization_id, category_id) values (751, '751: Treebeard', false, 4, 1);
insert into virtual_machines(id, name, archived, organization_id, category_id) values (752, '752: Elrond', false, 4, 2);
insert into virtual_machines(id, name, archived, organization_id, category_id) values (753, '753: Éowyn', false, 4, 3);
insert into virtual_machines(id, name, archived, organization_id, category_id) values (754, '754: Galadriel', false, 4, 4);
insert into virtual_machines(id, name, archived, organization_id, category_id) values (755, '755: Shelob', false, 4, 5);
insert into virtual_machines(id, name, archived, organization_id, category_id) values (756, '756: Saruman the White', false, 4, 6);
insert into virtual_machines(id, name, archived, organization_id, category_id) values (757, '757: Arwen Evenstar', false, 4, 7);
insert into virtual_machines(id, name, archived, organization_id, category_id) values (758, '758: Sauron', false, 4, 8);
insert into virtual_machines(id, name, archived, organization_id, category_id) values (759, '759: Éowyn', false, 4, 9);
insert into virtual_machines(id, name, archived, organization_id, category_id) values (760, '760: Aragorn', false, 4, 10);
insert into virtual_machines(id, name, archived, organization_id, category_id) values (761, '761: Grìma Wormtongue', false, 4, 11);
insert into virtual_machines(id, name, archived, organization_id, category_id) values (762, '762: Théoden', false, 4, 12);
insert into virtual_machines(id, name, archived, organization_id, category_id) values (763, '763: Quickbeam', false, 4, 13);
insert into virtual_machines(id, name, archived, organization_id, category_id) values (764, '764: Denethor', false, 4, 14);
insert into virtual_machines(id, name, archived, organization_id, category_id) values (765, '765: Beregond', false, 4, 15);
insert into virtual_machines(id, name, archived, organization_id, category_id) values (766, '766: Sauron', false, 4, 16);
insert into virtual_machines(id, name, archived, organization_id, category_id) values (767, '767: Galadriel', false, 4, 17);
insert into virtual_machines(id, name, archived, organization_id, category_id) values (768, '768: Samwise Gamgee', false, 4, 18);
insert into virtual_machines(id, name, archived, organization_id, category_id) values (769, '769: Treebeard', false, 4, 19);
insert into virtual_machines(id, name, archived, organization_id, category_id) values (770, '770: Arwen Evenstar', false, 4, 20);
insert into virtual_machines(id, name, archived, organization_id, category_id) values (771, '771: Arwen Evenstar', false, 4, 21);
insert into virtual_machines(id, name, archived, organization_id, category_id) values (772, '772: Arwen Evenstar', false, 4, 22);
insert into virtual_machines(id, name, archived, organization_id, category_id) values (773, '773: Denethor', false, 4, 23);
insert into virtual_machines(id, name, archived, organization_id, category_id) values (774, '774: Grìma Wormtongue', false, 4, 24);
insert into virtual_machines(id, name, archived, organization_id, category_id) values (775, '775: Éomer', false, 4, 25);
insert into virtual_machines(id, name, archived, organization_id, category_id) values (776, '776: Saruman the White', false, 4, 1);
insert into virtual_machines(id, name, archived, organization_id, category_id) values (777, '777: Éowyn', false, 4, 2);
insert into virtual_machines(id, name, archived, organization_id, category_id) values (778, '778: Gandalf the Grey', false, 4, 3);
insert into virtual_machines(id, name, archived, organization_id, category_id) values (779, '779: Elrond', false, 4, 4);
insert into virtual_machines(id, name, archived, organization_id, category_id) values (780, '780: Tom Bombadil', false, 4, 5);
insert into virtual_machines(id, name, archived, organization_id, category_id) values (781, '781: Aragorn', false, 4, 6);
insert into virtual_machines(id, name, archived, organization_id, category_id) values (782, '782: Théoden', false, 4, 7);
insert into virtual_machines(id, name, archived, organization_id, category_id) values (783, '783: Faramir', false, 4, 8);
insert into virtual_machines(id, name, archived, organization_id, category_id) values (784, '784: Elrond', false, 4, 9);
insert into virtual_machines(id, name, archived, organization_id, category_id) values (785, '785: Samwise Gamgee', false, 4, 10);
insert into virtual_machines(id, name, archived, organization_id, category_id) values (786, '786: Éomer', false, 4, 11);
insert into virtual_machines(id, name, archived, organization_id, category_id) values (787, '787: Treebeard', false, 4, 12);
insert into virtual_machines(id, name, archived, organization_id, category_id) values (788, '788: Galadriel', false, 4, 13);
insert into virtual_machines(id, name, archived, organization_id, category_id) values (789, '789: Éowyn', false, 4, 14);
insert into virtual_machines(id, name, archived, organization_id, category_id) values (790, '790: Legolas', false, 4, 15);
insert into virtual_machines(id, name, archived, organization_id, category_id) values (791, '791: Grìma Wormtongue', false, 4, 16);
insert into virtual_machines(id, name, archived, organization_id, category_id) values (792, '792: Gimli', false, 4, 17);
insert into virtual_machines(id, name, archived, organization_id, category_id) values (793, '793: Gimli', false, 4, 18);
insert into virtual_machines(id, name, archived, organization_id, category_id) values (794, '794: Meriadoc Brandybuck', false, 4, 19);
insert into virtual_machines(id, name, archived, organization_id, category_id) values (795, '795: Gimli', false, 4, 20);
insert into virtual_machines(id, name, archived, organization_id, category_id) values (796, '796: Gimli', false, 4, 21);
insert into virtual_machines(id, name, archived, organization_id, category_id) values (797, '797: Barliman Butterbur', false, 4, 22);
insert into virtual_machines(id, name, archived, organization_id, category_id) values (798, '798: Gollum', false, 4, 23);
insert into virtual_machines(id, name, archived, organization_id, category_id) values (799, '799: Legolas', false, 4, 24);
insert into virtual_machines(id, name, archived, organization_id, category_id) values (800, '800: Arwen Evenstar', false, 4, 25);
insert into virtual_machines(id, name, archived, organization_id, category_id) values (801, '801: Faramir', false, 5, 1);
insert into virtual_machines(id, name, archived, organization_id, category_id) values (802, '802: Legolas', false, 5, 2);
insert into virtual_machines(id, name, archived, organization_id, category_id) values (803, '803: Denethor', false, 5, 3);
insert into virtual_machines(id, name, archived, organization_id, category_id) values (804, '804: Aragorn', false, 5, 4);
insert into virtual_machines(id, name, archived, organization_id, category_id) values (805, '805: Legolas', false, 5, 5);
insert into virtual_machines(id, name, archived, organization_id, category_id) values (806, '806: Shelob', false, 5, 6);
insert into virtual_machines(id, name, archived, organization_id, category_id) values (807, '807: Glorfindel', false, 5, 7);
insert into virtual_machines(id, name, archived, organization_id, category_id) values (808, '808: Éowyn', false, 5, 8);
insert into virtual_machines(id, name, archived, organization_id, category_id) values (809, '809: Shelob', false, 5, 9);
insert into virtual_machines(id, name, archived, organization_id, category_id) values (810, '810: Samwise Gamgee', false, 5, 10);
insert into virtual_machines(id, name, archived, organization_id, category_id) values (811, '811: Beregond', false, 5, 11);
insert into virtual_machines(id, name, archived, organization_id, category_id) values (812, '812: Gollum', false, 5, 12);
insert into virtual_machines(id, name, archived, organization_id, category_id) values (813, '813: Samwise Gamgee', false, 5, 13);
insert into virtual_machines(id, name, archived, organization_id, category_id) values (814, '814: Faramir', false, 5, 14);
insert into virtual_machines(id, name, archived, organization_id, category_id) values (815, '815: Shadowfax', false, 5, 15);
insert into virtual_machines(id, name, archived, organization_id, category_id) values (816, '816: Peregrin Took', false, 5, 16);
insert into virtual_machines(id, name, archived, organization_id, category_id) values (817, '817: Samwise Gamgee', false, 5, 17);
insert into virtual_machines(id, name, archived, organization_id, category_id) values (818, '818: Gandalf the Grey', false, 5, 18);
insert into virtual_machines(id, name, archived, organization_id, category_id) values (819, '819: Treebeard', false, 5, 19);
insert into virtual_machines(id, name, archived, organization_id, category_id) values (820, '820: Gandalf the Grey', false, 5, 20);
insert into virtual_machines(id, name, archived, organization_id, category_id) values (821, '821: Shelob', false, 5, 21);
insert into virtual_machines(id, name, archived, organization_id, category_id) values (822, '822: Saruman the White', false, 5, 22);
insert into virtual_machines(id, name, archived, organization_id, category_id) values (823, '823: Gimli', false, 5, 23);
insert into virtual_machines(id, name, archived, organization_id, category_id) values (824, '824: Éowyn', false, 5, 24);
insert into virtual_machines(id, name, archived, organization_id, category_id) values (825, '825: Faramir', false, 5, 25);
insert into virtual_machines(id, name, archived, organization_id, category_id) values (826, '826: Sauron', false, 5, 1);
insert into virtual_machines(id, name, archived, organization_id, category_id) values (827, '827: Gimli', false, 5, 2);
insert into virtual_machines(id, name, archived, organization_id, category_id) values (828, '828: Legolas', false, 5, 3);
insert into virtual_machines(id, name, archived, organization_id, category_id) values (829, '829: Éowyn', false, 5, 4);
insert into virtual_machines(id, name, archived, organization_id, category_id) values (830, '830: Grìma Wormtongue', false, 5, 5);
insert into virtual_machines(id, name, archived, organization_id, category_id) values (831, '831: Arwen Evenstar', false, 5, 6);
insert into virtual_machines(id, name, archived, organization_id, category_id) values (832, '832: Saruman the White', false, 5, 7);
insert into virtual_machines(id, name, archived, organization_id, category_id) values (833, '833: Gandalf the Grey', false, 5, 8);
insert into virtual_machines(id, name, archived, organization_id, category_id) values (834, '834: Elrond', false, 5, 9);
insert into virtual_machines(id, name, archived, organization_id, category_id) values (835, '835: Peregrin Took', false, 5, 10);
insert into virtual_machines(id, name, archived, organization_id, category_id) values (836, '836: Denethor', false, 5, 11);
insert into virtual_machines(id, name, archived, organization_id, category_id) values (837, '837: Shelob', false, 5, 12);
insert into virtual_machines(id, name, archived, organization_id, category_id) values (838, '838: Bilbo Baggins', false, 5, 13);
insert into virtual_machines(id, name, archived, organization_id, category_id) values (839, '839: Glorfindel', false, 5, 14);
insert into virtual_machines(id, name, archived, organization_id, category_id) values (840, '840: Faramir', false, 5, 15);
insert into virtual_machines(id, name, archived, organization_id, category_id) values (841, '841: Arwen Evenstar', false, 5, 16);
insert into virtual_machines(id, name, archived, organization_id, category_id) values (842, '842: Barliman Butterbur', false, 5, 17);
insert into virtual_machines(id, name, archived, organization_id, category_id) values (843, '843: Grìma Wormtongue', false, 5, 18);
insert into virtual_machines(id, name, archived, organization_id, category_id) values (844, '844: Boromir', false, 5, 19);
insert into virtual_machines(id, name, archived, organization_id, category_id) values (845, '845: Denethor', false, 5, 20);
insert into virtual_machines(id, name, archived, organization_id, category_id) values (846, '846: Grìma Wormtongue', false, 5, 21);
insert into virtual_machines(id, name, archived, organization_id, category_id) values (847, '847: Galadriel', false, 5, 22);
insert into virtual_machines(id, name, archived, organization_id, category_id) values (848, '848: Faramir', false, 5, 23);
insert into virtual_machines(id, name, archived, organization_id, category_id) values (849, '849: Grìma Wormtongue', false, 5, 24);
insert into virtual_machines(id, name, archived, organization_id, category_id) values (850, '850: Quickbeam', false, 5, 25);
insert into virtual_machines(id, name, archived, organization_id, category_id) values (851, '851: Beregond', false, 5, 1);
insert into virtual_machines(id, name, archived, organization_id, category_id) values (852, '852: Aragorn', false, 5, 2);
insert into virtual_machines(id, name, archived, organization_id, category_id) values (853, '853: Éowyn', false, 5, 3);
insert into virtual_machines(id, name, archived, organization_id, category_id) values (854, '854: Treebeard', false, 5, 4);
insert into virtual_machines(id, name, archived, organization_id, category_id) values (855, '855: Legolas', false, 5, 5);
insert into virtual_machines(id, name, archived, organization_id, category_id) values (856, '856: Sauron', false, 5, 6);
insert into virtual_machines(id, name, archived, organization_id, category_id) values (857, '857: Éowyn', false, 5, 7);
insert into virtual_machines(id, name, archived, organization_id, category_id) values (858, '858: Frodo Baggins', false, 5, 8);
insert into virtual_machines(id, name, archived, organization_id, category_id) values (859, '859: Boromir', false, 5, 9);
insert into virtual_machines(id, name, archived, organization_id, category_id) values (860, '860: Aragorn', false, 5, 10);
insert into virtual_machines(id, name, archived, organization_id, category_id) values (861, '861: Barliman Butterbur', false, 5, 11);
insert into virtual_machines(id, name, archived, organization_id, category_id) values (862, '862: Barliman Butterbur', false, 5, 12);
insert into virtual_machines(id, name, archived, organization_id, category_id) values (863, '863: Elrond', false, 5, 13);
insert into virtual_machines(id, name, archived, organization_id, category_id) values (864, '864: Peregrin Took', false, 5, 14);
insert into virtual_machines(id, name, archived, organization_id, category_id) values (865, '865: Saruman the White', false, 5, 15);
insert into virtual_machines(id, name, archived, organization_id, category_id) values (866, '866: Gollum', false, 5, 16);
insert into virtual_machines(id, name, archived, organization_id, category_id) values (867, '867: Denethor', false, 5, 17);
insert into virtual_machines(id, name, archived, organization_id, category_id) values (868, '868: Théoden', false, 5, 18);
insert into virtual_machines(id, name, archived, organization_id, category_id) values (869, '869: Meriadoc Brandybuck', false, 5, 19);
insert into virtual_machines(id, name, archived, organization_id, category_id) values (870, '870: Gandalf the Grey', false, 5, 20);
insert into virtual_machines(id, name, archived, organization_id, category_id) values (871, '871: Samwise Gamgee', false, 5, 21);
insert into virtual_machines(id, name, archived, organization_id, category_id) values (872, '872: Shelob', false, 5, 22);
insert into virtual_machines(id, name, archived, organization_id, category_id) values (873, '873: Gollum', false, 5, 23);
insert into virtual_machines(id, name, archived, organization_id, category_id) values (874, '874: Denethor', false, 5, 24);
insert into virtual_machines(id, name, archived, organization_id, category_id) values (875, '875: Théoden', false, 5, 25);
insert into virtual_machines(id, name, archived, organization_id, category_id) values (876, '876: Quickbeam', false, 5, 1);
insert into virtual_machines(id, name, archived, organization_id, category_id) values (877, '877: Frodo Baggins', false, 5, 2);
insert into virtual_machines(id, name, archived, organization_id, category_id) values (878, '878: Peregrin Took', false, 5, 3);
insert into virtual_machines(id, name, archived, organization_id, category_id) values (879, '879: Frodo Baggins', false, 5, 4);
insert into virtual_machines(id, name, archived, organization_id, category_id) values (880, '880: Elrond', false, 5, 5);
insert into virtual_machines(id, name, archived, organization_id, category_id) values (881, '881: Sauron', false, 5, 6);
insert into virtual_machines(id, name, archived, organization_id, category_id) values (882, '882: Bilbo Baggins', false, 5, 7);
insert into virtual_machines(id, name, archived, organization_id, category_id) values (883, '883: Aragorn', false, 5, 8);
insert into virtual_machines(id, name, archived, organization_id, category_id) values (884, '884: Gandalf the Grey', false, 5, 9);
insert into virtual_machines(id, name, archived, organization_id, category_id) values (885, '885: Legolas', false, 5, 10);
insert into virtual_machines(id, name, archived, organization_id, category_id) values (886, '886: Arwen Evenstar', false, 5, 11);
insert into virtual_machines(id, name, archived, organization_id, category_id) values (887, '887: Shadowfax', false, 5, 12);
insert into virtual_machines(id, name, archived, organization_id, category_id) values (888, '888: Grìma Wormtongue', false, 5, 13);
insert into virtual_machines(id, name, archived, organization_id, category_id) values (889, '889: Treebeard', false, 5, 14);
insert into virtual_machines(id, name, archived, organization_id, category_id) values (890, '890: Legolas', false, 5, 15);
insert into virtual_machines(id, name, archived, organization_id, category_id) values (891, '891: Glorfindel', false, 5, 16);
insert into virtual_machines(id, name, archived, organization_id, category_id) values (892, '892: Gandalf the Grey', false, 5, 17);
insert into virtual_machines(id, name, archived, organization_id, category_id) values (893, '893: Treebeard', false, 5, 18);
insert into virtual_machines(id, name, archived, organization_id, category_id) values (894, '894: Sauron', false, 5, 19);
insert into virtual_machines(id, name, archived, organization_id, category_id) values (895, '895: Treebeard', false, 5, 20);
insert into virtual_machines(id, name, archived, organization_id, category_id) values (896, '896: Frodo Baggins', false, 5, 21);
insert into virtual_machines(id, name, archived, organization_id, category_id) values (897, '897: Elrond', false, 5, 22);
insert into virtual_machines(id, name, archived, organization_id, category_id) values (898, '898: Éomer', false, 5, 23);
insert into virtual_machines(id, name, archived, organization_id, category_id) values (899, '899: Glorfindel', false, 5, 24);
insert into virtual_machines(id, name, archived, organization_id, category_id) values (900, '900: Gandalf the Grey', false, 5, 25);
insert into virtual_machines(id, name, archived, organization_id, category_id) values (901, '901: Tom Bombadil', false, 5, 1);
insert into virtual_machines(id, name, archived, organization_id, category_id) values (902, '902: Elrond', false, 5, 2);
insert into virtual_machines(id, name, archived, organization_id, category_id) values (903, '903: Sauron', false, 5, 3);
insert into virtual_machines(id, name, archived, organization_id, category_id) values (904, '904: Glorfindel', false, 5, 4);
insert into virtual_machines(id, name, archived, organization_id, category_id) values (905, '905: Quickbeam', false, 5, 5);
insert into virtual_machines(id, name, archived, organization_id, category_id) values (906, '906: Shadowfax', false, 5, 6);
insert into virtual_machines(id, name, archived, organization_id, category_id) values (907, '907: Théoden', false, 5, 7);
insert into virtual_machines(id, name, archived, organization_id, category_id) values (908, '908: Grìma Wormtongue', false, 5, 8);
insert into virtual_machines(id, name, archived, organization_id, category_id) values (909, '909: Grìma Wormtongue', false, 5, 9);
insert into virtual_machines(id, name, archived, organization_id, category_id) values (910, '910: Peregrin Took', false, 5, 10);
insert into virtual_machines(id, name, archived, organization_id, category_id) values (911, '911: Gandalf the Grey', false, 5, 11);
insert into virtual_machines(id, name, archived, organization_id, category_id) values (912, '912: Éomer', false, 5, 12);
insert into virtual_machines(id, name, archived, organization_id, category_id) values (913, '913: Beregond', false, 5, 13);
insert into virtual_machines(id, name, archived, organization_id, category_id) values (914, '914: Glorfindel', false, 5, 14);
insert into virtual_machines(id, name, archived, organization_id, category_id) values (915, '915: Shadowfax', false, 5, 15);
insert into virtual_machines(id, name, archived, organization_id, category_id) values (916, '916: Arwen Evenstar', false, 5, 16);
insert into virtual_machines(id, name, archived, organization_id, category_id) values (917, '917: Beregond', false, 5, 17);
insert into virtual_machines(id, name, archived, organization_id, category_id) values (918, '918: Boromir', false, 5, 18);
insert into virtual_machines(id, name, archived, organization_id, category_id) values (919, '919: Glorfindel', false, 5, 19);
insert into virtual_machines(id, name, archived, organization_id, category_id) values (920, '920: Barliman Butterbur', false, 5, 20);
insert into virtual_machines(id, name, archived, organization_id, category_id) values (921, '921: Treebeard', false, 5, 21);
insert into virtual_machines(id, name, archived, organization_id, category_id) values (922, '922: Peregrin Took', false, 5, 22);
insert into virtual_machines(id, name, archived, organization_id, category_id) values (923, '923: Sauron', false, 5, 23);
insert into virtual_machines(id, name, archived, organization_id, category_id) values (924, '924: Quickbeam', false, 5, 24);
insert into virtual_machines(id, name, archived, organization_id, category_id) values (925, '925: Quickbeam', false, 5, 25);
insert into virtual_machines(id, name, archived, organization_id, category_id) values (926, '926: Galadriel', false, 5, 1);
insert into virtual_machines(id, name, archived, organization_id, category_id) values (927, '927: Faramir', false, 5, 2);
insert into virtual_machines(id, name, archived, organization_id, category_id) values (928, '928: Galadriel', false, 5, 3);
insert into virtual_machines(id, name, archived, organization_id, category_id) values (929, '929: Bilbo Baggins', false, 5, 4);
insert into virtual_machines(id, name, archived, organization_id, category_id) values (930, '930: Saruman the White', false, 5, 5);
insert into virtual_machines(id, name, archived, organization_id, category_id) values (931, '931: Sauron', false, 5, 6);
insert into virtual_machines(id, name, archived, organization_id, category_id) values (932, '932: Éowyn', false, 5, 7);
insert into virtual_machines(id, name, archived, organization_id, category_id) values (933, '933: Denethor', false, 5, 8);
insert into virtual_machines(id, name, archived, organization_id, category_id) values (934, '934: Galadriel', false, 5, 9);
insert into virtual_machines(id, name, archived, organization_id, category_id) values (935, '935: Samwise Gamgee', false, 5, 10);
insert into virtual_machines(id, name, archived, organization_id, category_id) values (936, '936: Frodo Baggins', false, 5, 11);
insert into virtual_machines(id, name, archived, organization_id, category_id) values (937, '937: Treebeard', false, 5, 12);
insert into virtual_machines(id, name, archived, organization_id, category_id) values (938, '938: Denethor', false, 5, 13);
insert into virtual_machines(id, name, archived, organization_id, category_id) values (939, '939: Sauron', false, 5, 14);
insert into virtual_machines(id, name, archived, organization_id, category_id) values (940, '940: Elrond', false, 5, 15);
insert into virtual_machines(id, name, archived, organization_id, category_id) values (941, '941: Treebeard', false, 5, 16);
insert into virtual_machines(id, name, archived, organization_id, category_id) values (942, '942: Arwen Evenstar', false, 5, 17);
insert into virtual_machines(id, name, archived, organization_id, category_id) values (943, '943: Glorfindel', false, 5, 18);
insert into virtual_machines(id, name, archived, organization_id, category_id) values (944, '944: Shelob', false, 5, 19);
insert into virtual_machines(id, name, archived, organization_id, category_id) values (945, '945: Legolas', false, 5, 20);
insert into virtual_machines(id, name, archived, organization_id, category_id) values (946, '946: Aragorn', false, 5, 21);
insert into virtual_machines(id, name, archived, organization_id, category_id) values (947, '947: Peregrin Took', false, 5, 22);
insert into virtual_machines(id, name, archived, organization_id, category_id) values (948, '948: Sauron', false, 5, 23);
insert into virtual_machines(id, name, archived, organization_id, category_id) values (949, '949: Frodo Baggins', false, 5, 24);
insert into virtual_machines(id, name, archived, organization_id, category_id) values (950, '950: Arwen Evenstar', false, 5, 25);
insert into virtual_machines(id, name, archived, organization_id, category_id) values (951, '951: Quickbeam', false, 5, 1);
insert into virtual_machines(id, name, archived, organization_id, category_id) values (952, '952: Gollum', false, 5, 2);
insert into virtual_machines(id, name, archived, organization_id, category_id) values (953, '953: Gollum', false, 5, 3);
insert into virtual_machines(id, name, archived, organization_id, category_id) values (954, '954: Boromir', false, 5, 4);
insert into virtual_machines(id, name, archived, organization_id, category_id) values (955, '955: Aragorn', false, 5, 5);
insert into virtual_machines(id, name, archived, organization_id, category_id) values (956, '956: Shelob', false, 5, 6);
insert into virtual_machines(id, name, archived, organization_id, category_id) values (957, '957: Shadowfax', false, 5, 7);
insert into virtual_machines(id, name, archived, organization_id, category_id) values (958, '958: Sauron', false, 5, 8);
insert into virtual_machines(id, name, archived, organization_id, category_id) values (959, '959: Bilbo Baggins', false, 5, 9);
insert into virtual_machines(id, name, archived, organization_id, category_id) values (960, '960: Elrond', false, 5, 10);
insert into virtual_machines(id, name, archived, organization_id, category_id) values (961, '961: Meriadoc Brandybuck', false, 5, 11);
insert into virtual_machines(id, name, archived, organization_id, category_id) values (962, '962: Samwise Gamgee', false, 5, 12);
insert into virtual_machines(id, name, archived, organization_id, category_id) values (963, '963: Shadowfax', false, 5, 13);
insert into virtual_machines(id, name, archived, organization_id, category_id) values (964, '964: Gandalf the Grey', false, 5, 14);
insert into virtual_machines(id, name, archived, organization_id, category_id) values (965, '965: Barliman Butterbur', false, 5, 15);
insert into virtual_machines(id, name, archived, organization_id, category_id) values (966, '966: Samwise Gamgee', false, 5, 16);
insert into virtual_machines(id, name, archived, organization_id, category_id) values (967, '967: Elrond', false, 5, 17);
insert into virtual_machines(id, name, archived, organization_id, category_id) values (968, '968: Gimli', false, 5, 18);
insert into virtual_machines(id, name, archived, organization_id, category_id) values (969, '969: Quickbeam', false, 5, 19);
insert into virtual_machines(id, name, archived, organization_id, category_id) values (970, '970: Faramir', false, 5, 20);
insert into virtual_machines(id, name, archived, organization_id, category_id) values (971, '971: Faramir', false, 5, 21);
insert into virtual_machines(id, name, archived, organization_id, category_id) values (972, '972: Gimli', false, 5, 22);
insert into virtual_machines(id, name, archived, organization_id, category_id) values (973, '973: Quickbeam', false, 5, 23);
insert into virtual_machines(id, name, archived, organization_id, category_id) values (974, '974: Gollum', false, 5, 24);
insert into virtual_machines(id, name, archived, organization_id, category_id) values (975, '975: Tom Bombadil', false, 5, 25);
insert into virtual_machines(id, name, archived, organization_id, category_id) values (976, '976: Faramir', false, 5, 1);
insert into virtual_machines(id, name, archived, organization_id, category_id) values (977, '977: Denethor', false, 5, 2);
insert into virtual_machines(id, name, archived, organization_id, category_id) values (978, '978: Aragorn', false, 5, 3);
insert into virtual_machines(id, name, archived, organization_id, category_id) values (979, '979: Beregond', false, 5, 4);
insert into virtual_machines(id, name, archived, organization_id, category_id) values (980, '980: Tom Bombadil', false, 5, 5);
insert into virtual_machines(id, name, archived, organization_id, category_id) values (981, '981: Treebeard', false, 5, 6);
insert into virtual_machines(id, name, archived, organization_id, category_id) values (982, '982: Éowyn', false, 5, 7);
insert into virtual_machines(id, name, archived, organization_id, category_id) values (983, '983: Barliman Butterbur', false, 5, 8);
insert into virtual_machines(id, name, archived, organization_id, category_id) values (984, '984: Barliman Butterbur', false, 5, 9);
insert into virtual_machines(id, name, archived, organization_id, category_id) values (985, '985: Grìma Wormtongue', false, 5, 10);
insert into virtual_machines(id, name, archived, organization_id, category_id) values (986, '986: Elrond', false, 5, 11);
insert into virtual_machines(id, name, archived, organization_id, category_id) values (987, '987: Frodo Baggins', false, 5, 12);
insert into virtual_machines(id, name, archived, organization_id, category_id) values (988, '988: Treebeard', false, 5, 13);
insert into virtual_machines(id, name, archived, organization_id, category_id) values (989, '989: Arwen Evenstar', false, 5, 14);
insert into virtual_machines(id, name, archived, organization_id, category_id) values (990, '990: Meriadoc Brandybuck', false, 5, 15);
insert into virtual_machines(id, name, archived, organization_id, category_id) values (991, '991: Beregond', false, 5, 16);
insert into virtual_machines(id, name, archived, organization_id, category_id) values (992, '992: Saruman the White', false, 5, 17);
insert into virtual_machines(id, name, archived, organization_id, category_id) values (993, '993: Legolas', false, 5, 18);
insert into virtual_machines(id, name, archived, organization_id, category_id) values (994, '994: Saruman the White', false, 5, 19);
insert into virtual_machines(id, name, archived, organization_id, category_id) values (995, '995: Denethor', false, 5, 20);
insert into virtual_machines(id, name, archived, organization_id, category_id) values (996, '996: Elrond', false, 5, 21);
insert into virtual_machines(id, name, archived, organization_id, category_id) values (997, '997: Elrond', false, 5, 22);
insert into virtual_machines(id, name, archived, organization_id, category_id) values (998, '998: Peregrin Took', false, 5, 23);
insert into virtual_machines(id, name, archived, organization_id, category_id) values (999, '999: Peregrin Took', false, 5, 24);
insert into virtual_machines(id, name, archived, organization_id, category_id) values (1000, '1000: Théoden', false, 5, 25);
--------------------------------------------------------------------------------------------------------------------------------------------------------------------------------------------------------
--------------------------------------------------------------------------------------------------------------------------------------------------------------------------------------------------------

--------------------------------------------------------------------------------------------------------------------------------------------------------------------------------------------------------
--------------------------------------------------------------------------------------- Altering machine_id_seq ----------------------------------------------------------------------------------------
alter sequence machine_id_seq restart with 1001;
--------------------------------------------------------------------------------------------------------------------------------------------------------------------------------------------------------
--------------------------------------------------------------------------------------------------------------------------------------------------------------------------------------------------------

