-- Passwords are hashed using BCrypt algorithm https://bcrypt-generator.com/
-- Passwords for all users are:
--
-- Scripts combined generate database for cloud-service-provider
-- It generates:
--	- 5 super admins
--	- 25 admins
--	- 50 users
--	- 5 organizations
--		- 5 admins per organization
--		- 10 users per organization
--		- 200 machines per organization
--		- 500 drives per organization
--	- 25 categories
--	- 1000 machines
--	- 2500 drives
--
--------------------------------------------------------------------------------------------------------------------------------------------------------------------------------------------------------
--------------------------------------------------------------------------------------- inserting organizations ----------------------------------------------------------------------------------------
insert into organizations(id, name, description, logo, archived) values (1, '1: Future Trunks', 'Tempora molestiae voluptatum minima saepe ut illum.Accusamus nihil mollitia ut aut earum.Similique aliquam rerum fuga voluptatem sed quae eos.Exercitationem hic omnis iure ut temporibus ea nihil.Et occaecati quisquam.Quidem et non est quisquam rerum.Vitae doloremque quis esse id.Assumenda laudantium expedita autem molestiae nemo quos.Consectetur dolor a quia fugit.Officia ullam doloremque quisquam.A dolor aut id.Hic magni corporis accusantium repellendus qui nesciunt.Atque qui dolor voluptates delectus unde.Fuga et error atque et earum.Harum ut facilis eaque perspiciatis.Totam rerum facere impedit.Quaerat impedit ipsum.Eius quis maxime libero et vero in quia.Eos ipsam hic est molestiae.Consequatur nihil velit aperiam.Earum deserunt praesentium.Et sunt reprehenderit.Est fuga non est.Quisquam sunt maiores at reprehenderit nisi.Consequatur eaque sed error eius.Ut officiis et est ullam id repudiandae labore.Ut ut et sit ipsum delectus aut et.Rerum dicta quaerat omnis dolorem beatae magni v', 'D:\ARad\cloud-service-provider\cloud-api\cloud\.\images\organization\organization 1.jpg', false);
insert into organizations(id, name, description, logo, archived) values (2, '2: Bardock', 'Necessitatibus rem voluptatem repellat illum quaerat autem.Dolorum numquam magni architecto natus dolorem reprehenderit illum.Et error eveniet hic dolor sint nam.Sequi quae aut maxime repudiandae.At facilis vel corporis omnis.Qui pariatur provident voluptates laboriosam.Vel in unde amet quam.Eveniet odit et natus.Dolorem saepe qui harum temporibus.Laboriosam sed nisi.Doloribus autem ut rerum sed quia neque iure.Voluptatem veritatis hic reprehenderit exercitationem.Qui dolor atque non.A molestias repellat enim expedita.Nam rem distinctio.Labore dignissimos asperiores in doloremque mollitia.Ex quisquam ipsum dolorem ratione.Id enim illum provident.Ut quo ipsum.Illo in eos officiis enim minima et.Rerum consequatur et cupiditate.Numquam iusto tempora eveniet commodi est rerum.Quae aut magnam assumenda voluptas culpa explicabo non.Qui consequuntur earum.Aspernatur dolore itaque.Dolor quae accusantium et sit itaque.Non voluptatem laborum totam quo.Et suscipit earum.Velit nemo commodi perfere', 'D:\ARad\cloud-service-provider\cloud-api\cloud\.\images\organization\organization 2.jpg', false);
insert into organizations(id, name, description, logo, archived) values (3, '3: Android 18', 'Hic ratione sed explicabo id velit incidunt doloremque.Quae et dicta sapiente quaerat id aut autem.Dolorum alias nihil ut quia deserunt voluptatem quis.Debitis modi autem vel sit.Aut dolor laudantium et laudantium.Quas enim sapiente.Sit ex voluptatem.Qui est iure est quam labore ipsa.Ipsam consequatur sapiente.Nulla est reprehenderit dolorum.Magnam non accusantium.Eaque nemo reprehenderit consequatur sint sit exercitationem.Perferendis accusamus et sed ipsa dolores.Dolores sequi harum accusamus quibusdam aut nisi.Quis et porro sapiente laboriosam rem quaerat vero.Animi itaque dignissimos perferendis occaecati iste.Dignissimos facilis dignissimos non voluptate cumque placeat.Hic rerum sed minima.Atque quis consectetur necessitatibus.Dolore quia sapiente.Voluptatem iste amet aut fugiat rerum in.Possimus quia assumenda.Qui sit et ea.Similique iure tenetur.Minima consectetur dolore excepturi recusandae et.Natus sed accusantium eligendi est ut aut velit.Quidem id quas ut.Eum et voluptas.Con', 'D:\ARad\cloud-service-provider\cloud-api\cloud\.\images\organization\organization 3.jpg', false);
insert into organizations(id, name, description, logo, archived) values (4, '4: Super Saiyan Blue Goku', 'Et voluptatum quisquam.Aliquam porro nihil ex ea voluptatem.Nobis id quae quos.Sapiente aut sed qui consequatur aliquam.Soluta nisi assumenda quis laudantium assumenda tenetur.Eum asperiores voluptates sunt omnis et.Vel possimus excepturi.Delectus quod voluptatibus reiciendis.Non laborum cupiditate aut et aut accusantium fugiat.Voluptate est iste eum deleniti rem qui.Blanditiis minus et magni ipsam sed consequatur.Explicabo saepe omnis dolores nisi.Magni est enim ut suscipit ipsam ut asperiores.Sed dicta perferendis aliquam quia facilis minima aut.Voluptas voluptatibus sint quod illum.Aut tenetur architecto quo.Excepturi dolor laboriosam sed asperiores aliquam ut soluta.Consequatur magni earum ex consequuntur et ut sunt.Minus earum et ut vero ratione non.Beatae veniam odit repellendus eum excepturi ut illum.Accusantium omnis sint illum fugiat.Ab pariatur et ex porro distinctio debitis.Architecto fuga impedit inventore.Esse aut repudiandae quia itaque dolorem.Ratione culpa consectetur e', 'D:\ARad\cloud-service-provider\cloud-api\cloud\.\images\organization\organization 4.jpg', false);
insert into organizations(id, name, description, logo, archived) values (5, '5: Uub', 'Fugit commodi deserunt aperiam sapiente atque blanditiis.Ut odio non incidunt animi consequuntur dolore.Voluptatem sapiente ad id aut deserunt possimus.Aut unde eveniet aut ut ut.Rerum magnam vero quasi.Aut delectus qui aliquam.Omnis provident recusandae tempore.Voluptas praesentium enim vel commodi.Cum voluptatum est.Nobis voluptas qui rerum harum iste nihil.Atque incidunt est voluptatem odit nobis corrupti.Id temporibus eos dolores quasi.Illum omnis temporibus.Est sunt qui corrupti exercitationem quasi non.Est quae dolorem sequi porro tenetur.Sit occaecati culpa consequuntur dolores natus quasi quo.Et pariatur enim numquam debitis qui ut.Ex vel expedita et amet dolores ex.Et suscipit nulla esse et minima.Dolore voluptas voluptate assumenda qui aut.Aperiam quisquam dignissimos ex ea rerum dicta.Corporis dolorem et minima.Maxime id dignissimos ducimus ea.Eius quod assumenda.Corporis ullam natus necessitatibus reprehenderit.Voluptatum repellendus rerum corporis reprehenderit sit quam mo', 'D:\ARad\cloud-service-provider\cloud-api\cloud\.\images\organization\organization 5.jpg', false);
--------------------------------------------------------------------------------------------------------------------------------------------------------------------------------------------------------
--------------------------------------------------------------------------------------------------------------------------------------------------------------------------------------------------------

--------------------------------------------------------------------------------------------------------------------------------------------------------------------------------------------------------
------------------------------------------------------------------------------------- Altering organization_id_seq -------------------------------------------------------------------------------------
alter sequence organization_id_seq restart with 6;
--------------------------------------------------------------------------------------------------------------------------------------------------------------------------------------------------------
--------------------------------------------------------------------------------------------------------------------------------------------------------------------------------------------------------

--------------------------------------------------------------------------------------------------------------------------------------------------------------------------------------------------------
------------------------------------------------------------------------------------------- inserting roles --------------------------------------------------------------------------------------------
insert into roles (id, name) values (1, 'ROLE_SUPER_ADMIN');
insert into roles (id, name) values (2, 'ROLE_ADMIN');
insert into roles (id, name) values (3, 'ROLE_USER');
--------------------------------------------------------------------------------------------------------------------------------------------------------------------------------------------------------
--------------------------------------------------------------------------------------------------------------------------------------------------------------------------------------------------------

--------------------------------------------------------------------------------------------------------------------------------------------------------------------------------------------------------
----------------------------------------------------------------------------------------- Altering role_id_seq -----------------------------------------------------------------------------------------
alter sequence role_id_seq restart with 4;
--------------------------------------------------------------------------------------------------------------------------------------------------------------------------------------------------------
--------------------------------------------------------------------------------------------------------------------------------------------------------------------------------------------------------

--------------------------------------------------------------------------------------------------------------------------------------------------------------------------------------------------------
------------------------------------------------------------------------------------------- inserting users --------------------------------------------------------------------------------------------
insert into users(id, name, surname, email, username, password, archived, role_id, organization_id) values (1, 'Kaylene', 'Friesen', 'superadmin1@gmail.com', 'superadmin1', '$2a$10$JCYrt8QGHg4suBXWiRgjKu93h5DCq3yFDXMDsTY/Itkgeu3h3pCE6', false, 1, null);
insert into users(id, name, surname, email, username, password, archived, role_id, organization_id) values (2, 'Marlen', 'Heathcote', 'superadmin2@gmail.com', 'superadmin2', '$2a$10$JCYrt8QGHg4suBXWiRgjKu93h5DCq3yFDXMDsTY/Itkgeu3h3pCE6', false, 1, null);
insert into users(id, name, surname, email, username, password, archived, role_id, organization_id) values (3, 'Bell', 'Bruen', 'superadmin3@gmail.com', 'superadmin3', '$2a$10$JCYrt8QGHg4suBXWiRgjKu93h5DCq3yFDXMDsTY/Itkgeu3h3pCE6', false, 1, null);
insert into users(id, name, surname, email, username, password, archived, role_id, organization_id) values (4, 'Blake', 'Herman', 'superadmin4@gmail.com', 'superadmin4', '$2a$10$JCYrt8QGHg4suBXWiRgjKu93h5DCq3yFDXMDsTY/Itkgeu3h3pCE6', false, 1, null);
insert into users(id, name, surname, email, username, password, archived, role_id, organization_id) values (5, 'Jaymie', 'Beatty', 'superadmin5@gmail.com', 'superadmin5', '$2a$10$JCYrt8QGHg4suBXWiRgjKu93h5DCq3yFDXMDsTY/Itkgeu3h3pCE6', false, 1, null);
insert into users(id, name, surname, email, username, password, archived, role_id, organization_id) values (6, 'Freeman', 'Schamberger', 'admin1@gmail.com', 'admin1', '$2a$10$JCYrt8QGHg4suBXWiRgjKu93h5DCq3yFDXMDsTY/Itkgeu3h3pCE6', false, 2, 1);
insert into users(id, name, surname, email, username, password, archived, role_id, organization_id) values (7, 'Gladis', 'Dach', 'admin2@gmail.com', 'admin2', '$2a$10$JCYrt8QGHg4suBXWiRgjKu93h5DCq3yFDXMDsTY/Itkgeu3h3pCE6', false, 2, 1);
insert into users(id, name, surname, email, username, password, archived, role_id, organization_id) values (8, 'Royce', 'Paucek', 'admin3@gmail.com', 'admin3', '$2a$10$JCYrt8QGHg4suBXWiRgjKu93h5DCq3yFDXMDsTY/Itkgeu3h3pCE6', false, 2, 1);
insert into users(id, name, surname, email, username, password, archived, role_id, organization_id) values (9, 'Woodrow', 'Nader', 'admin4@gmail.com', 'admin4', '$2a$10$JCYrt8QGHg4suBXWiRgjKu93h5DCq3yFDXMDsTY/Itkgeu3h3pCE6', false, 2, 1);
insert into users(id, name, surname, email, username, password, archived, role_id, organization_id) values (10, 'Florencio', 'Kuphal', 'admin5@gmail.com', 'admin5', '$2a$10$JCYrt8QGHg4suBXWiRgjKu93h5DCq3yFDXMDsTY/Itkgeu3h3pCE6', false, 2, 1);
insert into users(id, name, surname, email, username, password, archived, role_id, organization_id) values (11, 'Reggie', 'Lakin', 'admin6@gmail.com', 'admin6', '$2a$10$JCYrt8QGHg4suBXWiRgjKu93h5DCq3yFDXMDsTY/Itkgeu3h3pCE6', false, 2, 2);
insert into users(id, name, surname, email, username, password, archived, role_id, organization_id) values (12, 'Loreta', 'Kilback', 'admin7@gmail.com', 'admin7', '$2a$10$JCYrt8QGHg4suBXWiRgjKu93h5DCq3yFDXMDsTY/Itkgeu3h3pCE6', false, 2, 2);
insert into users(id, name, surname, email, username, password, archived, role_id, organization_id) values (13, 'Alexandria', 'Metz', 'admin8@gmail.com', 'admin8', '$2a$10$JCYrt8QGHg4suBXWiRgjKu93h5DCq3yFDXMDsTY/Itkgeu3h3pCE6', false, 2, 2);
insert into users(id, name, surname, email, username, password, archived, role_id, organization_id) values (14, 'Jules', 'Thompson', 'admin9@gmail.com', 'admin9', '$2a$10$JCYrt8QGHg4suBXWiRgjKu93h5DCq3yFDXMDsTY/Itkgeu3h3pCE6', false, 2, 2);
insert into users(id, name, surname, email, username, password, archived, role_id, organization_id) values (15, 'Wilber', 'Emard', 'admin10@gmail.com', 'admin10', '$2a$10$JCYrt8QGHg4suBXWiRgjKu93h5DCq3yFDXMDsTY/Itkgeu3h3pCE6', false, 2, 2);
insert into users(id, name, surname, email, username, password, archived, role_id, organization_id) values (16, 'Mica', 'Paucek', 'admin11@gmail.com', 'admin11', '$2a$10$JCYrt8QGHg4suBXWiRgjKu93h5DCq3yFDXMDsTY/Itkgeu3h3pCE6', false, 2, 3);
insert into users(id, name, surname, email, username, password, archived, role_id, organization_id) values (17, 'Albina', 'Lindgren', 'admin12@gmail.com', 'admin12', '$2a$10$JCYrt8QGHg4suBXWiRgjKu93h5DCq3yFDXMDsTY/Itkgeu3h3pCE6', false, 2, 3);
insert into users(id, name, surname, email, username, password, archived, role_id, organization_id) values (18, 'Tamatha', 'Reinger', 'admin13@gmail.com', 'admin13', '$2a$10$JCYrt8QGHg4suBXWiRgjKu93h5DCq3yFDXMDsTY/Itkgeu3h3pCE6', false, 2, 3);
insert into users(id, name, surname, email, username, password, archived, role_id, organization_id) values (19, 'Mike', 'Runolfsson', 'admin14@gmail.com', 'admin14', '$2a$10$JCYrt8QGHg4suBXWiRgjKu93h5DCq3yFDXMDsTY/Itkgeu3h3pCE6', false, 2, 3);
insert into users(id, name, surname, email, username, password, archived, role_id, organization_id) values (20, 'Freda', 'Schroeder', 'admin15@gmail.com', 'admin15', '$2a$10$JCYrt8QGHg4suBXWiRgjKu93h5DCq3yFDXMDsTY/Itkgeu3h3pCE6', false, 2, 3);
insert into users(id, name, surname, email, username, password, archived, role_id, organization_id) values (21, 'Krissy', 'Murphy', 'admin16@gmail.com', 'admin16', '$2a$10$JCYrt8QGHg4suBXWiRgjKu93h5DCq3yFDXMDsTY/Itkgeu3h3pCE6', false, 2, 4);
insert into users(id, name, surname, email, username, password, archived, role_id, organization_id) values (22, 'Perry', 'Metz', 'admin17@gmail.com', 'admin17', '$2a$10$JCYrt8QGHg4suBXWiRgjKu93h5DCq3yFDXMDsTY/Itkgeu3h3pCE6', false, 2, 4);
insert into users(id, name, surname, email, username, password, archived, role_id, organization_id) values (23, 'Hollis', 'Stanton', 'admin18@gmail.com', 'admin18', '$2a$10$JCYrt8QGHg4suBXWiRgjKu93h5DCq3yFDXMDsTY/Itkgeu3h3pCE6', false, 2, 4);
insert into users(id, name, surname, email, username, password, archived, role_id, organization_id) values (24, 'Lawrence', 'Huel', 'admin19@gmail.com', 'admin19', '$2a$10$JCYrt8QGHg4suBXWiRgjKu93h5DCq3yFDXMDsTY/Itkgeu3h3pCE6', false, 2, 4);
insert into users(id, name, surname, email, username, password, archived, role_id, organization_id) values (25, 'Remona', 'Tremblay', 'admin20@gmail.com', 'admin20', '$2a$10$JCYrt8QGHg4suBXWiRgjKu93h5DCq3yFDXMDsTY/Itkgeu3h3pCE6', false, 2, 4);
insert into users(id, name, surname, email, username, password, archived, role_id, organization_id) values (26, 'Sabrina', 'Crooks', 'admin21@gmail.com', 'admin21', '$2a$10$JCYrt8QGHg4suBXWiRgjKu93h5DCq3yFDXMDsTY/Itkgeu3h3pCE6', false, 2, 5);
insert into users(id, name, surname, email, username, password, archived, role_id, organization_id) values (27, 'Adolph', 'Batz', 'admin22@gmail.com', 'admin22', '$2a$10$JCYrt8QGHg4suBXWiRgjKu93h5DCq3yFDXMDsTY/Itkgeu3h3pCE6', false, 2, 5);
insert into users(id, name, surname, email, username, password, archived, role_id, organization_id) values (28, 'Charley', 'Sanford', 'admin23@gmail.com', 'admin23', '$2a$10$JCYrt8QGHg4suBXWiRgjKu93h5DCq3yFDXMDsTY/Itkgeu3h3pCE6', false, 2, 5);
insert into users(id, name, surname, email, username, password, archived, role_id, organization_id) values (29, 'Alphonse', 'Morissette', 'admin24@gmail.com', 'admin24', '$2a$10$JCYrt8QGHg4suBXWiRgjKu93h5DCq3yFDXMDsTY/Itkgeu3h3pCE6', false, 2, 5);
insert into users(id, name, surname, email, username, password, archived, role_id, organization_id) values (30, 'Lanny', 'Konopelski', 'admin25@gmail.com', 'admin25', '$2a$10$JCYrt8QGHg4suBXWiRgjKu93h5DCq3yFDXMDsTY/Itkgeu3h3pCE6', false, 2, 5);
insert into users(id, name, surname, email, username, password, archived, role_id, organization_id) values (31, 'Tracy', 'Watsica', 'user1@gmail.com', 'user1', '$2a$10$JCYrt8QGHg4suBXWiRgjKu93h5DCq3yFDXMDsTY/Itkgeu3h3pCE6', false, 3, 1);
insert into users(id, name, surname, email, username, password, archived, role_id, organization_id) values (32, 'Elroy', 'Wunsch', 'user2@gmail.com', 'user2', '$2a$10$JCYrt8QGHg4suBXWiRgjKu93h5DCq3yFDXMDsTY/Itkgeu3h3pCE6', false, 3, 1);
insert into users(id, name, surname, email, username, password, archived, role_id, organization_id) values (33, 'Vania', 'McClure', 'user3@gmail.com', 'user3', '$2a$10$JCYrt8QGHg4suBXWiRgjKu93h5DCq3yFDXMDsTY/Itkgeu3h3pCE6', false, 3, 1);
insert into users(id, name, surname, email, username, password, archived, role_id, organization_id) values (34, 'Lakeisha', 'Powlowski', 'user4@gmail.com', 'user4', '$2a$10$JCYrt8QGHg4suBXWiRgjKu93h5DCq3yFDXMDsTY/Itkgeu3h3pCE6', false, 3, 1);
insert into users(id, name, surname, email, username, password, archived, role_id, organization_id) values (35, 'Kara', 'Renner', 'user5@gmail.com', 'user5', '$2a$10$JCYrt8QGHg4suBXWiRgjKu93h5DCq3yFDXMDsTY/Itkgeu3h3pCE6', false, 3, 1);
insert into users(id, name, surname, email, username, password, archived, role_id, organization_id) values (36, 'Cyrus', 'Legros', 'user6@gmail.com', 'user6', '$2a$10$JCYrt8QGHg4suBXWiRgjKu93h5DCq3yFDXMDsTY/Itkgeu3h3pCE6', false, 3, 1);
insert into users(id, name, surname, email, username, password, archived, role_id, organization_id) values (37, 'Kyle', 'Goldner', 'user7@gmail.com', 'user7', '$2a$10$JCYrt8QGHg4suBXWiRgjKu93h5DCq3yFDXMDsTY/Itkgeu3h3pCE6', false, 3, 1);
insert into users(id, name, surname, email, username, password, archived, role_id, organization_id) values (38, 'Glen', 'Purdy', 'user8@gmail.com', 'user8', '$2a$10$JCYrt8QGHg4suBXWiRgjKu93h5DCq3yFDXMDsTY/Itkgeu3h3pCE6', false, 3, 1);
insert into users(id, name, surname, email, username, password, archived, role_id, organization_id) values (39, 'Ronnie', 'Upton', 'user9@gmail.com', 'user9', '$2a$10$JCYrt8QGHg4suBXWiRgjKu93h5DCq3yFDXMDsTY/Itkgeu3h3pCE6', false, 3, 1);
insert into users(id, name, surname, email, username, password, archived, role_id, organization_id) values (40, 'Timothy', 'Williamson', 'user10@gmail.com', 'user10', '$2a$10$JCYrt8QGHg4suBXWiRgjKu93h5DCq3yFDXMDsTY/Itkgeu3h3pCE6', false, 3, 1);
insert into users(id, name, surname, email, username, password, archived, role_id, organization_id) values (41, 'Jeffery', 'Schiller', 'user11@gmail.com', 'user11', '$2a$10$JCYrt8QGHg4suBXWiRgjKu93h5DCq3yFDXMDsTY/Itkgeu3h3pCE6', false, 3, 2);
insert into users(id, name, surname, email, username, password, archived, role_id, organization_id) values (42, 'Albertine', 'Terry', 'user12@gmail.com', 'user12', '$2a$10$JCYrt8QGHg4suBXWiRgjKu93h5DCq3yFDXMDsTY/Itkgeu3h3pCE6', false, 3, 2);
insert into users(id, name, surname, email, username, password, archived, role_id, organization_id) values (43, 'Glennis', 'Thompson', 'user13@gmail.com', 'user13', '$2a$10$JCYrt8QGHg4suBXWiRgjKu93h5DCq3yFDXMDsTY/Itkgeu3h3pCE6', false, 3, 2);
insert into users(id, name, surname, email, username, password, archived, role_id, organization_id) values (44, 'Chasity', 'Morissette', 'user14@gmail.com', 'user14', '$2a$10$JCYrt8QGHg4suBXWiRgjKu93h5DCq3yFDXMDsTY/Itkgeu3h3pCE6', false, 3, 2);
insert into users(id, name, surname, email, username, password, archived, role_id, organization_id) values (45, 'Celesta', 'Dare', 'user15@gmail.com', 'user15', '$2a$10$JCYrt8QGHg4suBXWiRgjKu93h5DCq3yFDXMDsTY/Itkgeu3h3pCE6', false, 3, 2);
insert into users(id, name, surname, email, username, password, archived, role_id, organization_id) values (46, 'Erasmo', 'Breitenberg', 'user16@gmail.com', 'user16', '$2a$10$JCYrt8QGHg4suBXWiRgjKu93h5DCq3yFDXMDsTY/Itkgeu3h3pCE6', false, 3, 2);
insert into users(id, name, surname, email, username, password, archived, role_id, organization_id) values (47, 'Austin', 'Ruecker', 'user17@gmail.com', 'user17', '$2a$10$JCYrt8QGHg4suBXWiRgjKu93h5DCq3yFDXMDsTY/Itkgeu3h3pCE6', false, 3, 2);
insert into users(id, name, surname, email, username, password, archived, role_id, organization_id) values (48, 'Britta', 'Wunsch', 'user18@gmail.com', 'user18', '$2a$10$JCYrt8QGHg4suBXWiRgjKu93h5DCq3yFDXMDsTY/Itkgeu3h3pCE6', false, 3, 2);
insert into users(id, name, surname, email, username, password, archived, role_id, organization_id) values (49, 'Alayna', 'McGlynn', 'user19@gmail.com', 'user19', '$2a$10$JCYrt8QGHg4suBXWiRgjKu93h5DCq3yFDXMDsTY/Itkgeu3h3pCE6', false, 3, 2);
insert into users(id, name, surname, email, username, password, archived, role_id, organization_id) values (50, 'Lizeth', 'Kshlerin', 'user20@gmail.com', 'user20', '$2a$10$JCYrt8QGHg4suBXWiRgjKu93h5DCq3yFDXMDsTY/Itkgeu3h3pCE6', false, 3, 2);
insert into users(id, name, surname, email, username, password, archived, role_id, organization_id) values (51, 'Lashandra', 'Mertz', 'user21@gmail.com', 'user21', '$2a$10$JCYrt8QGHg4suBXWiRgjKu93h5DCq3yFDXMDsTY/Itkgeu3h3pCE6', false, 3, 3);
insert into users(id, name, surname, email, username, password, archived, role_id, organization_id) values (52, 'Brandy', 'Dach', 'user22@gmail.com', 'user22', '$2a$10$JCYrt8QGHg4suBXWiRgjKu93h5DCq3yFDXMDsTY/Itkgeu3h3pCE6', false, 3, 3);
insert into users(id, name, surname, email, username, password, archived, role_id, organization_id) values (53, 'Leonard', 'Emard', 'user23@gmail.com', 'user23', '$2a$10$JCYrt8QGHg4suBXWiRgjKu93h5DCq3yFDXMDsTY/Itkgeu3h3pCE6', false, 3, 3);
insert into users(id, name, surname, email, username, password, archived, role_id, organization_id) values (54, 'James', 'Klocko', 'user24@gmail.com', 'user24', '$2a$10$JCYrt8QGHg4suBXWiRgjKu93h5DCq3yFDXMDsTY/Itkgeu3h3pCE6', false, 3, 3);
insert into users(id, name, surname, email, username, password, archived, role_id, organization_id) values (55, 'Lavone', 'Mueller', 'user25@gmail.com', 'user25', '$2a$10$JCYrt8QGHg4suBXWiRgjKu93h5DCq3yFDXMDsTY/Itkgeu3h3pCE6', false, 3, 3);
insert into users(id, name, surname, email, username, password, archived, role_id, organization_id) values (56, 'Lynnette', 'Berge', 'user26@gmail.com', 'user26', '$2a$10$JCYrt8QGHg4suBXWiRgjKu93h5DCq3yFDXMDsTY/Itkgeu3h3pCE6', false, 3, 3);
insert into users(id, name, surname, email, username, password, archived, role_id, organization_id) values (57, 'Natashia', 'Purdy', 'user27@gmail.com', 'user27', '$2a$10$JCYrt8QGHg4suBXWiRgjKu93h5DCq3yFDXMDsTY/Itkgeu3h3pCE6', false, 3, 3);
insert into users(id, name, surname, email, username, password, archived, role_id, organization_id) values (58, 'Ira', 'Steuber', 'user28@gmail.com', 'user28', '$2a$10$JCYrt8QGHg4suBXWiRgjKu93h5DCq3yFDXMDsTY/Itkgeu3h3pCE6', false, 3, 3);
insert into users(id, name, surname, email, username, password, archived, role_id, organization_id) values (59, 'Alexandra', 'Strosin', 'user29@gmail.com', 'user29', '$2a$10$JCYrt8QGHg4suBXWiRgjKu93h5DCq3yFDXMDsTY/Itkgeu3h3pCE6', false, 3, 3);
insert into users(id, name, surname, email, username, password, archived, role_id, organization_id) values (60, 'Serena', 'Hessel', 'user30@gmail.com', 'user30', '$2a$10$JCYrt8QGHg4suBXWiRgjKu93h5DCq3yFDXMDsTY/Itkgeu3h3pCE6', false, 3, 3);
insert into users(id, name, surname, email, username, password, archived, role_id, organization_id) values (61, 'Marin', 'Legros', 'user31@gmail.com', 'user31', '$2a$10$JCYrt8QGHg4suBXWiRgjKu93h5DCq3yFDXMDsTY/Itkgeu3h3pCE6', false, 3, 4);
insert into users(id, name, surname, email, username, password, archived, role_id, organization_id) values (62, 'Man', 'Yundt', 'user32@gmail.com', 'user32', '$2a$10$JCYrt8QGHg4suBXWiRgjKu93h5DCq3yFDXMDsTY/Itkgeu3h3pCE6', false, 3, 4);
insert into users(id, name, surname, email, username, password, archived, role_id, organization_id) values (63, 'Kimbra', 'Douglas', 'user33@gmail.com', 'user33', '$2a$10$JCYrt8QGHg4suBXWiRgjKu93h5DCq3yFDXMDsTY/Itkgeu3h3pCE6', false, 3, 4);
insert into users(id, name, surname, email, username, password, archived, role_id, organization_id) values (64, 'Ray', 'Lehner', 'user34@gmail.com', 'user34', '$2a$10$JCYrt8QGHg4suBXWiRgjKu93h5DCq3yFDXMDsTY/Itkgeu3h3pCE6', false, 3, 4);
insert into users(id, name, surname, email, username, password, archived, role_id, organization_id) values (65, 'Shonda', 'Sporer', 'user35@gmail.com', 'user35', '$2a$10$JCYrt8QGHg4suBXWiRgjKu93h5DCq3yFDXMDsTY/Itkgeu3h3pCE6', false, 3, 4);
insert into users(id, name, surname, email, username, password, archived, role_id, organization_id) values (66, 'Eric', 'Bauch', 'user36@gmail.com', 'user36', '$2a$10$JCYrt8QGHg4suBXWiRgjKu93h5DCq3yFDXMDsTY/Itkgeu3h3pCE6', false, 3, 4);
insert into users(id, name, surname, email, username, password, archived, role_id, organization_id) values (67, 'Tosha', 'Dach', 'user37@gmail.com', 'user37', '$2a$10$JCYrt8QGHg4suBXWiRgjKu93h5DCq3yFDXMDsTY/Itkgeu3h3pCE6', false, 3, 4);
insert into users(id, name, surname, email, username, password, archived, role_id, organization_id) values (68, 'Manual', 'Yundt', 'user38@gmail.com', 'user38', '$2a$10$JCYrt8QGHg4suBXWiRgjKu93h5DCq3yFDXMDsTY/Itkgeu3h3pCE6', false, 3, 4);
insert into users(id, name, surname, email, username, password, archived, role_id, organization_id) values (69, 'Breanne', 'Gislason', 'user39@gmail.com', 'user39', '$2a$10$JCYrt8QGHg4suBXWiRgjKu93h5DCq3yFDXMDsTY/Itkgeu3h3pCE6', false, 3, 4);
insert into users(id, name, surname, email, username, password, archived, role_id, organization_id) values (70, 'Maribeth', 'Bartell', 'user40@gmail.com', 'user40', '$2a$10$JCYrt8QGHg4suBXWiRgjKu93h5DCq3yFDXMDsTY/Itkgeu3h3pCE6', false, 3, 4);
insert into users(id, name, surname, email, username, password, archived, role_id, organization_id) values (71, 'Willard', 'Reilly', 'user41@gmail.com', 'user41', '$2a$10$JCYrt8QGHg4suBXWiRgjKu93h5DCq3yFDXMDsTY/Itkgeu3h3pCE6', false, 3, 5);
insert into users(id, name, surname, email, username, password, archived, role_id, organization_id) values (72, 'Romeo', 'Prohaska', 'user42@gmail.com', 'user42', '$2a$10$JCYrt8QGHg4suBXWiRgjKu93h5DCq3yFDXMDsTY/Itkgeu3h3pCE6', false, 3, 5);
insert into users(id, name, surname, email, username, password, archived, role_id, organization_id) values (73, 'Emmitt', 'Hirthe', 'user43@gmail.com', 'user43', '$2a$10$JCYrt8QGHg4suBXWiRgjKu93h5DCq3yFDXMDsTY/Itkgeu3h3pCE6', false, 3, 5);
insert into users(id, name, surname, email, username, password, archived, role_id, organization_id) values (74, 'Isaias', 'Hamill', 'user44@gmail.com', 'user44', '$2a$10$JCYrt8QGHg4suBXWiRgjKu93h5DCq3yFDXMDsTY/Itkgeu3h3pCE6', false, 3, 5);
insert into users(id, name, surname, email, username, password, archived, role_id, organization_id) values (75, 'Shaquana', 'Grant', 'user45@gmail.com', 'user45', '$2a$10$JCYrt8QGHg4suBXWiRgjKu93h5DCq3yFDXMDsTY/Itkgeu3h3pCE6', false, 3, 5);
insert into users(id, name, surname, email, username, password, archived, role_id, organization_id) values (76, 'Ramiro', 'Murray', 'user46@gmail.com', 'user46', '$2a$10$JCYrt8QGHg4suBXWiRgjKu93h5DCq3yFDXMDsTY/Itkgeu3h3pCE6', false, 3, 5);
insert into users(id, name, surname, email, username, password, archived, role_id, organization_id) values (77, 'Alfonzo', 'Koch', 'user47@gmail.com', 'user47', '$2a$10$JCYrt8QGHg4suBXWiRgjKu93h5DCq3yFDXMDsTY/Itkgeu3h3pCE6', false, 3, 5);
insert into users(id, name, surname, email, username, password, archived, role_id, organization_id) values (78, 'Daniel', 'Lesch', 'user48@gmail.com', 'user48', '$2a$10$JCYrt8QGHg4suBXWiRgjKu93h5DCq3yFDXMDsTY/Itkgeu3h3pCE6', false, 3, 5);
insert into users(id, name, surname, email, username, password, archived, role_id, organization_id) values (79, 'Clayton', 'Marquardt', 'user49@gmail.com', 'user49', '$2a$10$JCYrt8QGHg4suBXWiRgjKu93h5DCq3yFDXMDsTY/Itkgeu3h3pCE6', false, 3, 5);
insert into users(id, name, surname, email, username, password, archived, role_id, organization_id) values (80, 'Misty', 'Yost', 'user50@gmail.com', 'user50', '$2a$10$JCYrt8QGHg4suBXWiRgjKu93h5DCq3yFDXMDsTY/Itkgeu3h3pCE6', false, 3, 5);
--------------------------------------------------------------------------------------------------------------------------------------------------------------------------------------------------------
--------------------------------------------------------------------------------------------------------------------------------------------------------------------------------------------------------

--------------------------------------------------------------------------------------------------------------------------------------------------------------------------------------------------------
----------------------------------------------------------------------------------------- Altering user_id_seq -----------------------------------------------------------------------------------------
alter sequence user_id_seq restart with 81;
--------------------------------------------------------------------------------------------------------------------------------------------------------------------------------------------------------
--------------------------------------------------------------------------------------------------------------------------------------------------------------------------------------------------------

--------------------------------------------------------------------------------------------------------------------------------------------------------------------------------------------------------
----------------------------------------------------------------------------------------- inserting categories -----------------------------------------------------------------------------------------
insert into categories(id, name, cpu, ram, gpu, archived) values (1, '1: Lothlorièn', 1, 2, 0, false);
insert into categories(id, name, cpu, ram, gpu, archived) values (2, '2: Dome of Stars', 1, 2, 1, false);
insert into categories(id, name, cpu, ram, gpu, archived) values (3, '3: Helm''s Deep', 1, 4, 0, false);
insert into categories(id, name, cpu, ram, gpu, archived) values (4, '4: Maglor''s Gap', 1, 4, 1, false);
insert into categories(id, name, cpu, ram, gpu, archived) values (5, '5: Henneth Annûn', 2, 2, 0, false);
insert into categories(id, name, cpu, ram, gpu, archived) values (6, '6: Fords of Isen', 2, 2, 1, false);
insert into categories(id, name, cpu, ram, gpu, archived) values (7, '7: Inn of the Prancing Pony', 2, 4, 2, false);
insert into categories(id, name, cpu, ram, gpu, archived) values (8, '8: Narchost', 2, 8, 2, false);
insert into categories(id, name, cpu, ram, gpu, archived) values (9, '9: Bag End', 4, 2, 2, false);
insert into categories(id, name, cpu, ram, gpu, archived) values (10, '10: Tol Morwen', 4, 4, 2, false);
insert into categories(id, name, cpu, ram, gpu, archived) values (11, '11: Vista', 4, 8, 4, false);
insert into categories(id, name, cpu, ram, gpu, archived) values (12, '12: Land of the Sun', 4, 16, 4, false);
insert into categories(id, name, cpu, ram, gpu, archived) values (13, '13: Meduseld', 8, 4, 2, false);
insert into categories(id, name, cpu, ram, gpu, archived) values (14, '14: Old Ford', 8, 8, 4, false);
insert into categories(id, name, cpu, ram, gpu, archived) values (15, '15: Taur-en-Faroth', 8, 16, 8, false);
insert into categories(id, name, cpu, ram, gpu, archived) values (16, '16: Isenmouthe', 8, 32, 8, false);
insert into categories(id, name, cpu, ram, gpu, archived) values (17, '17: Coldfells', 16, 8, 4, false);
insert into categories(id, name, cpu, ram, gpu, archived) values (18, '18: Vaiya', 16, 16, 4, false);
insert into categories(id, name, cpu, ram, gpu, archived) values (19, '19: Aglarond', 16, 32, 8, false);
insert into categories(id, name, cpu, ram, gpu, archived) values (20, '20: Utumno', 16, 64, 8, false);
insert into categories(id, name, cpu, ram, gpu, archived) values (21, '21: Doriath', 16, 128, 16, false);
insert into categories(id, name, cpu, ram, gpu, archived) values (22, '22: Tol Brandir', 32, 16, 8, false);
insert into categories(id, name, cpu, ram, gpu, archived) values (23, '23: Isengard', 32, 32, 8, false);
insert into categories(id, name, cpu, ram, gpu, archived) values (24, '24: Isle of Balar', 32, 64, 16, false);
insert into categories(id, name, cpu, ram, gpu, archived) values (25, '25: Lothlorièn', 32, 128, 16, false);
--------------------------------------------------------------------------------------------------------------------------------------------------------------------------------------------------------
--------------------------------------------------------------------------------------------------------------------------------------------------------------------------------------------------------

--------------------------------------------------------------------------------------------------------------------------------------------------------------------------------------------------------
--------------------------------------------------------------------------------------- Altering category_id_seq ---------------------------------------------------------------------------------------
alter sequence category_id_seq restart with 26;
--------------------------------------------------------------------------------------------------------------------------------------------------------------------------------------------------------
--------------------------------------------------------------------------------------------------------------------------------------------------------------------------------------------------------

--------------------------------------------------------------------------------------------------------------------------------------------------------------------------------------------------------
------------------------------------------------------------------------------------------ inserting machines ------------------------------------------------------------------------------------------
insert into virtual_machines(id, name, archived, organization_id, category_id) values (1, '1: Quickbeam', false, 1, 1);
insert into virtual_machines(id, name, archived, organization_id, category_id) values (2, '2: Tom Bombadil', false, 1, 2);
insert into virtual_machines(id, name, archived, organization_id, category_id) values (3, '3: Faramir', false, 1, 3);
insert into virtual_machines(id, name, archived, organization_id, category_id) values (4, '4: Faramir', false, 1, 4);
insert into virtual_machines(id, name, archived, organization_id, category_id) values (5, '5: Gollum', false, 1, 5);
insert into virtual_machines(id, name, archived, organization_id, category_id) values (6, '6: Saruman the White', false, 1, 6);
insert into virtual_machines(id, name, archived, organization_id, category_id) values (7, '7: Samwise Gamgee', false, 1, 7);
insert into virtual_machines(id, name, archived, organization_id, category_id) values (8, '8: Frodo Baggins', false, 1, 8);
insert into virtual_machines(id, name, archived, organization_id, category_id) values (9, '9: Meriadoc Brandybuck', false, 1, 9);
insert into virtual_machines(id, name, archived, organization_id, category_id) values (10, '10: Aragorn', false, 1, 10);
insert into virtual_machines(id, name, archived, organization_id, category_id) values (11, '11: Quickbeam', false, 1, 11);
insert into virtual_machines(id, name, archived, organization_id, category_id) values (12, '12: Galadriel', false, 1, 12);
insert into virtual_machines(id, name, archived, organization_id, category_id) values (13, '13: Aragorn', false, 1, 13);
insert into virtual_machines(id, name, archived, organization_id, category_id) values (14, '14: Elrond', false, 1, 14);
insert into virtual_machines(id, name, archived, organization_id, category_id) values (15, '15: Bilbo Baggins', false, 1, 15);
insert into virtual_machines(id, name, archived, organization_id, category_id) values (16, '16: Bilbo Baggins', false, 1, 16);
insert into virtual_machines(id, name, archived, organization_id, category_id) values (17, '17: Gandalf the Grey', false, 1, 17);
insert into virtual_machines(id, name, archived, organization_id, category_id) values (18, '18: Peregrin Took', false, 1, 18);
insert into virtual_machines(id, name, archived, organization_id, category_id) values (19, '19: Éowyn', false, 1, 19);
insert into virtual_machines(id, name, archived, organization_id, category_id) values (20, '20: Boromir', false, 1, 20);
insert into virtual_machines(id, name, archived, organization_id, category_id) values (21, '21: Tom Bombadil', false, 1, 21);
insert into virtual_machines(id, name, archived, organization_id, category_id) values (22, '22: Frodo Baggins', false, 1, 22);
insert into virtual_machines(id, name, archived, organization_id, category_id) values (23, '23: Gandalf the Grey', false, 1, 23);
insert into virtual_machines(id, name, archived, organization_id, category_id) values (24, '24: Shadowfax', false, 1, 24);
insert into virtual_machines(id, name, archived, organization_id, category_id) values (25, '25: Boromir', false, 1, 25);
insert into virtual_machines(id, name, archived, organization_id, category_id) values (26, '26: Legolas', false, 1, 1);
insert into virtual_machines(id, name, archived, organization_id, category_id) values (27, '27: Meriadoc Brandybuck', false, 1, 2);
insert into virtual_machines(id, name, archived, organization_id, category_id) values (28, '28: Shelob', false, 1, 3);
insert into virtual_machines(id, name, archived, organization_id, category_id) values (29, '29: Glorfindel', false, 1, 4);
insert into virtual_machines(id, name, archived, organization_id, category_id) values (30, '30: Glorfindel', false, 1, 5);
insert into virtual_machines(id, name, archived, organization_id, category_id) values (31, '31: Meriadoc Brandybuck', false, 1, 6);
insert into virtual_machines(id, name, archived, organization_id, category_id) values (32, '32: Meriadoc Brandybuck', false, 1, 7);
insert into virtual_machines(id, name, archived, organization_id, category_id) values (33, '33: Gandalf the Grey', false, 1, 8);
insert into virtual_machines(id, name, archived, organization_id, category_id) values (34, '34: Éomer', false, 1, 9);
insert into virtual_machines(id, name, archived, organization_id, category_id) values (35, '35: Grìma Wormtongue', false, 1, 10);
insert into virtual_machines(id, name, archived, organization_id, category_id) values (36, '36: Faramir', false, 1, 11);
insert into virtual_machines(id, name, archived, organization_id, category_id) values (37, '37: Glorfindel', false, 1, 12);
insert into virtual_machines(id, name, archived, organization_id, category_id) values (38, '38: Bilbo Baggins', false, 1, 13);
insert into virtual_machines(id, name, archived, organization_id, category_id) values (39, '39: Arwen Evenstar', false, 1, 14);
insert into virtual_machines(id, name, archived, organization_id, category_id) values (40, '40: Denethor', false, 1, 15);
insert into virtual_machines(id, name, archived, organization_id, category_id) values (41, '41: Legolas', false, 1, 16);
insert into virtual_machines(id, name, archived, organization_id, category_id) values (42, '42: Arwen Evenstar', false, 1, 17);
insert into virtual_machines(id, name, archived, organization_id, category_id) values (43, '43: Théoden', false, 1, 18);
insert into virtual_machines(id, name, archived, organization_id, category_id) values (44, '44: Aragorn', false, 1, 19);
insert into virtual_machines(id, name, archived, organization_id, category_id) values (45, '45: Elrond', false, 1, 20);
insert into virtual_machines(id, name, archived, organization_id, category_id) values (46, '46: Arwen Evenstar', false, 1, 21);
insert into virtual_machines(id, name, archived, organization_id, category_id) values (47, '47: Treebeard', false, 1, 22);
insert into virtual_machines(id, name, archived, organization_id, category_id) values (48, '48: Aragorn', false, 1, 23);
insert into virtual_machines(id, name, archived, organization_id, category_id) values (49, '49: Tom Bombadil', false, 1, 24);
insert into virtual_machines(id, name, archived, organization_id, category_id) values (50, '50: Aragorn', false, 1, 25);
insert into virtual_machines(id, name, archived, organization_id, category_id) values (51, '51: Beregond', false, 1, 1);
insert into virtual_machines(id, name, archived, organization_id, category_id) values (52, '52: Faramir', false, 1, 2);
insert into virtual_machines(id, name, archived, organization_id, category_id) values (53, '53: Gandalf the Grey', false, 1, 3);
insert into virtual_machines(id, name, archived, organization_id, category_id) values (54, '54: Éowyn', false, 1, 4);
insert into virtual_machines(id, name, archived, organization_id, category_id) values (55, '55: Tom Bombadil', false, 1, 5);
insert into virtual_machines(id, name, archived, organization_id, category_id) values (56, '56: Barliman Butterbur', false, 1, 6);
insert into virtual_machines(id, name, archived, organization_id, category_id) values (57, '57: Théoden', false, 1, 7);
insert into virtual_machines(id, name, archived, organization_id, category_id) values (58, '58: Gollum', false, 1, 8);
insert into virtual_machines(id, name, archived, organization_id, category_id) values (59, '59: Treebeard', false, 1, 9);
insert into virtual_machines(id, name, archived, organization_id, category_id) values (60, '60: Samwise Gamgee', false, 1, 10);
insert into virtual_machines(id, name, archived, organization_id, category_id) values (61, '61: Arwen Evenstar', false, 1, 11);
insert into virtual_machines(id, name, archived, organization_id, category_id) values (62, '62: Boromir', false, 1, 12);
insert into virtual_machines(id, name, archived, organization_id, category_id) values (63, '63: Elrond', false, 1, 13);
insert into virtual_machines(id, name, archived, organization_id, category_id) values (64, '64: Elrond', false, 1, 14);
insert into virtual_machines(id, name, archived, organization_id, category_id) values (65, '65: Frodo Baggins', false, 1, 15);
insert into virtual_machines(id, name, archived, organization_id, category_id) values (66, '66: Sauron', false, 1, 16);
insert into virtual_machines(id, name, archived, organization_id, category_id) values (67, '67: Legolas', false, 1, 17);
insert into virtual_machines(id, name, archived, organization_id, category_id) values (68, '68: Arwen Evenstar', false, 1, 18);
insert into virtual_machines(id, name, archived, organization_id, category_id) values (69, '69: Legolas', false, 1, 19);
insert into virtual_machines(id, name, archived, organization_id, category_id) values (70, '70: Beregond', false, 1, 20);
insert into virtual_machines(id, name, archived, organization_id, category_id) values (71, '71: Grìma Wormtongue', false, 1, 21);
insert into virtual_machines(id, name, archived, organization_id, category_id) values (72, '72: Shelob', false, 1, 22);
insert into virtual_machines(id, name, archived, organization_id, category_id) values (73, '73: Tom Bombadil', false, 1, 23);
insert into virtual_machines(id, name, archived, organization_id, category_id) values (74, '74: Gollum', false, 1, 24);
insert into virtual_machines(id, name, archived, organization_id, category_id) values (75, '75: Théoden', false, 1, 25);
insert into virtual_machines(id, name, archived, organization_id, category_id) values (76, '76: Shadowfax', false, 1, 1);
insert into virtual_machines(id, name, archived, organization_id, category_id) values (77, '77: Barliman Butterbur', false, 1, 2);
insert into virtual_machines(id, name, archived, organization_id, category_id) values (78, '78: Barliman Butterbur', false, 1, 3);
insert into virtual_machines(id, name, archived, organization_id, category_id) values (79, '79: Elrond', false, 1, 4);
insert into virtual_machines(id, name, archived, organization_id, category_id) values (80, '80: Éowyn', false, 1, 5);
insert into virtual_machines(id, name, archived, organization_id, category_id) values (81, '81: Tom Bombadil', false, 1, 6);
insert into virtual_machines(id, name, archived, organization_id, category_id) values (82, '82: Sauron', false, 1, 7);
insert into virtual_machines(id, name, archived, organization_id, category_id) values (83, '83: Bilbo Baggins', false, 1, 8);
insert into virtual_machines(id, name, archived, organization_id, category_id) values (84, '84: Legolas', false, 1, 9);
insert into virtual_machines(id, name, archived, organization_id, category_id) values (85, '85: Aragorn', false, 1, 10);
insert into virtual_machines(id, name, archived, organization_id, category_id) values (86, '86: Éomer', false, 1, 11);
insert into virtual_machines(id, name, archived, organization_id, category_id) values (87, '87: Samwise Gamgee', false, 1, 12);
insert into virtual_machines(id, name, archived, organization_id, category_id) values (88, '88: Théoden', false, 1, 13);
insert into virtual_machines(id, name, archived, organization_id, category_id) values (89, '89: Gimli', false, 1, 14);
insert into virtual_machines(id, name, archived, organization_id, category_id) values (90, '90: Shadowfax', false, 1, 15);
insert into virtual_machines(id, name, archived, organization_id, category_id) values (91, '91: Treebeard', false, 1, 16);
insert into virtual_machines(id, name, archived, organization_id, category_id) values (92, '92: Théoden', false, 1, 17);
insert into virtual_machines(id, name, archived, organization_id, category_id) values (93, '93: Sauron', false, 1, 18);
insert into virtual_machines(id, name, archived, organization_id, category_id) values (94, '94: Frodo Baggins', false, 1, 19);
insert into virtual_machines(id, name, archived, organization_id, category_id) values (95, '95: Shelob', false, 1, 20);
insert into virtual_machines(id, name, archived, organization_id, category_id) values (96, '96: Boromir', false, 1, 21);
insert into virtual_machines(id, name, archived, organization_id, category_id) values (97, '97: Samwise Gamgee', false, 1, 22);
insert into virtual_machines(id, name, archived, organization_id, category_id) values (98, '98: Frodo Baggins', false, 1, 23);
insert into virtual_machines(id, name, archived, organization_id, category_id) values (99, '99: Glorfindel', false, 1, 24);
insert into virtual_machines(id, name, archived, organization_id, category_id) values (100, '100: Aragorn', false, 1, 25);
insert into virtual_machines(id, name, archived, organization_id, category_id) values (101, '101: Denethor', false, 1, 1);
insert into virtual_machines(id, name, archived, organization_id, category_id) values (102, '102: Arwen Evenstar', false, 1, 2);
insert into virtual_machines(id, name, archived, organization_id, category_id) values (103, '103: Meriadoc Brandybuck', false, 1, 3);
insert into virtual_machines(id, name, archived, organization_id, category_id) values (104, '104: Boromir', false, 1, 4);
insert into virtual_machines(id, name, archived, organization_id, category_id) values (105, '105: Elrond', false, 1, 5);
insert into virtual_machines(id, name, archived, organization_id, category_id) values (106, '106: Grìma Wormtongue', false, 1, 6);
insert into virtual_machines(id, name, archived, organization_id, category_id) values (107, '107: Tom Bombadil', false, 1, 7);
insert into virtual_machines(id, name, archived, organization_id, category_id) values (108, '108: Quickbeam', false, 1, 8);
insert into virtual_machines(id, name, archived, organization_id, category_id) values (109, '109: Treebeard', false, 1, 9);
insert into virtual_machines(id, name, archived, organization_id, category_id) values (110, '110: Gollum', false, 1, 10);
insert into virtual_machines(id, name, archived, organization_id, category_id) values (111, '111: Shelob', false, 1, 11);
insert into virtual_machines(id, name, archived, organization_id, category_id) values (112, '112: Gollum', false, 1, 12);
insert into virtual_machines(id, name, archived, organization_id, category_id) values (113, '113: Peregrin Took', false, 1, 13);
insert into virtual_machines(id, name, archived, organization_id, category_id) values (114, '114: Glorfindel', false, 1, 14);
insert into virtual_machines(id, name, archived, organization_id, category_id) values (115, '115: Aragorn', false, 1, 15);
insert into virtual_machines(id, name, archived, organization_id, category_id) values (116, '116: Bilbo Baggins', false, 1, 16);
insert into virtual_machines(id, name, archived, organization_id, category_id) values (117, '117: Beregond', false, 1, 17);
insert into virtual_machines(id, name, archived, organization_id, category_id) values (118, '118: Saruman the White', false, 1, 18);
insert into virtual_machines(id, name, archived, organization_id, category_id) values (119, '119: Bilbo Baggins', false, 1, 19);
insert into virtual_machines(id, name, archived, organization_id, category_id) values (120, '120: Boromir', false, 1, 20);
insert into virtual_machines(id, name, archived, organization_id, category_id) values (121, '121: Sauron', false, 1, 21);
insert into virtual_machines(id, name, archived, organization_id, category_id) values (122, '122: Gandalf the Grey', false, 1, 22);
insert into virtual_machines(id, name, archived, organization_id, category_id) values (123, '123: Tom Bombadil', false, 1, 23);
insert into virtual_machines(id, name, archived, organization_id, category_id) values (124, '124: Tom Bombadil', false, 1, 24);
insert into virtual_machines(id, name, archived, organization_id, category_id) values (125, '125: Elrond', false, 1, 25);
insert into virtual_machines(id, name, archived, organization_id, category_id) values (126, '126: Shadowfax', false, 1, 1);
insert into virtual_machines(id, name, archived, organization_id, category_id) values (127, '127: Denethor', false, 1, 2);
insert into virtual_machines(id, name, archived, organization_id, category_id) values (128, '128: Legolas', false, 1, 3);
insert into virtual_machines(id, name, archived, organization_id, category_id) values (129, '129: Tom Bombadil', false, 1, 4);
insert into virtual_machines(id, name, archived, organization_id, category_id) values (130, '130: Galadriel', false, 1, 5);
insert into virtual_machines(id, name, archived, organization_id, category_id) values (131, '131: Beregond', false, 1, 6);
insert into virtual_machines(id, name, archived, organization_id, category_id) values (132, '132: Tom Bombadil', false, 1, 7);
insert into virtual_machines(id, name, archived, organization_id, category_id) values (133, '133: Elrond', false, 1, 8);
insert into virtual_machines(id, name, archived, organization_id, category_id) values (134, '134: Boromir', false, 1, 9);
insert into virtual_machines(id, name, archived, organization_id, category_id) values (135, '135: Beregond', false, 1, 10);
insert into virtual_machines(id, name, archived, organization_id, category_id) values (136, '136: Samwise Gamgee', false, 1, 11);
insert into virtual_machines(id, name, archived, organization_id, category_id) values (137, '137: Glorfindel', false, 1, 12);
insert into virtual_machines(id, name, archived, organization_id, category_id) values (138, '138: Barliman Butterbur', false, 1, 13);
insert into virtual_machines(id, name, archived, organization_id, category_id) values (139, '139: Boromir', false, 1, 14);
insert into virtual_machines(id, name, archived, organization_id, category_id) values (140, '140: Frodo Baggins', false, 1, 15);
insert into virtual_machines(id, name, archived, organization_id, category_id) values (141, '141: Peregrin Took', false, 1, 16);
insert into virtual_machines(id, name, archived, organization_id, category_id) values (142, '142: Glorfindel', false, 1, 17);
insert into virtual_machines(id, name, archived, organization_id, category_id) values (143, '143: Frodo Baggins', false, 1, 18);
insert into virtual_machines(id, name, archived, organization_id, category_id) values (144, '144: Beregond', false, 1, 19);
insert into virtual_machines(id, name, archived, organization_id, category_id) values (145, '145: Arwen Evenstar', false, 1, 20);
insert into virtual_machines(id, name, archived, organization_id, category_id) values (146, '146: Elrond', false, 1, 21);
insert into virtual_machines(id, name, archived, organization_id, category_id) values (147, '147: Théoden', false, 1, 22);
insert into virtual_machines(id, name, archived, organization_id, category_id) values (148, '148: Gimli', false, 1, 23);
insert into virtual_machines(id, name, archived, organization_id, category_id) values (149, '149: Faramir', false, 1, 24);
insert into virtual_machines(id, name, archived, organization_id, category_id) values (150, '150: Bilbo Baggins', false, 1, 25);
insert into virtual_machines(id, name, archived, organization_id, category_id) values (151, '151: Samwise Gamgee', false, 1, 1);
insert into virtual_machines(id, name, archived, organization_id, category_id) values (152, '152: Glorfindel', false, 1, 2);
insert into virtual_machines(id, name, archived, organization_id, category_id) values (153, '153: Galadriel', false, 1, 3);
insert into virtual_machines(id, name, archived, organization_id, category_id) values (154, '154: Denethor', false, 1, 4);
insert into virtual_machines(id, name, archived, organization_id, category_id) values (155, '155: Meriadoc Brandybuck', false, 1, 5);
insert into virtual_machines(id, name, archived, organization_id, category_id) values (156, '156: Boromir', false, 1, 6);
insert into virtual_machines(id, name, archived, organization_id, category_id) values (157, '157: Galadriel', false, 1, 7);
insert into virtual_machines(id, name, archived, organization_id, category_id) values (158, '158: Frodo Baggins', false, 1, 8);
insert into virtual_machines(id, name, archived, organization_id, category_id) values (159, '159: Sauron', false, 1, 9);
insert into virtual_machines(id, name, archived, organization_id, category_id) values (160, '160: Shadowfax', false, 1, 10);
insert into virtual_machines(id, name, archived, organization_id, category_id) values (161, '161: Faramir', false, 1, 11);
insert into virtual_machines(id, name, archived, organization_id, category_id) values (162, '162: Sauron', false, 1, 12);
insert into virtual_machines(id, name, archived, organization_id, category_id) values (163, '163: Boromir', false, 1, 13);
insert into virtual_machines(id, name, archived, organization_id, category_id) values (164, '164: Quickbeam', false, 1, 14);
insert into virtual_machines(id, name, archived, organization_id, category_id) values (165, '165: Meriadoc Brandybuck', false, 1, 15);
insert into virtual_machines(id, name, archived, organization_id, category_id) values (166, '166: Shadowfax', false, 1, 16);
insert into virtual_machines(id, name, archived, organization_id, category_id) values (167, '167: Tom Bombadil', false, 1, 17);
insert into virtual_machines(id, name, archived, organization_id, category_id) values (168, '168: Bilbo Baggins', false, 1, 18);
insert into virtual_machines(id, name, archived, organization_id, category_id) values (169, '169: Grìma Wormtongue', false, 1, 19);
insert into virtual_machines(id, name, archived, organization_id, category_id) values (170, '170: Arwen Evenstar', false, 1, 20);
insert into virtual_machines(id, name, archived, organization_id, category_id) values (171, '171: Gandalf the Grey', false, 1, 21);
insert into virtual_machines(id, name, archived, organization_id, category_id) values (172, '172: Treebeard', false, 1, 22);
insert into virtual_machines(id, name, archived, organization_id, category_id) values (173, '173: Legolas', false, 1, 23);
insert into virtual_machines(id, name, archived, organization_id, category_id) values (174, '174: Aragorn', false, 1, 24);
insert into virtual_machines(id, name, archived, organization_id, category_id) values (175, '175: Éomer', false, 1, 25);
insert into virtual_machines(id, name, archived, organization_id, category_id) values (176, '176: Meriadoc Brandybuck', false, 1, 1);
insert into virtual_machines(id, name, archived, organization_id, category_id) values (177, '177: Galadriel', false, 1, 2);
insert into virtual_machines(id, name, archived, organization_id, category_id) values (178, '178: Barliman Butterbur', false, 1, 3);
insert into virtual_machines(id, name, archived, organization_id, category_id) values (179, '179: Bilbo Baggins', false, 1, 4);
insert into virtual_machines(id, name, archived, organization_id, category_id) values (180, '180: Boromir', false, 1, 5);
insert into virtual_machines(id, name, archived, organization_id, category_id) values (181, '181: Elrond', false, 1, 6);
insert into virtual_machines(id, name, archived, organization_id, category_id) values (182, '182: Aragorn', false, 1, 7);
insert into virtual_machines(id, name, archived, organization_id, category_id) values (183, '183: Shelob', false, 1, 8);
insert into virtual_machines(id, name, archived, organization_id, category_id) values (184, '184: Gandalf the Grey', false, 1, 9);
insert into virtual_machines(id, name, archived, organization_id, category_id) values (185, '185: Éomer', false, 1, 10);
insert into virtual_machines(id, name, archived, organization_id, category_id) values (186, '186: Saruman the White', false, 1, 11);
insert into virtual_machines(id, name, archived, organization_id, category_id) values (187, '187: Frodo Baggins', false, 1, 12);
insert into virtual_machines(id, name, archived, organization_id, category_id) values (188, '188: Denethor', false, 1, 13);
insert into virtual_machines(id, name, archived, organization_id, category_id) values (189, '189: Denethor', false, 1, 14);
insert into virtual_machines(id, name, archived, organization_id, category_id) values (190, '190: Boromir', false, 1, 15);
insert into virtual_machines(id, name, archived, organization_id, category_id) values (191, '191: Tom Bombadil', false, 1, 16);
insert into virtual_machines(id, name, archived, organization_id, category_id) values (192, '192: Gimli', false, 1, 17);
insert into virtual_machines(id, name, archived, organization_id, category_id) values (193, '193: Elrond', false, 1, 18);
insert into virtual_machines(id, name, archived, organization_id, category_id) values (194, '194: Samwise Gamgee', false, 1, 19);
insert into virtual_machines(id, name, archived, organization_id, category_id) values (195, '195: Meriadoc Brandybuck', false, 1, 20);
insert into virtual_machines(id, name, archived, organization_id, category_id) values (196, '196: Arwen Evenstar', false, 1, 21);
insert into virtual_machines(id, name, archived, organization_id, category_id) values (197, '197: Barliman Butterbur', false, 1, 22);
insert into virtual_machines(id, name, archived, organization_id, category_id) values (198, '198: Galadriel', false, 1, 23);
insert into virtual_machines(id, name, archived, organization_id, category_id) values (199, '199: Meriadoc Brandybuck', false, 1, 24);
insert into virtual_machines(id, name, archived, organization_id, category_id) values (200, '200: Quickbeam', false, 1, 25);
insert into virtual_machines(id, name, archived, organization_id, category_id) values (201, '201: Éowyn', false, 2, 1);
insert into virtual_machines(id, name, archived, organization_id, category_id) values (202, '202: Faramir', false, 2, 2);
insert into virtual_machines(id, name, archived, organization_id, category_id) values (203, '203: Gimli', false, 2, 3);
insert into virtual_machines(id, name, archived, organization_id, category_id) values (204, '204: Galadriel', false, 2, 4);
insert into virtual_machines(id, name, archived, organization_id, category_id) values (205, '205: Bilbo Baggins', false, 2, 5);
insert into virtual_machines(id, name, archived, organization_id, category_id) values (206, '206: Shadowfax', false, 2, 6);
insert into virtual_machines(id, name, archived, organization_id, category_id) values (207, '207: Sauron', false, 2, 7);
insert into virtual_machines(id, name, archived, organization_id, category_id) values (208, '208: Saruman the White', false, 2, 8);
insert into virtual_machines(id, name, archived, organization_id, category_id) values (209, '209: Bilbo Baggins', false, 2, 9);
insert into virtual_machines(id, name, archived, organization_id, category_id) values (210, '210: Bilbo Baggins', false, 2, 10);
insert into virtual_machines(id, name, archived, organization_id, category_id) values (211, '211: Théoden', false, 2, 11);
insert into virtual_machines(id, name, archived, organization_id, category_id) values (212, '212: Gandalf the Grey', false, 2, 12);
insert into virtual_machines(id, name, archived, organization_id, category_id) values (213, '213: Éomer', false, 2, 13);
insert into virtual_machines(id, name, archived, organization_id, category_id) values (214, '214: Gimli', false, 2, 14);
insert into virtual_machines(id, name, archived, organization_id, category_id) values (215, '215: Éomer', false, 2, 15);
insert into virtual_machines(id, name, archived, organization_id, category_id) values (216, '216: Théoden', false, 2, 16);
insert into virtual_machines(id, name, archived, organization_id, category_id) values (217, '217: Beregond', false, 2, 17);
insert into virtual_machines(id, name, archived, organization_id, category_id) values (218, '218: Shelob', false, 2, 18);
insert into virtual_machines(id, name, archived, organization_id, category_id) values (219, '219: Shadowfax', false, 2, 19);
insert into virtual_machines(id, name, archived, organization_id, category_id) values (220, '220: Quickbeam', false, 2, 20);
insert into virtual_machines(id, name, archived, organization_id, category_id) values (221, '221: Barliman Butterbur', false, 2, 21);
insert into virtual_machines(id, name, archived, organization_id, category_id) values (222, '222: Glorfindel', false, 2, 22);
insert into virtual_machines(id, name, archived, organization_id, category_id) values (223, '223: Peregrin Took', false, 2, 23);
insert into virtual_machines(id, name, archived, organization_id, category_id) values (224, '224: Tom Bombadil', false, 2, 24);
insert into virtual_machines(id, name, archived, organization_id, category_id) values (225, '225: Treebeard', false, 2, 25);
insert into virtual_machines(id, name, archived, organization_id, category_id) values (226, '226: Quickbeam', false, 2, 1);
insert into virtual_machines(id, name, archived, organization_id, category_id) values (227, '227: Sauron', false, 2, 2);
insert into virtual_machines(id, name, archived, organization_id, category_id) values (228, '228: Arwen Evenstar', false, 2, 3);
insert into virtual_machines(id, name, archived, organization_id, category_id) values (229, '229: Bilbo Baggins', false, 2, 4);
insert into virtual_machines(id, name, archived, organization_id, category_id) values (230, '230: Beregond', false, 2, 5);
insert into virtual_machines(id, name, archived, organization_id, category_id) values (231, '231: Tom Bombadil', false, 2, 6);
insert into virtual_machines(id, name, archived, organization_id, category_id) values (232, '232: Grìma Wormtongue', false, 2, 7);
insert into virtual_machines(id, name, archived, organization_id, category_id) values (233, '233: Treebeard', false, 2, 8);
insert into virtual_machines(id, name, archived, organization_id, category_id) values (234, '234: Beregond', false, 2, 9);
insert into virtual_machines(id, name, archived, organization_id, category_id) values (235, '235: Bilbo Baggins', false, 2, 10);
insert into virtual_machines(id, name, archived, organization_id, category_id) values (236, '236: Beregond', false, 2, 11);
insert into virtual_machines(id, name, archived, organization_id, category_id) values (237, '237: Shelob', false, 2, 12);
insert into virtual_machines(id, name, archived, organization_id, category_id) values (238, '238: Meriadoc Brandybuck', false, 2, 13);
insert into virtual_machines(id, name, archived, organization_id, category_id) values (239, '239: Sauron', false, 2, 14);
insert into virtual_machines(id, name, archived, organization_id, category_id) values (240, '240: Grìma Wormtongue', false, 2, 15);
insert into virtual_machines(id, name, archived, organization_id, category_id) values (241, '241: Meriadoc Brandybuck', false, 2, 16);
insert into virtual_machines(id, name, archived, organization_id, category_id) values (242, '242: Elrond', false, 2, 17);
insert into virtual_machines(id, name, archived, organization_id, category_id) values (243, '243: Sauron', false, 2, 18);
insert into virtual_machines(id, name, archived, organization_id, category_id) values (244, '244: Gollum', false, 2, 19);
insert into virtual_machines(id, name, archived, organization_id, category_id) values (245, '245: Théoden', false, 2, 20);
insert into virtual_machines(id, name, archived, organization_id, category_id) values (246, '246: Sauron', false, 2, 21);
insert into virtual_machines(id, name, archived, organization_id, category_id) values (247, '247: Gandalf the Grey', false, 2, 22);
insert into virtual_machines(id, name, archived, organization_id, category_id) values (248, '248: Sauron', false, 2, 23);
insert into virtual_machines(id, name, archived, organization_id, category_id) values (249, '249: Treebeard', false, 2, 24);
insert into virtual_machines(id, name, archived, organization_id, category_id) values (250, '250: Éowyn', false, 2, 25);
insert into virtual_machines(id, name, archived, organization_id, category_id) values (251, '251: Éomer', false, 2, 1);
insert into virtual_machines(id, name, archived, organization_id, category_id) values (252, '252: Meriadoc Brandybuck', false, 2, 2);
insert into virtual_machines(id, name, archived, organization_id, category_id) values (253, '253: Faramir', false, 2, 3);
insert into virtual_machines(id, name, archived, organization_id, category_id) values (254, '254: Grìma Wormtongue', false, 2, 4);
insert into virtual_machines(id, name, archived, organization_id, category_id) values (255, '255: Legolas', false, 2, 5);
insert into virtual_machines(id, name, archived, organization_id, category_id) values (256, '256: Glorfindel', false, 2, 6);
insert into virtual_machines(id, name, archived, organization_id, category_id) values (257, '257: Aragorn', false, 2, 7);
insert into virtual_machines(id, name, archived, organization_id, category_id) values (258, '258: Éomer', false, 2, 8);
insert into virtual_machines(id, name, archived, organization_id, category_id) values (259, '259: Peregrin Took', false, 2, 9);
insert into virtual_machines(id, name, archived, organization_id, category_id) values (260, '260: Quickbeam', false, 2, 10);
insert into virtual_machines(id, name, archived, organization_id, category_id) values (261, '261: Arwen Evenstar', false, 2, 11);
insert into virtual_machines(id, name, archived, organization_id, category_id) values (262, '262: Gollum', false, 2, 12);
insert into virtual_machines(id, name, archived, organization_id, category_id) values (263, '263: Gimli', false, 2, 13);
insert into virtual_machines(id, name, archived, organization_id, category_id) values (264, '264: Aragorn', false, 2, 14);
insert into virtual_machines(id, name, archived, organization_id, category_id) values (265, '265: Saruman the White', false, 2, 15);
insert into virtual_machines(id, name, archived, organization_id, category_id) values (266, '266: Gimli', false, 2, 16);
insert into virtual_machines(id, name, archived, organization_id, category_id) values (267, '267: Gandalf the Grey', false, 2, 17);
insert into virtual_machines(id, name, archived, organization_id, category_id) values (268, '268: Éowyn', false, 2, 18);
insert into virtual_machines(id, name, archived, organization_id, category_id) values (269, '269: Denethor', false, 2, 19);
insert into virtual_machines(id, name, archived, organization_id, category_id) values (270, '270: Beregond', false, 2, 20);
insert into virtual_machines(id, name, archived, organization_id, category_id) values (271, '271: Gimli', false, 2, 21);
insert into virtual_machines(id, name, archived, organization_id, category_id) values (272, '272: Boromir', false, 2, 22);
insert into virtual_machines(id, name, archived, organization_id, category_id) values (273, '273: Meriadoc Brandybuck', false, 2, 23);
insert into virtual_machines(id, name, archived, organization_id, category_id) values (274, '274: Peregrin Took', false, 2, 24);
insert into virtual_machines(id, name, archived, organization_id, category_id) values (275, '275: Barliman Butterbur', false, 2, 25);
insert into virtual_machines(id, name, archived, organization_id, category_id) values (276, '276: Faramir', false, 2, 1);
insert into virtual_machines(id, name, archived, organization_id, category_id) values (277, '277: Barliman Butterbur', false, 2, 2);
insert into virtual_machines(id, name, archived, organization_id, category_id) values (278, '278: Sauron', false, 2, 3);
insert into virtual_machines(id, name, archived, organization_id, category_id) values (279, '279: Gimli', false, 2, 4);
insert into virtual_machines(id, name, archived, organization_id, category_id) values (280, '280: Sauron', false, 2, 5);
insert into virtual_machines(id, name, archived, organization_id, category_id) values (281, '281: Théoden', false, 2, 6);
insert into virtual_machines(id, name, archived, organization_id, category_id) values (282, '282: Treebeard', false, 2, 7);
insert into virtual_machines(id, name, archived, organization_id, category_id) values (283, '283: Gollum', false, 2, 8);
insert into virtual_machines(id, name, archived, organization_id, category_id) values (284, '284: Samwise Gamgee', false, 2, 9);
insert into virtual_machines(id, name, archived, organization_id, category_id) values (285, '285: Glorfindel', false, 2, 10);
insert into virtual_machines(id, name, archived, organization_id, category_id) values (286, '286: Saruman the White', false, 2, 11);
insert into virtual_machines(id, name, archived, organization_id, category_id) values (287, '287: Gimli', false, 2, 12);
insert into virtual_machines(id, name, archived, organization_id, category_id) values (288, '288: Denethor', false, 2, 13);
insert into virtual_machines(id, name, archived, organization_id, category_id) values (289, '289: Quickbeam', false, 2, 14);
insert into virtual_machines(id, name, archived, organization_id, category_id) values (290, '290: Boromir', false, 2, 15);
insert into virtual_machines(id, name, archived, organization_id, category_id) values (291, '291: Peregrin Took', false, 2, 16);
insert into virtual_machines(id, name, archived, organization_id, category_id) values (292, '292: Tom Bombadil', false, 2, 17);
insert into virtual_machines(id, name, archived, organization_id, category_id) values (293, '293: Aragorn', false, 2, 18);
insert into virtual_machines(id, name, archived, organization_id, category_id) values (294, '294: Samwise Gamgee', false, 2, 19);
insert into virtual_machines(id, name, archived, organization_id, category_id) values (295, '295: Shelob', false, 2, 20);
insert into virtual_machines(id, name, archived, organization_id, category_id) values (296, '296: Denethor', false, 2, 21);
insert into virtual_machines(id, name, archived, organization_id, category_id) values (297, '297: Bilbo Baggins', false, 2, 22);
insert into virtual_machines(id, name, archived, organization_id, category_id) values (298, '298: Shadowfax', false, 2, 23);
insert into virtual_machines(id, name, archived, organization_id, category_id) values (299, '299: Meriadoc Brandybuck', false, 2, 24);
insert into virtual_machines(id, name, archived, organization_id, category_id) values (300, '300: Treebeard', false, 2, 25);
insert into virtual_machines(id, name, archived, organization_id, category_id) values (301, '301: Peregrin Took', false, 2, 1);
insert into virtual_machines(id, name, archived, organization_id, category_id) values (302, '302: Gimli', false, 2, 2);
insert into virtual_machines(id, name, archived, organization_id, category_id) values (303, '303: Treebeard', false, 2, 3);
insert into virtual_machines(id, name, archived, organization_id, category_id) values (304, '304: Boromir', false, 2, 4);
insert into virtual_machines(id, name, archived, organization_id, category_id) values (305, '305: Shelob', false, 2, 5);
insert into virtual_machines(id, name, archived, organization_id, category_id) values (306, '306: Elrond', false, 2, 6);
insert into virtual_machines(id, name, archived, organization_id, category_id) values (307, '307: Meriadoc Brandybuck', false, 2, 7);
insert into virtual_machines(id, name, archived, organization_id, category_id) values (308, '308: Beregond', false, 2, 8);
insert into virtual_machines(id, name, archived, organization_id, category_id) values (309, '309: Legolas', false, 2, 9);
insert into virtual_machines(id, name, archived, organization_id, category_id) values (310, '310: Théoden', false, 2, 10);
insert into virtual_machines(id, name, archived, organization_id, category_id) values (311, '311: Galadriel', false, 2, 11);
insert into virtual_machines(id, name, archived, organization_id, category_id) values (312, '312: Éowyn', false, 2, 12);
insert into virtual_machines(id, name, archived, organization_id, category_id) values (313, '313: Glorfindel', false, 2, 13);
insert into virtual_machines(id, name, archived, organization_id, category_id) values (314, '314: Barliman Butterbur', false, 2, 14);
insert into virtual_machines(id, name, archived, organization_id, category_id) values (315, '315: Peregrin Took', false, 2, 15);
insert into virtual_machines(id, name, archived, organization_id, category_id) values (316, '316: Éomer', false, 2, 16);
insert into virtual_machines(id, name, archived, organization_id, category_id) values (317, '317: Bilbo Baggins', false, 2, 17);
insert into virtual_machines(id, name, archived, organization_id, category_id) values (318, '318: Faramir', false, 2, 18);
insert into virtual_machines(id, name, archived, organization_id, category_id) values (319, '319: Galadriel', false, 2, 19);
insert into virtual_machines(id, name, archived, organization_id, category_id) values (320, '320: Galadriel', false, 2, 20);
insert into virtual_machines(id, name, archived, organization_id, category_id) values (321, '321: Gollum', false, 2, 21);
insert into virtual_machines(id, name, archived, organization_id, category_id) values (322, '322: Beregond', false, 2, 22);
insert into virtual_machines(id, name, archived, organization_id, category_id) values (323, '323: Legolas', false, 2, 23);
insert into virtual_machines(id, name, archived, organization_id, category_id) values (324, '324: Arwen Evenstar', false, 2, 24);
insert into virtual_machines(id, name, archived, organization_id, category_id) values (325, '325: Gimli', false, 2, 25);
insert into virtual_machines(id, name, archived, organization_id, category_id) values (326, '326: Peregrin Took', false, 2, 1);
insert into virtual_machines(id, name, archived, organization_id, category_id) values (327, '327: Bilbo Baggins', false, 2, 2);
insert into virtual_machines(id, name, archived, organization_id, category_id) values (328, '328: Glorfindel', false, 2, 3);
insert into virtual_machines(id, name, archived, organization_id, category_id) values (329, '329: Peregrin Took', false, 2, 4);
insert into virtual_machines(id, name, archived, organization_id, category_id) values (330, '330: Frodo Baggins', false, 2, 5);
insert into virtual_machines(id, name, archived, organization_id, category_id) values (331, '331: Bilbo Baggins', false, 2, 6);
insert into virtual_machines(id, name, archived, organization_id, category_id) values (332, '332: Grìma Wormtongue', false, 2, 7);
insert into virtual_machines(id, name, archived, organization_id, category_id) values (333, '333: Barliman Butterbur', false, 2, 8);
insert into virtual_machines(id, name, archived, organization_id, category_id) values (334, '334: Peregrin Took', false, 2, 9);
insert into virtual_machines(id, name, archived, organization_id, category_id) values (335, '335: Beregond', false, 2, 10);
insert into virtual_machines(id, name, archived, organization_id, category_id) values (336, '336: Meriadoc Brandybuck', false, 2, 11);
insert into virtual_machines(id, name, archived, organization_id, category_id) values (337, '337: Treebeard', false, 2, 12);
insert into virtual_machines(id, name, archived, organization_id, category_id) values (338, '338: Shadowfax', false, 2, 13);
insert into virtual_machines(id, name, archived, organization_id, category_id) values (339, '339: Gollum', false, 2, 14);
insert into virtual_machines(id, name, archived, organization_id, category_id) values (340, '340: Théoden', false, 2, 15);
insert into virtual_machines(id, name, archived, organization_id, category_id) values (341, '341: Peregrin Took', false, 2, 16);
insert into virtual_machines(id, name, archived, organization_id, category_id) values (342, '342: Gimli', false, 2, 17);
insert into virtual_machines(id, name, archived, organization_id, category_id) values (343, '343: Glorfindel', false, 2, 18);
insert into virtual_machines(id, name, archived, organization_id, category_id) values (344, '344: Boromir', false, 2, 19);
insert into virtual_machines(id, name, archived, organization_id, category_id) values (345, '345: Elrond', false, 2, 20);
insert into virtual_machines(id, name, archived, organization_id, category_id) values (346, '346: Glorfindel', false, 2, 21);
insert into virtual_machines(id, name, archived, organization_id, category_id) values (347, '347: Shelob', false, 2, 22);
insert into virtual_machines(id, name, archived, organization_id, category_id) values (348, '348: Frodo Baggins', false, 2, 23);
insert into virtual_machines(id, name, archived, organization_id, category_id) values (349, '349: Éowyn', false, 2, 24);
insert into virtual_machines(id, name, archived, organization_id, category_id) values (350, '350: Galadriel', false, 2, 25);
insert into virtual_machines(id, name, archived, organization_id, category_id) values (351, '351: Éowyn', false, 2, 1);
insert into virtual_machines(id, name, archived, organization_id, category_id) values (352, '352: Gandalf the Grey', false, 2, 2);
insert into virtual_machines(id, name, archived, organization_id, category_id) values (353, '353: Gollum', false, 2, 3);
insert into virtual_machines(id, name, archived, organization_id, category_id) values (354, '354: Gimli', false, 2, 4);
insert into virtual_machines(id, name, archived, organization_id, category_id) values (355, '355: Éowyn', false, 2, 5);
insert into virtual_machines(id, name, archived, organization_id, category_id) values (356, '356: Bilbo Baggins', false, 2, 6);
insert into virtual_machines(id, name, archived, organization_id, category_id) values (357, '357: Gimli', false, 2, 7);
insert into virtual_machines(id, name, archived, organization_id, category_id) values (358, '358: Frodo Baggins', false, 2, 8);
insert into virtual_machines(id, name, archived, organization_id, category_id) values (359, '359: Sauron', false, 2, 9);
insert into virtual_machines(id, name, archived, organization_id, category_id) values (360, '360: Shadowfax', false, 2, 10);
insert into virtual_machines(id, name, archived, organization_id, category_id) values (361, '361: Gollum', false, 2, 11);
insert into virtual_machines(id, name, archived, organization_id, category_id) values (362, '362: Galadriel', false, 2, 12);
insert into virtual_machines(id, name, archived, organization_id, category_id) values (363, '363: Shelob', false, 2, 13);
insert into virtual_machines(id, name, archived, organization_id, category_id) values (364, '364: Treebeard', false, 2, 14);
insert into virtual_machines(id, name, archived, organization_id, category_id) values (365, '365: Éowyn', false, 2, 15);
insert into virtual_machines(id, name, archived, organization_id, category_id) values (366, '366: Glorfindel', false, 2, 16);
insert into virtual_machines(id, name, archived, organization_id, category_id) values (367, '367: Éomer', false, 2, 17);
insert into virtual_machines(id, name, archived, organization_id, category_id) values (368, '368: Éomer', false, 2, 18);
insert into virtual_machines(id, name, archived, organization_id, category_id) values (369, '369: Quickbeam', false, 2, 19);
insert into virtual_machines(id, name, archived, organization_id, category_id) values (370, '370: Éowyn', false, 2, 20);
insert into virtual_machines(id, name, archived, organization_id, category_id) values (371, '371: Beregond', false, 2, 21);
insert into virtual_machines(id, name, archived, organization_id, category_id) values (372, '372: Samwise Gamgee', false, 2, 22);
insert into virtual_machines(id, name, archived, organization_id, category_id) values (373, '373: Bilbo Baggins', false, 2, 23);
insert into virtual_machines(id, name, archived, organization_id, category_id) values (374, '374: Gimli', false, 2, 24);
insert into virtual_machines(id, name, archived, organization_id, category_id) values (375, '375: Boromir', false, 2, 25);
insert into virtual_machines(id, name, archived, organization_id, category_id) values (376, '376: Legolas', false, 2, 1);
insert into virtual_machines(id, name, archived, organization_id, category_id) values (377, '377: Beregond', false, 2, 2);
insert into virtual_machines(id, name, archived, organization_id, category_id) values (378, '378: Shadowfax', false, 2, 3);
insert into virtual_machines(id, name, archived, organization_id, category_id) values (379, '379: Meriadoc Brandybuck', false, 2, 4);
insert into virtual_machines(id, name, archived, organization_id, category_id) values (380, '380: Frodo Baggins', false, 2, 5);
insert into virtual_machines(id, name, archived, organization_id, category_id) values (381, '381: Éowyn', false, 2, 6);
insert into virtual_machines(id, name, archived, organization_id, category_id) values (382, '382: Treebeard', false, 2, 7);
insert into virtual_machines(id, name, archived, organization_id, category_id) values (383, '383: Shelob', false, 2, 8);
insert into virtual_machines(id, name, archived, organization_id, category_id) values (384, '384: Boromir', false, 2, 9);
insert into virtual_machines(id, name, archived, organization_id, category_id) values (385, '385: Grìma Wormtongue', false, 2, 10);
insert into virtual_machines(id, name, archived, organization_id, category_id) values (386, '386: Denethor', false, 2, 11);
insert into virtual_machines(id, name, archived, organization_id, category_id) values (387, '387: Elrond', false, 2, 12);
insert into virtual_machines(id, name, archived, organization_id, category_id) values (388, '388: Éowyn', false, 2, 13);
insert into virtual_machines(id, name, archived, organization_id, category_id) values (389, '389: Peregrin Took', false, 2, 14);
insert into virtual_machines(id, name, archived, organization_id, category_id) values (390, '390: Tom Bombadil', false, 2, 15);
insert into virtual_machines(id, name, archived, organization_id, category_id) values (391, '391: Peregrin Took', false, 2, 16);
insert into virtual_machines(id, name, archived, organization_id, category_id) values (392, '392: Bilbo Baggins', false, 2, 17);
insert into virtual_machines(id, name, archived, organization_id, category_id) values (393, '393: Tom Bombadil', false, 2, 18);
insert into virtual_machines(id, name, archived, organization_id, category_id) values (394, '394: Peregrin Took', false, 2, 19);
insert into virtual_machines(id, name, archived, organization_id, category_id) values (395, '395: Quickbeam', false, 2, 20);
insert into virtual_machines(id, name, archived, organization_id, category_id) values (396, '396: Arwen Evenstar', false, 2, 21);
insert into virtual_machines(id, name, archived, organization_id, category_id) values (397, '397: Glorfindel', false, 2, 22);
insert into virtual_machines(id, name, archived, organization_id, category_id) values (398, '398: Shadowfax', false, 2, 23);
insert into virtual_machines(id, name, archived, organization_id, category_id) values (399, '399: Samwise Gamgee', false, 2, 24);
insert into virtual_machines(id, name, archived, organization_id, category_id) values (400, '400: Legolas', false, 2, 25);
insert into virtual_machines(id, name, archived, organization_id, category_id) values (401, '401: Legolas', false, 3, 1);
insert into virtual_machines(id, name, archived, organization_id, category_id) values (402, '402: Sauron', false, 3, 2);
insert into virtual_machines(id, name, archived, organization_id, category_id) values (403, '403: Denethor', false, 3, 3);
insert into virtual_machines(id, name, archived, organization_id, category_id) values (404, '404: Peregrin Took', false, 3, 4);
insert into virtual_machines(id, name, archived, organization_id, category_id) values (405, '405: Beregond', false, 3, 5);
insert into virtual_machines(id, name, archived, organization_id, category_id) values (406, '406: Glorfindel', false, 3, 6);
insert into virtual_machines(id, name, archived, organization_id, category_id) values (407, '407: Arwen Evenstar', false, 3, 7);
insert into virtual_machines(id, name, archived, organization_id, category_id) values (408, '408: Bilbo Baggins', false, 3, 8);
insert into virtual_machines(id, name, archived, organization_id, category_id) values (409, '409: Éomer', false, 3, 9);
insert into virtual_machines(id, name, archived, organization_id, category_id) values (410, '410: Gimli', false, 3, 10);
insert into virtual_machines(id, name, archived, organization_id, category_id) values (411, '411: Éomer', false, 3, 11);
insert into virtual_machines(id, name, archived, organization_id, category_id) values (412, '412: Éowyn', false, 3, 12);
insert into virtual_machines(id, name, archived, organization_id, category_id) values (413, '413: Glorfindel', false, 3, 13);
insert into virtual_machines(id, name, archived, organization_id, category_id) values (414, '414: Théoden', false, 3, 14);
insert into virtual_machines(id, name, archived, organization_id, category_id) values (415, '415: Shadowfax', false, 3, 15);
insert into virtual_machines(id, name, archived, organization_id, category_id) values (416, '416: Quickbeam', false, 3, 16);
insert into virtual_machines(id, name, archived, organization_id, category_id) values (417, '417: Faramir', false, 3, 17);
insert into virtual_machines(id, name, archived, organization_id, category_id) values (418, '418: Elrond', false, 3, 18);
insert into virtual_machines(id, name, archived, organization_id, category_id) values (419, '419: Shadowfax', false, 3, 19);
insert into virtual_machines(id, name, archived, organization_id, category_id) values (420, '420: Gimli', false, 3, 20);
insert into virtual_machines(id, name, archived, organization_id, category_id) values (421, '421: Gollum', false, 3, 21);
insert into virtual_machines(id, name, archived, organization_id, category_id) values (422, '422: Galadriel', false, 3, 22);
insert into virtual_machines(id, name, archived, organization_id, category_id) values (423, '423: Gollum', false, 3, 23);
insert into virtual_machines(id, name, archived, organization_id, category_id) values (424, '424: Elrond', false, 3, 24);
insert into virtual_machines(id, name, archived, organization_id, category_id) values (425, '425: Saruman the White', false, 3, 25);
insert into virtual_machines(id, name, archived, organization_id, category_id) values (426, '426: Bilbo Baggins', false, 3, 1);
insert into virtual_machines(id, name, archived, organization_id, category_id) values (427, '427: Gollum', false, 3, 2);
insert into virtual_machines(id, name, archived, organization_id, category_id) values (428, '428: Aragorn', false, 3, 3);
insert into virtual_machines(id, name, archived, organization_id, category_id) values (429, '429: Faramir', false, 3, 4);
insert into virtual_machines(id, name, archived, organization_id, category_id) values (430, '430: Denethor', false, 3, 5);
insert into virtual_machines(id, name, archived, organization_id, category_id) values (431, '431: Shelob', false, 3, 6);
insert into virtual_machines(id, name, archived, organization_id, category_id) values (432, '432: Saruman the White', false, 3, 7);
insert into virtual_machines(id, name, archived, organization_id, category_id) values (433, '433: Shelob', false, 3, 8);
insert into virtual_machines(id, name, archived, organization_id, category_id) values (434, '434: Grìma Wormtongue', false, 3, 9);
insert into virtual_machines(id, name, archived, organization_id, category_id) values (435, '435: Arwen Evenstar', false, 3, 10);
insert into virtual_machines(id, name, archived, organization_id, category_id) values (436, '436: Boromir', false, 3, 11);
insert into virtual_machines(id, name, archived, organization_id, category_id) values (437, '437: Gollum', false, 3, 12);
insert into virtual_machines(id, name, archived, organization_id, category_id) values (438, '438: Grìma Wormtongue', false, 3, 13);
insert into virtual_machines(id, name, archived, organization_id, category_id) values (439, '439: Treebeard', false, 3, 14);
insert into virtual_machines(id, name, archived, organization_id, category_id) values (440, '440: Saruman the White', false, 3, 15);
insert into virtual_machines(id, name, archived, organization_id, category_id) values (441, '441: Arwen Evenstar', false, 3, 16);
insert into virtual_machines(id, name, archived, organization_id, category_id) values (442, '442: Gimli', false, 3, 17);
insert into virtual_machines(id, name, archived, organization_id, category_id) values (443, '443: Elrond', false, 3, 18);
insert into virtual_machines(id, name, archived, organization_id, category_id) values (444, '444: Sauron', false, 3, 19);
insert into virtual_machines(id, name, archived, organization_id, category_id) values (445, '445: Grìma Wormtongue', false, 3, 20);
insert into virtual_machines(id, name, archived, organization_id, category_id) values (446, '446: Elrond', false, 3, 21);
insert into virtual_machines(id, name, archived, organization_id, category_id) values (447, '447: Elrond', false, 3, 22);
insert into virtual_machines(id, name, archived, organization_id, category_id) values (448, '448: Shadowfax', false, 3, 23);
insert into virtual_machines(id, name, archived, organization_id, category_id) values (449, '449: Denethor', false, 3, 24);
insert into virtual_machines(id, name, archived, organization_id, category_id) values (450, '450: Quickbeam', false, 3, 25);
insert into virtual_machines(id, name, archived, organization_id, category_id) values (451, '451: Galadriel', false, 3, 1);
insert into virtual_machines(id, name, archived, organization_id, category_id) values (452, '452: Tom Bombadil', false, 3, 2);
insert into virtual_machines(id, name, archived, organization_id, category_id) values (453, '453: Sauron', false, 3, 3);
insert into virtual_machines(id, name, archived, organization_id, category_id) values (454, '454: Faramir', false, 3, 4);
insert into virtual_machines(id, name, archived, organization_id, category_id) values (455, '455: Gimli', false, 3, 5);
insert into virtual_machines(id, name, archived, organization_id, category_id) values (456, '456: Aragorn', false, 3, 6);
insert into virtual_machines(id, name, archived, organization_id, category_id) values (457, '457: Bilbo Baggins', false, 3, 7);
insert into virtual_machines(id, name, archived, organization_id, category_id) values (458, '458: Barliman Butterbur', false, 3, 8);
insert into virtual_machines(id, name, archived, organization_id, category_id) values (459, '459: Saruman the White', false, 3, 9);
insert into virtual_machines(id, name, archived, organization_id, category_id) values (460, '460: Tom Bombadil', false, 3, 10);
insert into virtual_machines(id, name, archived, organization_id, category_id) values (461, '461: Éowyn', false, 3, 11);
insert into virtual_machines(id, name, archived, organization_id, category_id) values (462, '462: Tom Bombadil', false, 3, 12);
insert into virtual_machines(id, name, archived, organization_id, category_id) values (463, '463: Théoden', false, 3, 13);
insert into virtual_machines(id, name, archived, organization_id, category_id) values (464, '464: Boromir', false, 3, 14);
insert into virtual_machines(id, name, archived, organization_id, category_id) values (465, '465: Glorfindel', false, 3, 15);
insert into virtual_machines(id, name, archived, organization_id, category_id) values (466, '466: Arwen Evenstar', false, 3, 16);
insert into virtual_machines(id, name, archived, organization_id, category_id) values (467, '467: Galadriel', false, 3, 17);
insert into virtual_machines(id, name, archived, organization_id, category_id) values (468, '468: Barliman Butterbur', false, 3, 18);
insert into virtual_machines(id, name, archived, organization_id, category_id) values (469, '469: Glorfindel', false, 3, 19);
insert into virtual_machines(id, name, archived, organization_id, category_id) values (470, '470: Shadowfax', false, 3, 20);
insert into virtual_machines(id, name, archived, organization_id, category_id) values (471, '471: Frodo Baggins', false, 3, 21);
insert into virtual_machines(id, name, archived, organization_id, category_id) values (472, '472: Treebeard', false, 3, 22);
insert into virtual_machines(id, name, archived, organization_id, category_id) values (473, '473: Elrond', false, 3, 23);
insert into virtual_machines(id, name, archived, organization_id, category_id) values (474, '474: Arwen Evenstar', false, 3, 24);
insert into virtual_machines(id, name, archived, organization_id, category_id) values (475, '475: Denethor', false, 3, 25);
insert into virtual_machines(id, name, archived, organization_id, category_id) values (476, '476: Glorfindel', false, 3, 1);
insert into virtual_machines(id, name, archived, organization_id, category_id) values (477, '477: Théoden', false, 3, 2);
insert into virtual_machines(id, name, archived, organization_id, category_id) values (478, '478: Gollum', false, 3, 3);
insert into virtual_machines(id, name, archived, organization_id, category_id) values (479, '479: Legolas', false, 3, 4);
insert into virtual_machines(id, name, archived, organization_id, category_id) values (480, '480: Faramir', false, 3, 5);
insert into virtual_machines(id, name, archived, organization_id, category_id) values (481, '481: Treebeard', false, 3, 6);
insert into virtual_machines(id, name, archived, organization_id, category_id) values (482, '482: Sauron', false, 3, 7);
insert into virtual_machines(id, name, archived, organization_id, category_id) values (483, '483: Frodo Baggins', false, 3, 8);
insert into virtual_machines(id, name, archived, organization_id, category_id) values (484, '484: Arwen Evenstar', false, 3, 9);
insert into virtual_machines(id, name, archived, organization_id, category_id) values (485, '485: Elrond', false, 3, 10);
insert into virtual_machines(id, name, archived, organization_id, category_id) values (486, '486: Glorfindel', false, 3, 11);
insert into virtual_machines(id, name, archived, organization_id, category_id) values (487, '487: Sauron', false, 3, 12);
insert into virtual_machines(id, name, archived, organization_id, category_id) values (488, '488: Sauron', false, 3, 13);
insert into virtual_machines(id, name, archived, organization_id, category_id) values (489, '489: Théoden', false, 3, 14);
insert into virtual_machines(id, name, archived, organization_id, category_id) values (490, '490: Arwen Evenstar', false, 3, 15);
insert into virtual_machines(id, name, archived, organization_id, category_id) values (491, '491: Gandalf the Grey', false, 3, 16);
insert into virtual_machines(id, name, archived, organization_id, category_id) values (492, '492: Grìma Wormtongue', false, 3, 17);
insert into virtual_machines(id, name, archived, organization_id, category_id) values (493, '493: Frodo Baggins', false, 3, 18);
insert into virtual_machines(id, name, archived, organization_id, category_id) values (494, '494: Barliman Butterbur', false, 3, 19);
insert into virtual_machines(id, name, archived, organization_id, category_id) values (495, '495: Treebeard', false, 3, 20);
insert into virtual_machines(id, name, archived, organization_id, category_id) values (496, '496: Samwise Gamgee', false, 3, 21);
insert into virtual_machines(id, name, archived, organization_id, category_id) values (497, '497: Samwise Gamgee', false, 3, 22);
insert into virtual_machines(id, name, archived, organization_id, category_id) values (498, '498: Legolas', false, 3, 23);
insert into virtual_machines(id, name, archived, organization_id, category_id) values (499, '499: Meriadoc Brandybuck', false, 3, 24);
insert into virtual_machines(id, name, archived, organization_id, category_id) values (500, '500: Éomer', false, 3, 25);
insert into virtual_machines(id, name, archived, organization_id, category_id) values (501, '501: Bilbo Baggins', false, 3, 1);
insert into virtual_machines(id, name, archived, organization_id, category_id) values (502, '502: Théoden', false, 3, 2);
insert into virtual_machines(id, name, archived, organization_id, category_id) values (503, '503: Treebeard', false, 3, 3);
insert into virtual_machines(id, name, archived, organization_id, category_id) values (504, '504: Barliman Butterbur', false, 3, 4);
insert into virtual_machines(id, name, archived, organization_id, category_id) values (505, '505: Grìma Wormtongue', false, 3, 5);
insert into virtual_machines(id, name, archived, organization_id, category_id) values (506, '506: Legolas', false, 3, 6);
insert into virtual_machines(id, name, archived, organization_id, category_id) values (507, '507: Bilbo Baggins', false, 3, 7);
insert into virtual_machines(id, name, archived, organization_id, category_id) values (508, '508: Arwen Evenstar', false, 3, 8);
insert into virtual_machines(id, name, archived, organization_id, category_id) values (509, '509: Éowyn', false, 3, 9);
insert into virtual_machines(id, name, archived, organization_id, category_id) values (510, '510: Shelob', false, 3, 10);
insert into virtual_machines(id, name, archived, organization_id, category_id) values (511, '511: Arwen Evenstar', false, 3, 11);
insert into virtual_machines(id, name, archived, organization_id, category_id) values (512, '512: Meriadoc Brandybuck', false, 3, 12);
insert into virtual_machines(id, name, archived, organization_id, category_id) values (513, '513: Bilbo Baggins', false, 3, 13);
insert into virtual_machines(id, name, archived, organization_id, category_id) values (514, '514: Shadowfax', false, 3, 14);
insert into virtual_machines(id, name, archived, organization_id, category_id) values (515, '515: Aragorn', false, 3, 15);
insert into virtual_machines(id, name, archived, organization_id, category_id) values (516, '516: Glorfindel', false, 3, 16);
insert into virtual_machines(id, name, archived, organization_id, category_id) values (517, '517: Treebeard', false, 3, 17);
insert into virtual_machines(id, name, archived, organization_id, category_id) values (518, '518: Faramir', false, 3, 18);
insert into virtual_machines(id, name, archived, organization_id, category_id) values (519, '519: Quickbeam', false, 3, 19);
insert into virtual_machines(id, name, archived, organization_id, category_id) values (520, '520: Faramir', false, 3, 20);
insert into virtual_machines(id, name, archived, organization_id, category_id) values (521, '521: Legolas', false, 3, 21);
insert into virtual_machines(id, name, archived, organization_id, category_id) values (522, '522: Bilbo Baggins', false, 3, 22);
insert into virtual_machines(id, name, archived, organization_id, category_id) values (523, '523: Gimli', false, 3, 23);
insert into virtual_machines(id, name, archived, organization_id, category_id) values (524, '524: Quickbeam', false, 3, 24);
insert into virtual_machines(id, name, archived, organization_id, category_id) values (525, '525: Gandalf the Grey', false, 3, 25);
insert into virtual_machines(id, name, archived, organization_id, category_id) values (526, '526: Legolas', false, 3, 1);
insert into virtual_machines(id, name, archived, organization_id, category_id) values (527, '527: Legolas', false, 3, 2);
insert into virtual_machines(id, name, archived, organization_id, category_id) values (528, '528: Aragorn', false, 3, 3);
insert into virtual_machines(id, name, archived, organization_id, category_id) values (529, '529: Legolas', false, 3, 4);
insert into virtual_machines(id, name, archived, organization_id, category_id) values (530, '530: Arwen Evenstar', false, 3, 5);
insert into virtual_machines(id, name, archived, organization_id, category_id) values (531, '531: Beregond', false, 3, 6);
insert into virtual_machines(id, name, archived, organization_id, category_id) values (532, '532: Arwen Evenstar', false, 3, 7);
insert into virtual_machines(id, name, archived, organization_id, category_id) values (533, '533: Tom Bombadil', false, 3, 8);
insert into virtual_machines(id, name, archived, organization_id, category_id) values (534, '534: Galadriel', false, 3, 9);
insert into virtual_machines(id, name, archived, organization_id, category_id) values (535, '535: Tom Bombadil', false, 3, 10);
insert into virtual_machines(id, name, archived, organization_id, category_id) values (536, '536: Éomer', false, 3, 11);
insert into virtual_machines(id, name, archived, organization_id, category_id) values (537, '537: Legolas', false, 3, 12);
insert into virtual_machines(id, name, archived, organization_id, category_id) values (538, '538: Aragorn', false, 3, 13);
insert into virtual_machines(id, name, archived, organization_id, category_id) values (539, '539: Quickbeam', false, 3, 14);
insert into virtual_machines(id, name, archived, organization_id, category_id) values (540, '540: Barliman Butterbur', false, 3, 15);
insert into virtual_machines(id, name, archived, organization_id, category_id) values (541, '541: Arwen Evenstar', false, 3, 16);
insert into virtual_machines(id, name, archived, organization_id, category_id) values (542, '542: Éowyn', false, 3, 17);
insert into virtual_machines(id, name, archived, organization_id, category_id) values (543, '543: Shelob', false, 3, 18);
insert into virtual_machines(id, name, archived, organization_id, category_id) values (544, '544: Sauron', false, 3, 19);
insert into virtual_machines(id, name, archived, organization_id, category_id) values (545, '545: Denethor', false, 3, 20);
insert into virtual_machines(id, name, archived, organization_id, category_id) values (546, '546: Saruman the White', false, 3, 21);
insert into virtual_machines(id, name, archived, organization_id, category_id) values (547, '547: Sauron', false, 3, 22);
insert into virtual_machines(id, name, archived, organization_id, category_id) values (548, '548: Théoden', false, 3, 23);
insert into virtual_machines(id, name, archived, organization_id, category_id) values (549, '549: Éowyn', false, 3, 24);
insert into virtual_machines(id, name, archived, organization_id, category_id) values (550, '550: Bilbo Baggins', false, 3, 25);
insert into virtual_machines(id, name, archived, organization_id, category_id) values (551, '551: Théoden', false, 3, 1);
insert into virtual_machines(id, name, archived, organization_id, category_id) values (552, '552: Théoden', false, 3, 2);
insert into virtual_machines(id, name, archived, organization_id, category_id) values (553, '553: Legolas', false, 3, 3);
insert into virtual_machines(id, name, archived, organization_id, category_id) values (554, '554: Galadriel', false, 3, 4);
insert into virtual_machines(id, name, archived, organization_id, category_id) values (555, '555: Gandalf the Grey', false, 3, 5);
insert into virtual_machines(id, name, archived, organization_id, category_id) values (556, '556: Shelob', false, 3, 6);
insert into virtual_machines(id, name, archived, organization_id, category_id) values (557, '557: Meriadoc Brandybuck', false, 3, 7);
insert into virtual_machines(id, name, archived, organization_id, category_id) values (558, '558: Treebeard', false, 3, 8);
insert into virtual_machines(id, name, archived, organization_id, category_id) values (559, '559: Saruman the White', false, 3, 9);
insert into virtual_machines(id, name, archived, organization_id, category_id) values (560, '560: Barliman Butterbur', false, 3, 10);
insert into virtual_machines(id, name, archived, organization_id, category_id) values (561, '561: Gandalf the Grey', false, 3, 11);
insert into virtual_machines(id, name, archived, organization_id, category_id) values (562, '562: Frodo Baggins', false, 3, 12);
insert into virtual_machines(id, name, archived, organization_id, category_id) values (563, '563: Bilbo Baggins', false, 3, 13);
insert into virtual_machines(id, name, archived, organization_id, category_id) values (564, '564: Saruman the White', false, 3, 14);
insert into virtual_machines(id, name, archived, organization_id, category_id) values (565, '565: Gollum', false, 3, 15);
insert into virtual_machines(id, name, archived, organization_id, category_id) values (566, '566: Samwise Gamgee', false, 3, 16);
insert into virtual_machines(id, name, archived, organization_id, category_id) values (567, '567: Gimli', false, 3, 17);
insert into virtual_machines(id, name, archived, organization_id, category_id) values (568, '568: Frodo Baggins', false, 3, 18);
insert into virtual_machines(id, name, archived, organization_id, category_id) values (569, '569: Meriadoc Brandybuck', false, 3, 19);
insert into virtual_machines(id, name, archived, organization_id, category_id) values (570, '570: Arwen Evenstar', false, 3, 20);
insert into virtual_machines(id, name, archived, organization_id, category_id) values (571, '571: Treebeard', false, 3, 21);
insert into virtual_machines(id, name, archived, organization_id, category_id) values (572, '572: Denethor', false, 3, 22);
insert into virtual_machines(id, name, archived, organization_id, category_id) values (573, '573: Arwen Evenstar', false, 3, 23);
insert into virtual_machines(id, name, archived, organization_id, category_id) values (574, '574: Éomer', false, 3, 24);
insert into virtual_machines(id, name, archived, organization_id, category_id) values (575, '575: Gimli', false, 3, 25);
insert into virtual_machines(id, name, archived, organization_id, category_id) values (576, '576: Peregrin Took', false, 3, 1);
insert into virtual_machines(id, name, archived, organization_id, category_id) values (577, '577: Éowyn', false, 3, 2);
insert into virtual_machines(id, name, archived, organization_id, category_id) values (578, '578: Tom Bombadil', false, 3, 3);
insert into virtual_machines(id, name, archived, organization_id, category_id) values (579, '579: Peregrin Took', false, 3, 4);
insert into virtual_machines(id, name, archived, organization_id, category_id) values (580, '580: Shelob', false, 3, 5);
insert into virtual_machines(id, name, archived, organization_id, category_id) values (581, '581: Samwise Gamgee', false, 3, 6);
insert into virtual_machines(id, name, archived, organization_id, category_id) values (582, '582: Shelob', false, 3, 7);
insert into virtual_machines(id, name, archived, organization_id, category_id) values (583, '583: Éowyn', false, 3, 8);
insert into virtual_machines(id, name, archived, organization_id, category_id) values (584, '584: Théoden', false, 3, 9);
insert into virtual_machines(id, name, archived, organization_id, category_id) values (585, '585: Théoden', false, 3, 10);
insert into virtual_machines(id, name, archived, organization_id, category_id) values (586, '586: Gandalf the Grey', false, 3, 11);
insert into virtual_machines(id, name, archived, organization_id, category_id) values (587, '587: Beregond', false, 3, 12);
insert into virtual_machines(id, name, archived, organization_id, category_id) values (588, '588: Denethor', false, 3, 13);
insert into virtual_machines(id, name, archived, organization_id, category_id) values (589, '589: Shadowfax', false, 3, 14);
insert into virtual_machines(id, name, archived, organization_id, category_id) values (590, '590: Quickbeam', false, 3, 15);
insert into virtual_machines(id, name, archived, organization_id, category_id) values (591, '591: Meriadoc Brandybuck', false, 3, 16);
insert into virtual_machines(id, name, archived, organization_id, category_id) values (592, '592: Grìma Wormtongue', false, 3, 17);
insert into virtual_machines(id, name, archived, organization_id, category_id) values (593, '593: Glorfindel', false, 3, 18);
insert into virtual_machines(id, name, archived, organization_id, category_id) values (594, '594: Bilbo Baggins', false, 3, 19);
insert into virtual_machines(id, name, archived, organization_id, category_id) values (595, '595: Peregrin Took', false, 3, 20);
insert into virtual_machines(id, name, archived, organization_id, category_id) values (596, '596: Faramir', false, 3, 21);
insert into virtual_machines(id, name, archived, organization_id, category_id) values (597, '597: Peregrin Took', false, 3, 22);
insert into virtual_machines(id, name, archived, organization_id, category_id) values (598, '598: Bilbo Baggins', false, 3, 23);
insert into virtual_machines(id, name, archived, organization_id, category_id) values (599, '599: Gollum', false, 3, 24);
insert into virtual_machines(id, name, archived, organization_id, category_id) values (600, '600: Sauron', false, 3, 25);
insert into virtual_machines(id, name, archived, organization_id, category_id) values (601, '601: Gandalf the Grey', false, 4, 1);
insert into virtual_machines(id, name, archived, organization_id, category_id) values (602, '602: Théoden', false, 4, 2);
insert into virtual_machines(id, name, archived, organization_id, category_id) values (603, '603: Samwise Gamgee', false, 4, 3);
insert into virtual_machines(id, name, archived, organization_id, category_id) values (604, '604: Galadriel', false, 4, 4);
insert into virtual_machines(id, name, archived, organization_id, category_id) values (605, '605: Arwen Evenstar', false, 4, 5);
insert into virtual_machines(id, name, archived, organization_id, category_id) values (606, '606: Barliman Butterbur', false, 4, 6);
insert into virtual_machines(id, name, archived, organization_id, category_id) values (607, '607: Éomer', false, 4, 7);
insert into virtual_machines(id, name, archived, organization_id, category_id) values (608, '608: Denethor', false, 4, 8);
insert into virtual_machines(id, name, archived, organization_id, category_id) values (609, '609: Glorfindel', false, 4, 9);
insert into virtual_machines(id, name, archived, organization_id, category_id) values (610, '610: Boromir', false, 4, 10);
insert into virtual_machines(id, name, archived, organization_id, category_id) values (611, '611: Éowyn', false, 4, 11);
insert into virtual_machines(id, name, archived, organization_id, category_id) values (612, '612: Grìma Wormtongue', false, 4, 12);
insert into virtual_machines(id, name, archived, organization_id, category_id) values (613, '613: Meriadoc Brandybuck', false, 4, 13);
insert into virtual_machines(id, name, archived, organization_id, category_id) values (614, '614: Peregrin Took', false, 4, 14);
insert into virtual_machines(id, name, archived, organization_id, category_id) values (615, '615: Galadriel', false, 4, 15);
insert into virtual_machines(id, name, archived, organization_id, category_id) values (616, '616: Quickbeam', false, 4, 16);
insert into virtual_machines(id, name, archived, organization_id, category_id) values (617, '617: Faramir', false, 4, 17);
insert into virtual_machines(id, name, archived, organization_id, category_id) values (618, '618: Arwen Evenstar', false, 4, 18);
insert into virtual_machines(id, name, archived, organization_id, category_id) values (619, '619: Shelob', false, 4, 19);
insert into virtual_machines(id, name, archived, organization_id, category_id) values (620, '620: Legolas', false, 4, 20);
insert into virtual_machines(id, name, archived, organization_id, category_id) values (621, '621: Samwise Gamgee', false, 4, 21);
insert into virtual_machines(id, name, archived, organization_id, category_id) values (622, '622: Glorfindel', false, 4, 22);
insert into virtual_machines(id, name, archived, organization_id, category_id) values (623, '623: Galadriel', false, 4, 23);
insert into virtual_machines(id, name, archived, organization_id, category_id) values (624, '624: Quickbeam', false, 4, 24);
insert into virtual_machines(id, name, archived, organization_id, category_id) values (625, '625: Éomer', false, 4, 25);
insert into virtual_machines(id, name, archived, organization_id, category_id) values (626, '626: Aragorn', false, 4, 1);
insert into virtual_machines(id, name, archived, organization_id, category_id) values (627, '627: Barliman Butterbur', false, 4, 2);
insert into virtual_machines(id, name, archived, organization_id, category_id) values (628, '628: Peregrin Took', false, 4, 3);
insert into virtual_machines(id, name, archived, organization_id, category_id) values (629, '629: Peregrin Took', false, 4, 4);
insert into virtual_machines(id, name, archived, organization_id, category_id) values (630, '630: Sauron', false, 4, 5);
insert into virtual_machines(id, name, archived, organization_id, category_id) values (631, '631: Samwise Gamgee', false, 4, 6);
insert into virtual_machines(id, name, archived, organization_id, category_id) values (632, '632: Saruman the White', false, 4, 7);
insert into virtual_machines(id, name, archived, organization_id, category_id) values (633, '633: Samwise Gamgee', false, 4, 8);
insert into virtual_machines(id, name, archived, organization_id, category_id) values (634, '634: Glorfindel', false, 4, 9);
insert into virtual_machines(id, name, archived, organization_id, category_id) values (635, '635: Gimli', false, 4, 10);
insert into virtual_machines(id, name, archived, organization_id, category_id) values (636, '636: Elrond', false, 4, 11);
insert into virtual_machines(id, name, archived, organization_id, category_id) values (637, '637: Galadriel', false, 4, 12);
insert into virtual_machines(id, name, archived, organization_id, category_id) values (638, '638: Elrond', false, 4, 13);
insert into virtual_machines(id, name, archived, organization_id, category_id) values (639, '639: Saruman the White', false, 4, 14);
insert into virtual_machines(id, name, archived, organization_id, category_id) values (640, '640: Théoden', false, 4, 15);
insert into virtual_machines(id, name, archived, organization_id, category_id) values (641, '641: Frodo Baggins', false, 4, 16);
insert into virtual_machines(id, name, archived, organization_id, category_id) values (642, '642: Bilbo Baggins', false, 4, 17);
insert into virtual_machines(id, name, archived, organization_id, category_id) values (643, '643: Aragorn', false, 4, 18);
insert into virtual_machines(id, name, archived, organization_id, category_id) values (644, '644: Elrond', false, 4, 19);
insert into virtual_machines(id, name, archived, organization_id, category_id) values (645, '645: Treebeard', false, 4, 20);
insert into virtual_machines(id, name, archived, organization_id, category_id) values (646, '646: Elrond', false, 4, 21);
insert into virtual_machines(id, name, archived, organization_id, category_id) values (647, '647: Legolas', false, 4, 22);
insert into virtual_machines(id, name, archived, organization_id, category_id) values (648, '648: Théoden', false, 4, 23);
insert into virtual_machines(id, name, archived, organization_id, category_id) values (649, '649: Bilbo Baggins', false, 4, 24);
insert into virtual_machines(id, name, archived, organization_id, category_id) values (650, '650: Arwen Evenstar', false, 4, 25);
insert into virtual_machines(id, name, archived, organization_id, category_id) values (651, '651: Sauron', false, 4, 1);
insert into virtual_machines(id, name, archived, organization_id, category_id) values (652, '652: Arwen Evenstar', false, 4, 2);
insert into virtual_machines(id, name, archived, organization_id, category_id) values (653, '653: Denethor', false, 4, 3);
insert into virtual_machines(id, name, archived, organization_id, category_id) values (654, '654: Elrond', false, 4, 4);
insert into virtual_machines(id, name, archived, organization_id, category_id) values (655, '655: Meriadoc Brandybuck', false, 4, 5);
insert into virtual_machines(id, name, archived, organization_id, category_id) values (656, '656: Legolas', false, 4, 6);
insert into virtual_machines(id, name, archived, organization_id, category_id) values (657, '657: Elrond', false, 4, 7);
insert into virtual_machines(id, name, archived, organization_id, category_id) values (658, '658: Elrond', false, 4, 8);
insert into virtual_machines(id, name, archived, organization_id, category_id) values (659, '659: Frodo Baggins', false, 4, 9);
insert into virtual_machines(id, name, archived, organization_id, category_id) values (660, '660: Shadowfax', false, 4, 10);
insert into virtual_machines(id, name, archived, organization_id, category_id) values (661, '661: Barliman Butterbur', false, 4, 11);
insert into virtual_machines(id, name, archived, organization_id, category_id) values (662, '662: Arwen Evenstar', false, 4, 12);
insert into virtual_machines(id, name, archived, organization_id, category_id) values (663, '663: Saruman the White', false, 4, 13);
insert into virtual_machines(id, name, archived, organization_id, category_id) values (664, '664: Barliman Butterbur', false, 4, 14);
insert into virtual_machines(id, name, archived, organization_id, category_id) values (665, '665: Samwise Gamgee', false, 4, 15);
insert into virtual_machines(id, name, archived, organization_id, category_id) values (666, '666: Samwise Gamgee', false, 4, 16);
insert into virtual_machines(id, name, archived, organization_id, category_id) values (667, '667: Galadriel', false, 4, 17);
insert into virtual_machines(id, name, archived, organization_id, category_id) values (668, '668: Shadowfax', false, 4, 18);
insert into virtual_machines(id, name, archived, organization_id, category_id) values (669, '669: Boromir', false, 4, 19);
insert into virtual_machines(id, name, archived, organization_id, category_id) values (670, '670: Elrond', false, 4, 20);
insert into virtual_machines(id, name, archived, organization_id, category_id) values (671, '671: Gandalf the Grey', false, 4, 21);
insert into virtual_machines(id, name, archived, organization_id, category_id) values (672, '672: Saruman the White', false, 4, 22);
insert into virtual_machines(id, name, archived, organization_id, category_id) values (673, '673: Galadriel', false, 4, 23);
insert into virtual_machines(id, name, archived, organization_id, category_id) values (674, '674: Frodo Baggins', false, 4, 24);
insert into virtual_machines(id, name, archived, organization_id, category_id) values (675, '675: Gollum', false, 4, 25);
insert into virtual_machines(id, name, archived, organization_id, category_id) values (676, '676: Faramir', false, 4, 1);
insert into virtual_machines(id, name, archived, organization_id, category_id) values (677, '677: Barliman Butterbur', false, 4, 2);
insert into virtual_machines(id, name, archived, organization_id, category_id) values (678, '678: Aragorn', false, 4, 3);
insert into virtual_machines(id, name, archived, organization_id, category_id) values (679, '679: Aragorn', false, 4, 4);
insert into virtual_machines(id, name, archived, organization_id, category_id) values (680, '680: Beregond', false, 4, 5);
insert into virtual_machines(id, name, archived, organization_id, category_id) values (681, '681: Samwise Gamgee', false, 4, 6);
insert into virtual_machines(id, name, archived, organization_id, category_id) values (682, '682: Faramir', false, 4, 7);
insert into virtual_machines(id, name, archived, organization_id, category_id) values (683, '683: Grìma Wormtongue', false, 4, 8);
insert into virtual_machines(id, name, archived, organization_id, category_id) values (684, '684: Legolas', false, 4, 9);
insert into virtual_machines(id, name, archived, organization_id, category_id) values (685, '685: Legolas', false, 4, 10);
insert into virtual_machines(id, name, archived, organization_id, category_id) values (686, '686: Boromir', false, 4, 11);
insert into virtual_machines(id, name, archived, organization_id, category_id) values (687, '687: Samwise Gamgee', false, 4, 12);
insert into virtual_machines(id, name, archived, organization_id, category_id) values (688, '688: Quickbeam', false, 4, 13);
insert into virtual_machines(id, name, archived, organization_id, category_id) values (689, '689: Shelob', false, 4, 14);
insert into virtual_machines(id, name, archived, organization_id, category_id) values (690, '690: Galadriel', false, 4, 15);
insert into virtual_machines(id, name, archived, organization_id, category_id) values (691, '691: Frodo Baggins', false, 4, 16);
insert into virtual_machines(id, name, archived, organization_id, category_id) values (692, '692: Glorfindel', false, 4, 17);
insert into virtual_machines(id, name, archived, organization_id, category_id) values (693, '693: Meriadoc Brandybuck', false, 4, 18);
insert into virtual_machines(id, name, archived, organization_id, category_id) values (694, '694: Sauron', false, 4, 19);
insert into virtual_machines(id, name, archived, organization_id, category_id) values (695, '695: Faramir', false, 4, 20);
insert into virtual_machines(id, name, archived, organization_id, category_id) values (696, '696: Gimli', false, 4, 21);
insert into virtual_machines(id, name, archived, organization_id, category_id) values (697, '697: Peregrin Took', false, 4, 22);
insert into virtual_machines(id, name, archived, organization_id, category_id) values (698, '698: Boromir', false, 4, 23);
insert into virtual_machines(id, name, archived, organization_id, category_id) values (699, '699: Glorfindel', false, 4, 24);
insert into virtual_machines(id, name, archived, organization_id, category_id) values (700, '700: Treebeard', false, 4, 25);
insert into virtual_machines(id, name, archived, organization_id, category_id) values (701, '701: Tom Bombadil', false, 4, 1);
insert into virtual_machines(id, name, archived, organization_id, category_id) values (702, '702: Barliman Butterbur', false, 4, 2);
insert into virtual_machines(id, name, archived, organization_id, category_id) values (703, '703: Barliman Butterbur', false, 4, 3);
insert into virtual_machines(id, name, archived, organization_id, category_id) values (704, '704: Glorfindel', false, 4, 4);
insert into virtual_machines(id, name, archived, organization_id, category_id) values (705, '705: Quickbeam', false, 4, 5);
insert into virtual_machines(id, name, archived, organization_id, category_id) values (706, '706: Meriadoc Brandybuck', false, 4, 6);
insert into virtual_machines(id, name, archived, organization_id, category_id) values (707, '707: Treebeard', false, 4, 7);
insert into virtual_machines(id, name, archived, organization_id, category_id) values (708, '708: Gandalf the Grey', false, 4, 8);
insert into virtual_machines(id, name, archived, organization_id, category_id) values (709, '709: Sauron', false, 4, 9);
insert into virtual_machines(id, name, archived, organization_id, category_id) values (710, '710: Boromir', false, 4, 10);
insert into virtual_machines(id, name, archived, organization_id, category_id) values (711, '711: Éomer', false, 4, 11);
insert into virtual_machines(id, name, archived, organization_id, category_id) values (712, '712: Shadowfax', false, 4, 12);
insert into virtual_machines(id, name, archived, organization_id, category_id) values (713, '713: Boromir', false, 4, 13);
insert into virtual_machines(id, name, archived, organization_id, category_id) values (714, '714: Gimli', false, 4, 14);
insert into virtual_machines(id, name, archived, organization_id, category_id) values (715, '715: Arwen Evenstar', false, 4, 15);
insert into virtual_machines(id, name, archived, organization_id, category_id) values (716, '716: Glorfindel', false, 4, 16);
insert into virtual_machines(id, name, archived, organization_id, category_id) values (717, '717: Faramir', false, 4, 17);
insert into virtual_machines(id, name, archived, organization_id, category_id) values (718, '718: Théoden', false, 4, 18);
insert into virtual_machines(id, name, archived, organization_id, category_id) values (719, '719: Aragorn', false, 4, 19);
insert into virtual_machines(id, name, archived, organization_id, category_id) values (720, '720: Elrond', false, 4, 20);
insert into virtual_machines(id, name, archived, organization_id, category_id) values (721, '721: Elrond', false, 4, 21);
insert into virtual_machines(id, name, archived, organization_id, category_id) values (722, '722: Théoden', false, 4, 22);
insert into virtual_machines(id, name, archived, organization_id, category_id) values (723, '723: Barliman Butterbur', false, 4, 23);
insert into virtual_machines(id, name, archived, organization_id, category_id) values (724, '724: Gimli', false, 4, 24);
insert into virtual_machines(id, name, archived, organization_id, category_id) values (725, '725: Peregrin Took', false, 4, 25);
insert into virtual_machines(id, name, archived, organization_id, category_id) values (726, '726: Tom Bombadil', false, 4, 1);
insert into virtual_machines(id, name, archived, organization_id, category_id) values (727, '727: Galadriel', false, 4, 2);
insert into virtual_machines(id, name, archived, organization_id, category_id) values (728, '728: Aragorn', false, 4, 3);
insert into virtual_machines(id, name, archived, organization_id, category_id) values (729, '729: Peregrin Took', false, 4, 4);
insert into virtual_machines(id, name, archived, organization_id, category_id) values (730, '730: Quickbeam', false, 4, 5);
insert into virtual_machines(id, name, archived, organization_id, category_id) values (731, '731: Aragorn', false, 4, 6);
insert into virtual_machines(id, name, archived, organization_id, category_id) values (732, '732: Théoden', false, 4, 7);
insert into virtual_machines(id, name, archived, organization_id, category_id) values (733, '733: Arwen Evenstar', false, 4, 8);
insert into virtual_machines(id, name, archived, organization_id, category_id) values (734, '734: Beregond', false, 4, 9);
insert into virtual_machines(id, name, archived, organization_id, category_id) values (735, '735: Quickbeam', false, 4, 10);
insert into virtual_machines(id, name, archived, organization_id, category_id) values (736, '736: Bilbo Baggins', false, 4, 11);
insert into virtual_machines(id, name, archived, organization_id, category_id) values (737, '737: Bilbo Baggins', false, 4, 12);
insert into virtual_machines(id, name, archived, organization_id, category_id) values (738, '738: Gandalf the Grey', false, 4, 13);
insert into virtual_machines(id, name, archived, organization_id, category_id) values (739, '739: Shadowfax', false, 4, 14);
insert into virtual_machines(id, name, archived, organization_id, category_id) values (740, '740: Tom Bombadil', false, 4, 15);
insert into virtual_machines(id, name, archived, organization_id, category_id) values (741, '741: Glorfindel', false, 4, 16);
insert into virtual_machines(id, name, archived, organization_id, category_id) values (742, '742: Sauron', false, 4, 17);
insert into virtual_machines(id, name, archived, organization_id, category_id) values (743, '743: Aragorn', false, 4, 18);
insert into virtual_machines(id, name, archived, organization_id, category_id) values (744, '744: Galadriel', false, 4, 19);
insert into virtual_machines(id, name, archived, organization_id, category_id) values (745, '745: Boromir', false, 4, 20);
insert into virtual_machines(id, name, archived, organization_id, category_id) values (746, '746: Arwen Evenstar', false, 4, 21);
insert into virtual_machines(id, name, archived, organization_id, category_id) values (747, '747: Faramir', false, 4, 22);
insert into virtual_machines(id, name, archived, organization_id, category_id) values (748, '748: Denethor', false, 4, 23);
insert into virtual_machines(id, name, archived, organization_id, category_id) values (749, '749: Galadriel', false, 4, 24);
insert into virtual_machines(id, name, archived, organization_id, category_id) values (750, '750: Galadriel', false, 4, 25);
insert into virtual_machines(id, name, archived, organization_id, category_id) values (751, '751: Shadowfax', false, 4, 1);
insert into virtual_machines(id, name, archived, organization_id, category_id) values (752, '752: Éomer', false, 4, 2);
insert into virtual_machines(id, name, archived, organization_id, category_id) values (753, '753: Aragorn', false, 4, 3);
insert into virtual_machines(id, name, archived, organization_id, category_id) values (754, '754: Glorfindel', false, 4, 4);
insert into virtual_machines(id, name, archived, organization_id, category_id) values (755, '755: Denethor', false, 4, 5);
insert into virtual_machines(id, name, archived, organization_id, category_id) values (756, '756: Galadriel', false, 4, 6);
insert into virtual_machines(id, name, archived, organization_id, category_id) values (757, '757: Boromir', false, 4, 7);
insert into virtual_machines(id, name, archived, organization_id, category_id) values (758, '758: Peregrin Took', false, 4, 8);
insert into virtual_machines(id, name, archived, organization_id, category_id) values (759, '759: Samwise Gamgee', false, 4, 9);
insert into virtual_machines(id, name, archived, organization_id, category_id) values (760, '760: Shelob', false, 4, 10);
insert into virtual_machines(id, name, archived, organization_id, category_id) values (761, '761: Samwise Gamgee', false, 4, 11);
insert into virtual_machines(id, name, archived, organization_id, category_id) values (762, '762: Faramir', false, 4, 12);
insert into virtual_machines(id, name, archived, organization_id, category_id) values (763, '763: Quickbeam', false, 4, 13);
insert into virtual_machines(id, name, archived, organization_id, category_id) values (764, '764: Legolas', false, 4, 14);
insert into virtual_machines(id, name, archived, organization_id, category_id) values (765, '765: Aragorn', false, 4, 15);
insert into virtual_machines(id, name, archived, organization_id, category_id) values (766, '766: Bilbo Baggins', false, 4, 16);
insert into virtual_machines(id, name, archived, organization_id, category_id) values (767, '767: Beregond', false, 4, 17);
insert into virtual_machines(id, name, archived, organization_id, category_id) values (768, '768: Legolas', false, 4, 18);
insert into virtual_machines(id, name, archived, organization_id, category_id) values (769, '769: Shelob', false, 4, 19);
insert into virtual_machines(id, name, archived, organization_id, category_id) values (770, '770: Tom Bombadil', false, 4, 20);
insert into virtual_machines(id, name, archived, organization_id, category_id) values (771, '771: Bilbo Baggins', false, 4, 21);
insert into virtual_machines(id, name, archived, organization_id, category_id) values (772, '772: Quickbeam', false, 4, 22);
insert into virtual_machines(id, name, archived, organization_id, category_id) values (773, '773: Samwise Gamgee', false, 4, 23);
insert into virtual_machines(id, name, archived, organization_id, category_id) values (774, '774: Théoden', false, 4, 24);
insert into virtual_machines(id, name, archived, organization_id, category_id) values (775, '775: Glorfindel', false, 4, 25);
insert into virtual_machines(id, name, archived, organization_id, category_id) values (776, '776: Beregond', false, 4, 1);
insert into virtual_machines(id, name, archived, organization_id, category_id) values (777, '777: Beregond', false, 4, 2);
insert into virtual_machines(id, name, archived, organization_id, category_id) values (778, '778: Shelob', false, 4, 3);
insert into virtual_machines(id, name, archived, organization_id, category_id) values (779, '779: Shadowfax', false, 4, 4);
insert into virtual_machines(id, name, archived, organization_id, category_id) values (780, '780: Frodo Baggins', false, 4, 5);
insert into virtual_machines(id, name, archived, organization_id, category_id) values (781, '781: Peregrin Took', false, 4, 6);
insert into virtual_machines(id, name, archived, organization_id, category_id) values (782, '782: Frodo Baggins', false, 4, 7);
insert into virtual_machines(id, name, archived, organization_id, category_id) values (783, '783: Shelob', false, 4, 8);
insert into virtual_machines(id, name, archived, organization_id, category_id) values (784, '784: Frodo Baggins', false, 4, 9);
insert into virtual_machines(id, name, archived, organization_id, category_id) values (785, '785: Faramir', false, 4, 10);
insert into virtual_machines(id, name, archived, organization_id, category_id) values (786, '786: Aragorn', false, 4, 11);
insert into virtual_machines(id, name, archived, organization_id, category_id) values (787, '787: Quickbeam', false, 4, 12);
insert into virtual_machines(id, name, archived, organization_id, category_id) values (788, '788: Gimli', false, 4, 13);
insert into virtual_machines(id, name, archived, organization_id, category_id) values (789, '789: Treebeard', false, 4, 14);
insert into virtual_machines(id, name, archived, organization_id, category_id) values (790, '790: Gandalf the Grey', false, 4, 15);
insert into virtual_machines(id, name, archived, organization_id, category_id) values (791, '791: Éomer', false, 4, 16);
insert into virtual_machines(id, name, archived, organization_id, category_id) values (792, '792: Boromir', false, 4, 17);
insert into virtual_machines(id, name, archived, organization_id, category_id) values (793, '793: Shadowfax', false, 4, 18);
insert into virtual_machines(id, name, archived, organization_id, category_id) values (794, '794: Denethor', false, 4, 19);
insert into virtual_machines(id, name, archived, organization_id, category_id) values (795, '795: Éowyn', false, 4, 20);
insert into virtual_machines(id, name, archived, organization_id, category_id) values (796, '796: Shadowfax', false, 4, 21);
insert into virtual_machines(id, name, archived, organization_id, category_id) values (797, '797: Quickbeam', false, 4, 22);
insert into virtual_machines(id, name, archived, organization_id, category_id) values (798, '798: Boromir', false, 4, 23);
insert into virtual_machines(id, name, archived, organization_id, category_id) values (799, '799: Beregond', false, 4, 24);
insert into virtual_machines(id, name, archived, organization_id, category_id) values (800, '800: Sauron', false, 4, 25);
insert into virtual_machines(id, name, archived, organization_id, category_id) values (801, '801: Galadriel', false, 5, 1);
insert into virtual_machines(id, name, archived, organization_id, category_id) values (802, '802: Théoden', false, 5, 2);
insert into virtual_machines(id, name, archived, organization_id, category_id) values (803, '803: Legolas', false, 5, 3);
insert into virtual_machines(id, name, archived, organization_id, category_id) values (804, '804: Treebeard', false, 5, 4);
insert into virtual_machines(id, name, archived, organization_id, category_id) values (805, '805: Legolas', false, 5, 5);
insert into virtual_machines(id, name, archived, organization_id, category_id) values (806, '806: Éowyn', false, 5, 6);
insert into virtual_machines(id, name, archived, organization_id, category_id) values (807, '807: Barliman Butterbur', false, 5, 7);
insert into virtual_machines(id, name, archived, organization_id, category_id) values (808, '808: Peregrin Took', false, 5, 8);
insert into virtual_machines(id, name, archived, organization_id, category_id) values (809, '809: Saruman the White', false, 5, 9);
insert into virtual_machines(id, name, archived, organization_id, category_id) values (810, '810: Meriadoc Brandybuck', false, 5, 10);
insert into virtual_machines(id, name, archived, organization_id, category_id) values (811, '811: Barliman Butterbur', false, 5, 11);
insert into virtual_machines(id, name, archived, organization_id, category_id) values (812, '812: Barliman Butterbur', false, 5, 12);
insert into virtual_machines(id, name, archived, organization_id, category_id) values (813, '813: Peregrin Took', false, 5, 13);
insert into virtual_machines(id, name, archived, organization_id, category_id) values (814, '814: Gandalf the Grey', false, 5, 14);
insert into virtual_machines(id, name, archived, organization_id, category_id) values (815, '815: Arwen Evenstar', false, 5, 15);
insert into virtual_machines(id, name, archived, organization_id, category_id) values (816, '816: Tom Bombadil', false, 5, 16);
insert into virtual_machines(id, name, archived, organization_id, category_id) values (817, '817: Legolas', false, 5, 17);
insert into virtual_machines(id, name, archived, organization_id, category_id) values (818, '818: Sauron', false, 5, 18);
insert into virtual_machines(id, name, archived, organization_id, category_id) values (819, '819: Samwise Gamgee', false, 5, 19);
insert into virtual_machines(id, name, archived, organization_id, category_id) values (820, '820: Legolas', false, 5, 20);
insert into virtual_machines(id, name, archived, organization_id, category_id) values (821, '821: Gollum', false, 5, 21);
insert into virtual_machines(id, name, archived, organization_id, category_id) values (822, '822: Glorfindel', false, 5, 22);
insert into virtual_machines(id, name, archived, organization_id, category_id) values (823, '823: Shelob', false, 5, 23);
insert into virtual_machines(id, name, archived, organization_id, category_id) values (824, '824: Denethor', false, 5, 24);
insert into virtual_machines(id, name, archived, organization_id, category_id) values (825, '825: Gimli', false, 5, 25);
insert into virtual_machines(id, name, archived, organization_id, category_id) values (826, '826: Boromir', false, 5, 1);
insert into virtual_machines(id, name, archived, organization_id, category_id) values (827, '827: Treebeard', false, 5, 2);
insert into virtual_machines(id, name, archived, organization_id, category_id) values (828, '828: Boromir', false, 5, 3);
insert into virtual_machines(id, name, archived, organization_id, category_id) values (829, '829: Faramir', false, 5, 4);
insert into virtual_machines(id, name, archived, organization_id, category_id) values (830, '830: Shadowfax', false, 5, 5);
insert into virtual_machines(id, name, archived, organization_id, category_id) values (831, '831: Treebeard', false, 5, 6);
insert into virtual_machines(id, name, archived, organization_id, category_id) values (832, '832: Gandalf the Grey', false, 5, 7);
insert into virtual_machines(id, name, archived, organization_id, category_id) values (833, '833: Legolas', false, 5, 8);
insert into virtual_machines(id, name, archived, organization_id, category_id) values (834, '834: Aragorn', false, 5, 9);
insert into virtual_machines(id, name, archived, organization_id, category_id) values (835, '835: Sauron', false, 5, 10);
insert into virtual_machines(id, name, archived, organization_id, category_id) values (836, '836: Gimli', false, 5, 11);
insert into virtual_machines(id, name, archived, organization_id, category_id) values (837, '837: Sauron', false, 5, 12);
insert into virtual_machines(id, name, archived, organization_id, category_id) values (838, '838: Elrond', false, 5, 13);
insert into virtual_machines(id, name, archived, organization_id, category_id) values (839, '839: Frodo Baggins', false, 5, 14);
insert into virtual_machines(id, name, archived, organization_id, category_id) values (840, '840: Saruman the White', false, 5, 15);
insert into virtual_machines(id, name, archived, organization_id, category_id) values (841, '841: Barliman Butterbur', false, 5, 16);
insert into virtual_machines(id, name, archived, organization_id, category_id) values (842, '842: Éowyn', false, 5, 17);
insert into virtual_machines(id, name, archived, organization_id, category_id) values (843, '843: Grìma Wormtongue', false, 5, 18);
insert into virtual_machines(id, name, archived, organization_id, category_id) values (844, '844: Elrond', false, 5, 19);
insert into virtual_machines(id, name, archived, organization_id, category_id) values (845, '845: Tom Bombadil', false, 5, 20);
insert into virtual_machines(id, name, archived, organization_id, category_id) values (846, '846: Elrond', false, 5, 21);
insert into virtual_machines(id, name, archived, organization_id, category_id) values (847, '847: Elrond', false, 5, 22);
insert into virtual_machines(id, name, archived, organization_id, category_id) values (848, '848: Éowyn', false, 5, 23);
insert into virtual_machines(id, name, archived, organization_id, category_id) values (849, '849: Quickbeam', false, 5, 24);
insert into virtual_machines(id, name, archived, organization_id, category_id) values (850, '850: Grìma Wormtongue', false, 5, 25);
insert into virtual_machines(id, name, archived, organization_id, category_id) values (851, '851: Beregond', false, 5, 1);
insert into virtual_machines(id, name, archived, organization_id, category_id) values (852, '852: Bilbo Baggins', false, 5, 2);
insert into virtual_machines(id, name, archived, organization_id, category_id) values (853, '853: Frodo Baggins', false, 5, 3);
insert into virtual_machines(id, name, archived, organization_id, category_id) values (854, '854: Boromir', false, 5, 4);
insert into virtual_machines(id, name, archived, organization_id, category_id) values (855, '855: Meriadoc Brandybuck', false, 5, 5);
insert into virtual_machines(id, name, archived, organization_id, category_id) values (856, '856: Théoden', false, 5, 6);
insert into virtual_machines(id, name, archived, organization_id, category_id) values (857, '857: Éomer', false, 5, 7);
insert into virtual_machines(id, name, archived, organization_id, category_id) values (858, '858: Tom Bombadil', false, 5, 8);
insert into virtual_machines(id, name, archived, organization_id, category_id) values (859, '859: Arwen Evenstar', false, 5, 9);
insert into virtual_machines(id, name, archived, organization_id, category_id) values (860, '860: Meriadoc Brandybuck', false, 5, 10);
insert into virtual_machines(id, name, archived, organization_id, category_id) values (861, '861: Legolas', false, 5, 11);
insert into virtual_machines(id, name, archived, organization_id, category_id) values (862, '862: Arwen Evenstar', false, 5, 12);
insert into virtual_machines(id, name, archived, organization_id, category_id) values (863, '863: Gandalf the Grey', false, 5, 13);
insert into virtual_machines(id, name, archived, organization_id, category_id) values (864, '864: Samwise Gamgee', false, 5, 14);
insert into virtual_machines(id, name, archived, organization_id, category_id) values (865, '865: Éomer', false, 5, 15);
insert into virtual_machines(id, name, archived, organization_id, category_id) values (866, '866: Gandalf the Grey', false, 5, 16);
insert into virtual_machines(id, name, archived, organization_id, category_id) values (867, '867: Shelob', false, 5, 17);
insert into virtual_machines(id, name, archived, organization_id, category_id) values (868, '868: Gimli', false, 5, 18);
insert into virtual_machines(id, name, archived, organization_id, category_id) values (869, '869: Gollum', false, 5, 19);
insert into virtual_machines(id, name, archived, organization_id, category_id) values (870, '870: Gandalf the Grey', false, 5, 20);
insert into virtual_machines(id, name, archived, organization_id, category_id) values (871, '871: Théoden', false, 5, 21);
insert into virtual_machines(id, name, archived, organization_id, category_id) values (872, '872: Beregond', false, 5, 22);
insert into virtual_machines(id, name, archived, organization_id, category_id) values (873, '873: Théoden', false, 5, 23);
insert into virtual_machines(id, name, archived, organization_id, category_id) values (874, '874: Legolas', false, 5, 24);
insert into virtual_machines(id, name, archived, organization_id, category_id) values (875, '875: Sauron', false, 5, 25);
insert into virtual_machines(id, name, archived, organization_id, category_id) values (876, '876: Barliman Butterbur', false, 5, 1);
insert into virtual_machines(id, name, archived, organization_id, category_id) values (877, '877: Meriadoc Brandybuck', false, 5, 2);
insert into virtual_machines(id, name, archived, organization_id, category_id) values (878, '878: Tom Bombadil', false, 5, 3);
insert into virtual_machines(id, name, archived, organization_id, category_id) values (879, '879: Bilbo Baggins', false, 5, 4);
insert into virtual_machines(id, name, archived, organization_id, category_id) values (880, '880: Samwise Gamgee', false, 5, 5);
insert into virtual_machines(id, name, archived, organization_id, category_id) values (881, '881: Samwise Gamgee', false, 5, 6);
insert into virtual_machines(id, name, archived, organization_id, category_id) values (882, '882: Samwise Gamgee', false, 5, 7);
insert into virtual_machines(id, name, archived, organization_id, category_id) values (883, '883: Shadowfax', false, 5, 8);
insert into virtual_machines(id, name, archived, organization_id, category_id) values (884, '884: Sauron', false, 5, 9);
insert into virtual_machines(id, name, archived, organization_id, category_id) values (885, '885: Gimli', false, 5, 10);
insert into virtual_machines(id, name, archived, organization_id, category_id) values (886, '886: Samwise Gamgee', false, 5, 11);
insert into virtual_machines(id, name, archived, organization_id, category_id) values (887, '887: Elrond', false, 5, 12);
insert into virtual_machines(id, name, archived, organization_id, category_id) values (888, '888: Gollum', false, 5, 13);
insert into virtual_machines(id, name, archived, organization_id, category_id) values (889, '889: Beregond', false, 5, 14);
insert into virtual_machines(id, name, archived, organization_id, category_id) values (890, '890: Tom Bombadil', false, 5, 15);
insert into virtual_machines(id, name, archived, organization_id, category_id) values (891, '891: Shelob', false, 5, 16);
insert into virtual_machines(id, name, archived, organization_id, category_id) values (892, '892: Treebeard', false, 5, 17);
insert into virtual_machines(id, name, archived, organization_id, category_id) values (893, '893: Tom Bombadil', false, 5, 18);
insert into virtual_machines(id, name, archived, organization_id, category_id) values (894, '894: Quickbeam', false, 5, 19);
insert into virtual_machines(id, name, archived, organization_id, category_id) values (895, '895: Arwen Evenstar', false, 5, 20);
insert into virtual_machines(id, name, archived, organization_id, category_id) values (896, '896: Quickbeam', false, 5, 21);
insert into virtual_machines(id, name, archived, organization_id, category_id) values (897, '897: Frodo Baggins', false, 5, 22);
insert into virtual_machines(id, name, archived, organization_id, category_id) values (898, '898: Tom Bombadil', false, 5, 23);
insert into virtual_machines(id, name, archived, organization_id, category_id) values (899, '899: Quickbeam', false, 5, 24);
insert into virtual_machines(id, name, archived, organization_id, category_id) values (900, '900: Gimli', false, 5, 25);
insert into virtual_machines(id, name, archived, organization_id, category_id) values (901, '901: Grìma Wormtongue', false, 5, 1);
insert into virtual_machines(id, name, archived, organization_id, category_id) values (902, '902: Beregond', false, 5, 2);
insert into virtual_machines(id, name, archived, organization_id, category_id) values (903, '903: Legolas', false, 5, 3);
insert into virtual_machines(id, name, archived, organization_id, category_id) values (904, '904: Treebeard', false, 5, 4);
insert into virtual_machines(id, name, archived, organization_id, category_id) values (905, '905: Peregrin Took', false, 5, 5);
insert into virtual_machines(id, name, archived, organization_id, category_id) values (906, '906: Beregond', false, 5, 6);
insert into virtual_machines(id, name, archived, organization_id, category_id) values (907, '907: Gandalf the Grey', false, 5, 7);
insert into virtual_machines(id, name, archived, organization_id, category_id) values (908, '908: Tom Bombadil', false, 5, 8);
insert into virtual_machines(id, name, archived, organization_id, category_id) values (909, '909: Éomer', false, 5, 9);
insert into virtual_machines(id, name, archived, organization_id, category_id) values (910, '910: Treebeard', false, 5, 10);
insert into virtual_machines(id, name, archived, organization_id, category_id) values (911, '911: Bilbo Baggins', false, 5, 11);
insert into virtual_machines(id, name, archived, organization_id, category_id) values (912, '912: Gollum', false, 5, 12);
insert into virtual_machines(id, name, archived, organization_id, category_id) values (913, '913: Sauron', false, 5, 13);
insert into virtual_machines(id, name, archived, organization_id, category_id) values (914, '914: Faramir', false, 5, 14);
insert into virtual_machines(id, name, archived, organization_id, category_id) values (915, '915: Éomer', false, 5, 15);
insert into virtual_machines(id, name, archived, organization_id, category_id) values (916, '916: Gandalf the Grey', false, 5, 16);
insert into virtual_machines(id, name, archived, organization_id, category_id) values (917, '917: Treebeard', false, 5, 17);
insert into virtual_machines(id, name, archived, organization_id, category_id) values (918, '918: Saruman the White', false, 5, 18);
insert into virtual_machines(id, name, archived, organization_id, category_id) values (919, '919: Faramir', false, 5, 19);
insert into virtual_machines(id, name, archived, organization_id, category_id) values (920, '920: Frodo Baggins', false, 5, 20);
insert into virtual_machines(id, name, archived, organization_id, category_id) values (921, '921: Théoden', false, 5, 21);
insert into virtual_machines(id, name, archived, organization_id, category_id) values (922, '922: Aragorn', false, 5, 22);
insert into virtual_machines(id, name, archived, organization_id, category_id) values (923, '923: Théoden', false, 5, 23);
insert into virtual_machines(id, name, archived, organization_id, category_id) values (924, '924: Faramir', false, 5, 24);
insert into virtual_machines(id, name, archived, organization_id, category_id) values (925, '925: Éowyn', false, 5, 25);
insert into virtual_machines(id, name, archived, organization_id, category_id) values (926, '926: Gandalf the Grey', false, 5, 1);
insert into virtual_machines(id, name, archived, organization_id, category_id) values (927, '927: Sauron', false, 5, 2);
insert into virtual_machines(id, name, archived, organization_id, category_id) values (928, '928: Éomer', false, 5, 3);
insert into virtual_machines(id, name, archived, organization_id, category_id) values (929, '929: Frodo Baggins', false, 5, 4);
insert into virtual_machines(id, name, archived, organization_id, category_id) values (930, '930: Shelob', false, 5, 5);
insert into virtual_machines(id, name, archived, organization_id, category_id) values (931, '931: Éomer', false, 5, 6);
insert into virtual_machines(id, name, archived, organization_id, category_id) values (932, '932: Legolas', false, 5, 7);
insert into virtual_machines(id, name, archived, organization_id, category_id) values (933, '933: Faramir', false, 5, 8);
insert into virtual_machines(id, name, archived, organization_id, category_id) values (934, '934: Gimli', false, 5, 9);
insert into virtual_machines(id, name, archived, organization_id, category_id) values (935, '935: Éowyn', false, 5, 10);
insert into virtual_machines(id, name, archived, organization_id, category_id) values (936, '936: Barliman Butterbur', false, 5, 11);
insert into virtual_machines(id, name, archived, organization_id, category_id) values (937, '937: Tom Bombadil', false, 5, 12);
insert into virtual_machines(id, name, archived, organization_id, category_id) values (938, '938: Elrond', false, 5, 13);
insert into virtual_machines(id, name, archived, organization_id, category_id) values (939, '939: Aragorn', false, 5, 14);
insert into virtual_machines(id, name, archived, organization_id, category_id) values (940, '940: Arwen Evenstar', false, 5, 15);
insert into virtual_machines(id, name, archived, organization_id, category_id) values (941, '941: Boromir', false, 5, 16);
insert into virtual_machines(id, name, archived, organization_id, category_id) values (942, '942: Barliman Butterbur', false, 5, 17);
insert into virtual_machines(id, name, archived, organization_id, category_id) values (943, '943: Éomer', false, 5, 18);
insert into virtual_machines(id, name, archived, organization_id, category_id) values (944, '944: Faramir', false, 5, 19);
insert into virtual_machines(id, name, archived, organization_id, category_id) values (945, '945: Éomer', false, 5, 20);
insert into virtual_machines(id, name, archived, organization_id, category_id) values (946, '946: Frodo Baggins', false, 5, 21);
insert into virtual_machines(id, name, archived, organization_id, category_id) values (947, '947: Frodo Baggins', false, 5, 22);
insert into virtual_machines(id, name, archived, organization_id, category_id) values (948, '948: Arwen Evenstar', false, 5, 23);
insert into virtual_machines(id, name, archived, organization_id, category_id) values (949, '949: Peregrin Took', false, 5, 24);
insert into virtual_machines(id, name, archived, organization_id, category_id) values (950, '950: Quickbeam', false, 5, 25);
insert into virtual_machines(id, name, archived, organization_id, category_id) values (951, '951: Barliman Butterbur', false, 5, 1);
insert into virtual_machines(id, name, archived, organization_id, category_id) values (952, '952: Galadriel', false, 5, 2);
insert into virtual_machines(id, name, archived, organization_id, category_id) values (953, '953: Elrond', false, 5, 3);
insert into virtual_machines(id, name, archived, organization_id, category_id) values (954, '954: Éowyn', false, 5, 4);
insert into virtual_machines(id, name, archived, organization_id, category_id) values (955, '955: Aragorn', false, 5, 5);
insert into virtual_machines(id, name, archived, organization_id, category_id) values (956, '956: Samwise Gamgee', false, 5, 6);
insert into virtual_machines(id, name, archived, organization_id, category_id) values (957, '957: Aragorn', false, 5, 7);
insert into virtual_machines(id, name, archived, organization_id, category_id) values (958, '958: Peregrin Took', false, 5, 8);
insert into virtual_machines(id, name, archived, organization_id, category_id) values (959, '959: Denethor', false, 5, 9);
insert into virtual_machines(id, name, archived, organization_id, category_id) values (960, '960: Aragorn', false, 5, 10);
insert into virtual_machines(id, name, archived, organization_id, category_id) values (961, '961: Meriadoc Brandybuck', false, 5, 11);
insert into virtual_machines(id, name, archived, organization_id, category_id) values (962, '962: Meriadoc Brandybuck', false, 5, 12);
insert into virtual_machines(id, name, archived, organization_id, category_id) values (963, '963: Frodo Baggins', false, 5, 13);
insert into virtual_machines(id, name, archived, organization_id, category_id) values (964, '964: Quickbeam', false, 5, 14);
insert into virtual_machines(id, name, archived, organization_id, category_id) values (965, '965: Théoden', false, 5, 15);
insert into virtual_machines(id, name, archived, organization_id, category_id) values (966, '966: Sauron', false, 5, 16);
insert into virtual_machines(id, name, archived, organization_id, category_id) values (967, '967: Shadowfax', false, 5, 17);
insert into virtual_machines(id, name, archived, organization_id, category_id) values (968, '968: Barliman Butterbur', false, 5, 18);
insert into virtual_machines(id, name, archived, organization_id, category_id) values (969, '969: Éomer', false, 5, 19);
insert into virtual_machines(id, name, archived, organization_id, category_id) values (970, '970: Arwen Evenstar', false, 5, 20);
insert into virtual_machines(id, name, archived, organization_id, category_id) values (971, '971: Barliman Butterbur', false, 5, 21);
insert into virtual_machines(id, name, archived, organization_id, category_id) values (972, '972: Arwen Evenstar', false, 5, 22);
insert into virtual_machines(id, name, archived, organization_id, category_id) values (973, '973: Théoden', false, 5, 23);
insert into virtual_machines(id, name, archived, organization_id, category_id) values (974, '974: Samwise Gamgee', false, 5, 24);
insert into virtual_machines(id, name, archived, organization_id, category_id) values (975, '975: Denethor', false, 5, 25);
insert into virtual_machines(id, name, archived, organization_id, category_id) values (976, '976: Arwen Evenstar', false, 5, 1);
insert into virtual_machines(id, name, archived, organization_id, category_id) values (977, '977: Boromir', false, 5, 2);
insert into virtual_machines(id, name, archived, organization_id, category_id) values (978, '978: Peregrin Took', false, 5, 3);
insert into virtual_machines(id, name, archived, organization_id, category_id) values (979, '979: Frodo Baggins', false, 5, 4);
insert into virtual_machines(id, name, archived, organization_id, category_id) values (980, '980: Saruman the White', false, 5, 5);
insert into virtual_machines(id, name, archived, organization_id, category_id) values (981, '981: Legolas', false, 5, 6);
insert into virtual_machines(id, name, archived, organization_id, category_id) values (982, '982: Bilbo Baggins', false, 5, 7);
insert into virtual_machines(id, name, archived, organization_id, category_id) values (983, '983: Shadowfax', false, 5, 8);
insert into virtual_machines(id, name, archived, organization_id, category_id) values (984, '984: Barliman Butterbur', false, 5, 9);
insert into virtual_machines(id, name, archived, organization_id, category_id) values (985, '985: Tom Bombadil', false, 5, 10);
insert into virtual_machines(id, name, archived, organization_id, category_id) values (986, '986: Gollum', false, 5, 11);
insert into virtual_machines(id, name, archived, organization_id, category_id) values (987, '987: Denethor', false, 5, 12);
insert into virtual_machines(id, name, archived, organization_id, category_id) values (988, '988: Peregrin Took', false, 5, 13);
insert into virtual_machines(id, name, archived, organization_id, category_id) values (989, '989: Denethor', false, 5, 14);
insert into virtual_machines(id, name, archived, organization_id, category_id) values (990, '990: Shelob', false, 5, 15);
insert into virtual_machines(id, name, archived, organization_id, category_id) values (991, '991: Arwen Evenstar', false, 5, 16);
insert into virtual_machines(id, name, archived, organization_id, category_id) values (992, '992: Barliman Butterbur', false, 5, 17);
insert into virtual_machines(id, name, archived, organization_id, category_id) values (993, '993: Peregrin Took', false, 5, 18);
insert into virtual_machines(id, name, archived, organization_id, category_id) values (994, '994: Barliman Butterbur', false, 5, 19);
insert into virtual_machines(id, name, archived, organization_id, category_id) values (995, '995: Treebeard', false, 5, 20);
insert into virtual_machines(id, name, archived, organization_id, category_id) values (996, '996: Gandalf the Grey', false, 5, 21);
insert into virtual_machines(id, name, archived, organization_id, category_id) values (997, '997: Samwise Gamgee', false, 5, 22);
insert into virtual_machines(id, name, archived, organization_id, category_id) values (998, '998: Gollum', false, 5, 23);
insert into virtual_machines(id, name, archived, organization_id, category_id) values (999, '999: Grìma Wormtongue', false, 5, 24);
insert into virtual_machines(id, name, archived, organization_id, category_id) values (1000, '1000: Gandalf the Grey', false, 5, 25);
--------------------------------------------------------------------------------------------------------------------------------------------------------------------------------------------------------
--------------------------------------------------------------------------------------------------------------------------------------------------------------------------------------------------------

--------------------------------------------------------------------------------------------------------------------------------------------------------------------------------------------------------
--------------------------------------------------------------------------------------- Altering machine_id_seq ----------------------------------------------------------------------------------------
alter sequence machine_id_seq restart with 1001;
--------------------------------------------------------------------------------------------------------------------------------------------------------------------------------------------------------
--------------------------------------------------------------------------------------------------------------------------------------------------------------------------------------------------------

